ChargeRatio,SeniorCitizen,customerID,Partner,MultipleLines,OnlineBackup,InternetService,MonthlyCharges,tenure,DeviceProtection,StreamingTV,Contract,PaymentMethod,OnlineSecurity,StreamingMovies,TotalCharges,Dependents,PhoneService,InternetSeniorContract,TechSupport,gender,PaperlessBilling,Churn,Pred_Churn,Pred_Churn_Prod
70.25,0,4763-PGDPO,False,No,False,Fiber optic,70.4,4,False,False,Month-to-month,Electronic check,False,False,281.0,False,Yes,Fiber optic0Month-to-month,False,Female,False,Yes,Yes,0.8002577351705114
101.61739130434782,0,2014-MKGMH,False,Yes,False,Fiber optic,101.1,46,True,True,One year,Electronic check,False,True,4674.4,False,Yes,Fiber optic0One year,False,Female,True,No,Yes,0.5966115404553468
20.15,0,1066-JKSGK,False,No,False,No,20.15,1,False,False,Month-to-month,Mailed check,False,False,20.15,False,Yes,No0Month-to-month,False,Male,False,Yes,Yes,0.5431518622143509
99.43064516129031,0,4553-DVPZG,True,Yes,False,Fiber optic,101.35,62,True,True,Month-to-month,Electronic check,False,True,6164.7,False,Yes,Fiber optic0Month-to-month,False,Female,True,No,Yes,0.7642138577230625
99.09,0,8443-WVPSS,True,No,True,Fiber optic,99.85,10,False,True,Month-to-month,Electronic check,False,True,990.9,False,Yes,Fiber optic0Month-to-month,True,Male,True,Yes,Yes,0.8594768106074785
63.78333333333333,0,9048-JVYVF,False,No,False,DSL,69.35,3,False,True,Month-to-month,Electronic check,False,True,191.35,False,Yes,DSL0Month-to-month,True,Male,True,Yes,Yes,0.5213635715143303
20.5,0,4745-LSPLO,False,No,False,No,20.5,1,False,False,Month-to-month,Mailed check,False,False,20.5,False,Yes,No0Month-to-month,False,Male,False,Yes,Yes,0.5309848812959022
50.94576271186441,0,9501-UKKNL,False,No phone service,False,DSL,51.7,59,False,True,Month-to-month,Electronic check,False,True,3005.8,False,No,DSL0Month-to-month,True,Male,True,No,Yes,0.5161759370590919
96.74,0,2507-QZPQS,False,Yes,True,Fiber optic,95.7,15,False,False,Month-to-month,Electronic check,False,True,1451.1,False,Yes,Fiber optic0Month-to-month,True,Male,False,No,Yes,0.673398625982441
40.47083333333333,1,2778-OCLGR,True,No phone service,False,DSL,39.1,24,False,False,Month-to-month,Bank transfer (automatic),True,True,971.3,False,No,DSL1Month-to-month,False,Male,False,Yes,Yes,0.8493557012677863
97.1625,0,2929-ERCFZ,True,No,False,Fiber optic,94.2,8,True,True,Month-to-month,Electronic check,False,True,777.3,True,Yes,Fiber optic0Month-to-month,False,Female,True,Yes,Yes,0.9022787270982585
29.15,0,1816-FLZDK,False,No phone service,False,DSL,29.15,1,False,False,Month-to-month,Mailed check,False,False,29.15,False,No,DSL0Month-to-month,True,Male,False,No,Yes,0.6542848247680196
27.7375,1,5233-GEEAX,False,No phone service,False,DSL,29.4,8,True,False,Month-to-month,Electronic check,False,False,221.9,False,No,DSL1Month-to-month,False,Male,True,Yes,Yes,0.7895191571930805
20.9,0,7243-LCGGZ,False,No,False,No,20.9,1,False,False,Month-to-month,Mailed check,False,False,20.9,False,Yes,No0Month-to-month,False,Female,False,No,Yes,0.5395912225317142
29.525,0,4030-VPZBD,False,No phone service,False,DSL,30.9,2,False,False,Month-to-month,Electronic check,False,False,59.05,False,No,DSL0Month-to-month,True,Female,True,Yes,Yes,0.8112852167751922
81.1,0,4614-NUVZD,False,No,False,Fiber optic,81.1,1,False,False,Month-to-month,Electronic check,False,True,81.1,False,Yes,Fiber optic0Month-to-month,False,Female,True,Yes,Yes,0.932188600261032
51.751999999999995,0,7895-VONWT,False,No phone service,False,DSL,48.25,25,True,True,Month-to-month,Electronic check,False,True,1293.8,False,No,DSL0Month-to-month,False,Female,True,No,Yes,0.7087473319792232
90.83846153846154,0,9172-JITSM,True,No,False,Fiber optic,90.8,26,False,True,Month-to-month,Electronic check,False,True,2361.8,True,Yes,Fiber optic0Month-to-month,False,Female,True,Yes,Yes,0.7189731547188688
84.35357142857143,0,8337-MSSXB,False,No,True,Fiber optic,86.3,14,False,False,Month-to-month,Electronic check,False,True,1180.95,False,Yes,Fiber optic0Month-to-month,False,Female,True,Yes,Yes,0.7398271956225645
19.9,0,4800-VHZKI,False,No,False,No,19.9,1,False,False,Month-to-month,Mailed check,False,False,19.9,False,Yes,No0Month-to-month,False,Female,True,Yes,Yes,0.613846858766465
101.43125,0,6728-DKUCO,True,Yes,True,Fiber optic,104.15,72,False,True,One year,Electronic check,True,True,7303.05,True,Yes,Fiber optic0One year,False,Female,True,No,Yes,0.5226757161555307
72.73863636363636,0,5175-WLYXL,False,Yes,True,Fiber optic,78.85,22,False,False,Month-to-month,Mailed check,False,False,1600.25,False,Yes,Fiber optic0Month-to-month,False,Male,True,No,Yes,0.628254598229364
26.31216216216216,0,3285-UCQVC,False,No phone service,False,DSL,28.6,37,False,False,Month-to-month,Credit card (automatic),False,False,973.55,False,No,DSL0Month-to-month,True,Female,False,Yes,Yes,0.516005809909657
90.86666666666667,0,4587-VVTOX,True,Yes,True,Fiber optic,105.3,6,True,True,Month-to-month,Electronic check,False,True,545.2,False,Yes,Fiber optic0Month-to-month,False,Female,True,Yes,Yes,0.9541418532372256
76.09444444444445,0,5928-QLDHB,False,Yes,False,Fiber optic,76.25,9,False,False,Month-to-month,Electronic check,False,False,684.85,False,Yes,Fiber optic0Month-to-month,False,Male,True,No,Yes,0.8561750981922965
98.52540983606558,0,0310-MVLET,True,Yes,True,Fiber optic,99.15,61,False,True,Month-to-month,Electronic check,False,True,6010.05,True,Yes,Fiber optic0Month-to-month,False,Female,True,Yes,Yes,0.7063014962630064
74.45,1,0723-DRCLG,True,Yes,False,Fiber optic,74.45,1,False,False,Month-to-month,Electronic check,False,False,74.45,False,Yes,Fiber optic1Month-to-month,False,Female,True,Yes,Yes,0.9516031008156347
45.13333333333333,0,3144-AUDBS,True,No,False,DSL,49.15,6,False,False,Month-to-month,Electronic check,False,False,270.8,False,Yes,DSL0Month-to-month,True,Female,True,Yes,Yes,0.6968343866505933
23.2,0,4236-UJPWO,False,No phone service,False,DSL,24.5,2,False,False,Month-to-month,Electronic check,False,False,46.4,False,No,DSL0Month-to-month,False,Female,False,No,Yes,0.7014441412623621
83.29302325581395,0,7868-BGSZA,True,Yes,False,DSL,80.2,43,True,True,One year,Electronic check,True,True,3581.6,False,Yes,DSL0One year,False,Male,True,No,Yes,0.5041178957478126
56.833333333333336,0,0411-EZJZE,False,Yes,False,DSL,60.25,3,False,True,Month-to-month,Electronic check,False,False,170.5,False,Yes,DSL0Month-to-month,False,Female,True,No,Yes,0.7771326822502955
20.1,0,1000-AJSLD,False,No,False,No,20.1,1,False,False,Month-to-month,Mailed check,False,False,20.1,False,Yes,No0Month-to-month,False,Male,True,Yes,Yes,0.5845051844140896
70.6,0,5940-AHUHD,False,No,False,Fiber optic,70.6,1,False,False,Month-to-month,Mailed check,False,False,70.6,False,Yes,Fiber optic0Month-to-month,False,Male,False,Yes,Yes,0.7908277365894112
20.25,0,2876-VBBBL,False,No,False,No,20.25,1,False,False,Month-to-month,Mailed check,False,False,20.25,False,Yes,No0Month-to-month,False,Female,True,Yes,Yes,0.6031410619955062
85.0,0,1628-BIZYP,False,No,True,Fiber optic,85.0,1,False,False,Month-to-month,Electronic check,False,True,85.0,False,Yes,Fiber optic0Month-to-month,False,Male,True,No,Yes,0.9120309258806479
74.76388888888889,0,7801-KICAO,False,Yes,False,Fiber optic,74.15,18,False,False,Month-to-month,Electronic check,False,False,1345.75,False,Yes,Fiber optic0Month-to-month,False,Female,True,No,Yes,0.8194379930099299
28.36875,0,7421-ZLUPA,False,No phone service,True,DSL,29.25,8,False,False,Month-to-month,Mailed check,False,False,226.95,False,No,DSL0Month-to-month,False,Female,True,No,Yes,0.5408633175270691
44.9625,1,2277-VWCNI,False,Yes,False,DSL,48.75,4,False,False,Month-to-month,Mailed check,False,False,179.85,False,Yes,DSL1Month-to-month,False,Female,False,No,Yes,0.7355544285799528
82.7,1,2761-OCIAX,False,No,True,Fiber optic,74.7,2,False,False,Month-to-month,Electronic check,False,False,165.4,False,Yes,Fiber optic1Month-to-month,False,Male,True,Yes,Yes,0.8925803346726385
91.19302325581396,0,8597-CWYHH,False,Yes,False,Fiber optic,94.35,43,False,True,One year,Mailed check,False,True,3921.3,False,Yes,Fiber optic0One year,False,Male,False,No,Yes,0.6070034805403126
49.25,0,1763-WQFUK,False,No,False,DSL,50.5,3,False,False,Month-to-month,Mailed check,False,False,147.75,False,Yes,DSL0Month-to-month,True,Male,True,No,Yes,0.6316312521055578
44.0,0,1942-OQFRW,False,No,False,DSL,44.0,1,False,False,Month-to-month,Electronic check,False,False,44.0,False,Yes,DSL0Month-to-month,False,Male,False,No,Yes,0.7496635915819588
75.0,0,8325-QRPZR,False,No,False,Fiber optic,75.15,7,True,False,Month-to-month,Electronic check,False,False,525.0,False,Yes,Fiber optic0Month-to-month,False,Female,True,No,Yes,0.8370172564228628
107.34779411764706,1,9090-SGQXL,True,Yes,True,Fiber optic,105.3,68,True,True,Month-to-month,Electronic check,False,True,7299.65,False,Yes,Fiber optic1Month-to-month,False,Male,True,Yes,Yes,0.6759801861899587
75.1,0,1452-VOQCH,False,Yes,False,Fiber optic,75.1,1,False,False,Month-to-month,Electronic check,False,False,75.1,False,Yes,Fiber optic0Month-to-month,False,Male,True,No,Yes,0.9433249071305498
82.05,1,4115-NZRKS,False,No,False,Fiber optic,89.15,7,False,True,Month-to-month,Electronic check,False,True,574.35,False,Yes,Fiber optic1Month-to-month,False,Female,True,No,Yes,0.8890520829200457
91.30416666666667,0,1513-XNPPH,False,No,False,Fiber optic,89.4,12,True,False,Month-to-month,Electronic check,False,True,1095.65,False,Yes,Fiber optic0Month-to-month,True,Female,True,Yes,Yes,0.7272327966599531
83.55,0,8837-VVWLQ,False,No,False,Fiber optic,84.95,8,False,True,Month-to-month,Electronic check,True,False,668.4,False,Yes,Fiber optic0Month-to-month,False,Female,False,Yes,Yes,0.7074013333324324
25.25,0,2209-XADXF,False,No phone service,False,DSL,25.25,1,False,False,Month-to-month,Bank transfer (automatic),False,False,25.25,False,No,DSL0Month-to-month,False,Female,False,No,Yes,0.6596167494074694
77.57090909090908,0,3537-HPKQT,True,Yes,True,Fiber optic,77.75,55,False,False,Month-to-month,Credit card (automatic),False,False,4266.4,False,Yes,Fiber optic0Month-to-month,False,Female,True,No,Yes,0.5293862534492166
79.15588235294118,0,7129-CAKJW,False,Yes,False,Fiber optic,80.05,17,True,False,Month-to-month,Bank transfer (automatic),False,False,1345.65,False,Yes,Fiber optic0Month-to-month,False,Female,False,No,Yes,0.6453697371288781
74.05357142857143,1,9685-WKZGT,False,Yes,False,Fiber optic,74.95,14,False,False,Month-to-month,Electronic check,False,False,1036.75,False,Yes,Fiber optic1Month-to-month,False,Male,True,Yes,Yes,0.8532487541862483
85.86666666666667,0,3370-HXOPH,False,Yes,False,Fiber optic,76.1,3,False,False,Month-to-month,Electronic check,False,False,257.6,False,Yes,Fiber optic0Month-to-month,False,Female,False,No,Yes,0.9073166086189473
54.65,0,0674-EYYZV,False,No,False,DSL,54.65,1,False,True,Month-to-month,Electronic check,False,False,54.65,False,Yes,DSL0Month-to-month,False,Female,True,No,Yes,0.8206739375874609
37.825,0,2108-YKQTY,False,No,True,DSL,50.7,4,False,False,Month-to-month,Credit card (automatic),False,False,151.3,False,Yes,DSL0Month-to-month,False,Female,False,Yes,Yes,0.7244364112661503
85.55,0,0235-KGSLC,False,No,False,Fiber optic,85.55,1,True,True,Month-to-month,Credit card (automatic),False,False,85.55,False,Yes,Fiber optic0Month-to-month,False,Female,True,Yes,Yes,0.9232742321390368
85.88666666666667,1,7508-SMHXL,False,Yes,True,Fiber optic,89.0,15,False,True,Month-to-month,Credit card (automatic),False,False,1288.3,False,Yes,Fiber optic1Month-to-month,False,Female,False,No,Yes,0.6401545924659204
66.94375,0,8584-KMVXD,False,No,True,Fiber optic,75.6,8,False,False,Month-to-month,Electronic check,False,False,535.55,False,Yes,Fiber optic0Month-to-month,False,Female,False,No,Yes,0.6925048697359781
99.1159090909091,0,9927-DSWDF,True,No,True,Fiber optic,104.6,22,False,True,Month-to-month,Electronic check,True,True,2180.55,False,Yes,Fiber optic0Month-to-month,True,Male,True,No,Yes,0.6931528439827074
45.15833333333333,0,5027-XWQHA,False,No,False,DSL,44.75,6,False,False,Month-to-month,Electronic check,False,False,270.95,False,Yes,DSL0Month-to-month,False,Male,False,Yes,Yes,0.6199511088329115
83.41,0,1342-JPNKI,False,Yes,False,Fiber optic,86.05,10,False,True,Month-to-month,Bank transfer (automatic),False,False,834.1,False,Yes,Fiber optic0Month-to-month,False,Male,True,Yes,Yes,0.8267870453826279
80.4375,1,0722-TROQR,False,Yes,False,Fiber optic,74.9,4,False,False,Month-to-month,Electronic check,False,False,321.75,False,Yes,Fiber optic1Month-to-month,False,Female,True,Yes,Yes,0.9418911001045264
101.5975,0,3211-AAPKX,False,Yes,False,Fiber optic,98.55,20,False,True,Month-to-month,Mailed check,False,True,2031.95,False,Yes,Fiber optic0Month-to-month,True,Male,True,No,Yes,0.7656018306574546
26.483333333333334,0,3538-WZPHD,False,No phone service,True,DSL,29.6,3,False,False,Month-to-month,Electronic check,False,False,79.45,False,No,DSL0Month-to-month,False,Male,True,Yes,Yes,0.7504826144896336
20.0,0,7698-YFGEZ,False,No,False,No,20.0,1,False,False,Month-to-month,Mailed check,False,False,20.0,False,Yes,No0Month-to-month,False,Male,False,No,Yes,0.5479274782694803
37.8,0,1142-WACZW,False,No phone service,False,DSL,29.85,2,False,False,Month-to-month,Bank transfer (automatic),False,False,75.6,False,No,DSL0Month-to-month,True,Male,False,Yes,Yes,0.5436586977091853
77.87857142857142,1,3070-DVEYC,False,Yes,False,Fiber optic,73.75,7,False,False,Month-to-month,Mailed check,False,False,545.15,False,Yes,Fiber optic1Month-to-month,False,Male,False,Yes,Yes,0.8384898730526401
90.55588235294118,0,6413-XKKPU,True,No,False,Fiber optic,89.4,17,True,True,Month-to-month,Electronic check,True,False,1539.45,True,Yes,Fiber optic0Month-to-month,False,Male,True,Yes,Yes,0.6882075664056828
106.30416666666667,0,7145-FEJWU,False,Yes,True,Fiber optic,105.3,12,True,True,Month-to-month,Electronic check,False,True,1275.65,True,Yes,Fiber optic0Month-to-month,False,Female,True,No,Yes,0.9226981125657139
35.05,0,3751-KTZEL,False,No phone service,False,DSL,35.05,1,False,False,Month-to-month,Mailed check,False,True,35.05,False,No,DSL0Month-to-month,False,Female,False,Yes,Yes,0.7902927817409366
79.79565217391304,1,2070-XYMFH,False,Yes,False,Fiber optic,79.35,23,True,False,Month-to-month,Mailed check,False,False,1835.3,False,Yes,Fiber optic1Month-to-month,False,Female,True,No,Yes,0.7402964150852769
102.49000000000001,0,7548-SEPYI,False,No,True,Fiber optic,96.25,5,False,True,Month-to-month,Electronic check,False,True,512.45,False,Yes,Fiber optic0Month-to-month,False,Female,True,Yes,Yes,0.929844378010251
102.82750000000001,0,4289-DTDKW,True,Yes,True,Fiber optic,101.3,40,False,True,Month-to-month,Electronic check,False,True,4113.1,False,Yes,Fiber optic0Month-to-month,False,Male,True,Yes,Yes,0.8195914305765383
48.00666666666667,0,7876-BEUTG,False,Yes,False,DSL,48.8,15,False,False,Month-to-month,Mailed check,False,False,720.1,False,Yes,DSL0Month-to-month,False,Female,True,No,Yes,0.5605510315121359
25.151315789473685,1,4282-ACRXS,True,No phone service,False,DSL,24.85,38,False,False,Month-to-month,Electronic check,False,False,955.75,False,No,DSL1Month-to-month,False,Male,True,No,Yes,0.552099076897679
35.45,0,3091-FYHKI,False,No phone service,False,DSL,35.45,1,False,False,Month-to-month,Electronic check,False,True,35.45,False,No,DSL0Month-to-month,False,Male,True,Yes,Yes,0.874042383133788
76.525,0,4512-ZUIYL,False,No,False,Fiber optic,70.0,2,False,False,Month-to-month,Bank transfer (automatic),False,False,153.05,False,Yes,Fiber optic0Month-to-month,False,Female,False,Yes,Yes,0.8063328666390358
21.13888888888889,0,1335-NTIUC,False,No phone service,False,DSL,24.95,9,False,False,Month-to-month,Electronic check,False,False,190.25,False,No,DSL0Month-to-month,False,Male,True,No,Yes,0.5854111917463961
43.64891304347826,0,9281-PKKZE,True,No phone service,False,DSL,43.95,46,False,True,Month-to-month,Electronic check,False,True,2007.85,False,No,DSL0Month-to-month,False,Female,True,No,Yes,0.6607008398736695
87.94736842105263,0,1024-KPRBB,False,No,False,Fiber optic,89.1,38,False,True,One year,Mailed check,False,True,3342.0,False,Yes,Fiber optic0One year,False,Female,True,No,Yes,0.5764273122209225
90.8,0,4626-GYCZP,False,Yes,False,Fiber optic,93.85,7,False,True,Month-to-month,Electronic check,False,True,635.6,False,Yes,Fiber optic0Month-to-month,False,Male,True,Yes,Yes,0.9230782100044052
74.68333333333334,1,4086-YQSNZ,True,No,False,Fiber optic,80.4,3,False,True,Month-to-month,Electronic check,False,False,224.05,False,Yes,Fiber optic1Month-to-month,False,Female,True,Yes,Yes,0.9174010537090457
47.7625,0,3859-CVCET,False,No,False,DSL,45.65,4,False,False,Month-to-month,Mailed check,False,False,191.05,False,Yes,DSL0Month-to-month,False,Female,False,Yes,Yes,0.5690050510084355
104.626,0,8033-VCZGH,True,Yes,False,Fiber optic,103.95,50,True,True,One year,Electronic check,True,True,5231.3,False,Yes,Fiber optic0One year,False,Male,True,No,Yes,0.5347769293914327
53.5,0,2386-LAHRK,False,No,False,DSL,53.5,1,False,True,Month-to-month,Mailed check,False,False,53.5,False,Yes,DSL0Month-to-month,False,Male,True,Yes,Yes,0.7371124082584276
87.475,0,0524-IAVZO,True,Yes,False,Fiber optic,85.0,30,False,False,Month-to-month,Electronic check,False,True,2624.25,False,Yes,Fiber optic0Month-to-month,False,Female,True,Yes,Yes,0.731058493310261
92.63260869565218,1,2811-POVEX,True,No,True,Fiber optic,88.45,23,True,False,Month-to-month,Bank transfer (automatic),False,True,2130.55,True,Yes,Fiber optic1Month-to-month,False,Female,True,No,Yes,0.7101112262558013
25.1,0,5349-AZPEW,True,No phone service,False,DSL,25.05,5,False,False,Month-to-month,Mailed check,False,False,125.5,True,No,DSL0Month-to-month,False,Female,False,No,Yes,0.5157143503643811
115.39583333333333,0,1583-IHQZE,False,Yes,True,Fiber optic,112.95,12,True,True,Month-to-month,Mailed check,False,True,1384.75,False,Yes,Fiber optic0Month-to-month,True,Male,True,Yes,Yes,0.7159476042178051
107.8609375,0,2722-VOJQL,False,Yes,True,Fiber optic,105.65,64,False,True,One year,Credit card (automatic),False,True,6903.1,False,Yes,Fiber optic0One year,True,Male,True,Yes,Yes,0.5112621627528997
100.99000000000001,0,2623-DRYAM,True,Yes,False,Fiber optic,101.75,70,True,True,One year,Electronic check,False,True,7069.3,False,Yes,Fiber optic0One year,False,Female,True,No,Yes,0.5620204138239818
84.6,0,4572-DVCGN,False,No,False,Fiber optic,80.25,10,False,False,Month-to-month,Bank transfer (automatic),False,True,846.0,False,Yes,Fiber optic0Month-to-month,False,Female,True,Yes,Yes,0.7788025083706901
93.48166666666665,0,3976-BWUCK,True,Yes,True,Fiber optic,94.1,30,False,True,Month-to-month,Credit card (automatic),False,False,2804.45,False,Yes,Fiber optic0Month-to-month,True,Female,True,Yes,Yes,0.6094316366812136
73.24375,1,8808-ELEHO,False,Yes,False,Fiber optic,81.25,8,True,False,Month-to-month,Electronic check,False,False,585.95,False,Yes,Fiber optic1Month-to-month,False,Male,True,Yes,Yes,0.9293434970440193
79.36666666666666,0,2800-VEQXM,False,No,False,Fiber optic,74.75,3,True,False,Month-to-month,Mailed check,False,False,238.1,False,Yes,Fiber optic0Month-to-month,False,Female,True,No,Yes,0.8550984916562844
82.8,0,3071-VBYPO,True,No,True,Fiber optic,89.85,3,False,True,Month-to-month,Electronic check,True,False,248.4,True,Yes,Fiber optic0Month-to-month,False,Male,False,No,Yes,0.7512426581625655
69.73333333333333,0,2079-FBMZK,False,No,False,Fiber optic,69.25,6,False,False,Month-to-month,Mailed check,False,False,418.4,False,Yes,Fiber optic0Month-to-month,False,Female,True,Yes,Yes,0.7548732129625653
45.8,0,5133-POWUA,False,No,False,DSL,45.8,1,False,False,Month-to-month,Mailed check,False,False,45.8,False,Yes,DSL0Month-to-month,False,Male,True,No,Yes,0.7099465497906237
95.575,1,5565-FILXA,False,Yes,False,Fiber optic,96.15,16,False,True,Month-to-month,Electronic check,False,True,1529.2,False,Yes,Fiber optic1Month-to-month,False,Female,True,Yes,Yes,0.8763533883183466
74.73571428571428,0,2026-TGDHM,False,No,False,Fiber optic,79.3,7,False,False,Month-to-month,Electronic check,False,True,523.15,False,Yes,Fiber optic0Month-to-month,False,Female,True,Yes,Yes,0.8520469516298055
103.2375,1,2357-COQEK,False,Yes,False,Fiber optic,103.3,28,True,True,Month-to-month,Electronic check,False,True,2890.65,False,Yes,Fiber optic1Month-to-month,True,Female,True,Yes,Yes,0.7704455301094195
79.04418604651163,0,3503-TYDAY,True,Yes,True,Fiber optic,80.45,43,False,False,Month-to-month,Electronic check,False,False,3398.9,False,Yes,Fiber optic0Month-to-month,False,Female,False,No,Yes,0.5909134444768572
107.34285714285713,0,5519-YLDGW,True,Yes,False,Fiber optic,103.9,21,True,True,Month-to-month,Electronic check,True,True,2254.2,False,Yes,Fiber optic0Month-to-month,False,Female,True,Yes,Yes,0.8440685575396509
77.1576923076923,1,9355-NPPFS,False,No,False,Fiber optic,78.8,26,False,False,Month-to-month,Electronic check,False,True,2006.1,False,Yes,Fiber optic1Month-to-month,False,Female,True,No,Yes,0.7905692942009436
81.075,0,4806-KEXQR,False,No,False,Fiber optic,79.9,4,False,False,Month-to-month,Electronic check,False,True,324.3,False,Yes,Fiber optic0Month-to-month,False,Male,True,Yes,Yes,0.8896418104623073
105.38360655737705,0,6804-GDMOI,False,Yes,False,Fiber optic,106.6,61,True,True,Two year,Electronic check,False,True,6428.4,False,Yes,Fiber optic0Two year,True,Female,True,Yes,Yes,0.5536473916919028
79.25,1,8258-GSTJK,False,Yes,False,Fiber optic,77.0,3,False,False,Month-to-month,Electronic check,False,False,237.75,False,Yes,Fiber optic1Month-to-month,False,Male,True,Yes,Yes,0.9445854811140119
83.88666666666667,1,2774-LVQUS,True,Yes,False,Fiber optic,83.05,15,True,False,Month-to-month,Electronic check,False,False,1258.3,False,Yes,Fiber optic1Month-to-month,True,Female,True,Yes,Yes,0.7666712549976281
29.5625,1,0928-JMXNP,True,No phone service,False,DSL,29.9,4,True,False,Month-to-month,Electronic check,False,False,118.25,False,No,DSL1Month-to-month,False,Male,True,No,Yes,0.8391074631522293
82.16666666666667,0,4587-NUKOX,False,No,True,Fiber optic,79.1,3,False,False,Month-to-month,Electronic check,True,False,246.5,False,Yes,Fiber optic0Month-to-month,False,Female,True,Yes,Yes,0.8370623268141508
110.7125,1,5419-CONWX,False,No,True,Fiber optic,99.8,4,True,True,Month-to-month,Credit card (automatic),False,True,442.85,False,Yes,Fiber optic1Month-to-month,False,Female,True,Yes,Yes,0.9647082530840502
34.12,0,2894-QOJRX,True,No phone service,False,DSL,34.0,25,False,True,Month-to-month,Bank transfer (automatic),False,False,853.0,False,No,DSL0Month-to-month,False,Female,True,Yes,Yes,0.5431744841303549
88.8,1,3068-OMWZA,False,Yes,False,Fiber optic,88.8,1,True,True,Month-to-month,Electronic check,False,False,88.8,False,Yes,Fiber optic1Month-to-month,False,Male,True,Yes,Yes,0.9170192587424435
25.2,1,1768-ZAIFU,False,No phone service,False,DSL,25.2,1,False,False,Month-to-month,Electronic check,False,False,25.2,False,No,DSL1Month-to-month,False,Female,True,Yes,Yes,0.9681480988978268
81.39318181818182,0,9779-DPNEJ,True,No,False,Fiber optic,80.15,22,False,False,Month-to-month,Electronic check,False,True,1790.65,True,Yes,Fiber optic0Month-to-month,False,Female,True,No,Yes,0.7168388372710082
104.62741935483871,0,4077-CROMM,True,Yes,False,Fiber optic,104.2,31,True,True,Month-to-month,Electronic check,False,True,3243.45,True,Yes,Fiber optic0Month-to-month,True,Female,True,Yes,Yes,0.783555244655064
87.4,0,3158-MOERK,False,Yes,False,Fiber optic,96.0,2,False,True,Month-to-month,Electronic check,False,True,174.8,False,Yes,Fiber optic0Month-to-month,False,Female,True,Yes,Yes,0.9616670592689871
43.593333333333334,0,4459-BBGHE,False,No phone service,False,DSL,44.5,30,False,True,Month-to-month,Electronic check,False,True,1307.8,True,No,DSL0Month-to-month,False,Male,True,No,Yes,0.7336801293255583
54.575,0,7318-EIVKO,False,Yes,False,DSL,59.25,8,False,True,Month-to-month,Electronic check,False,False,436.6,False,Yes,DSL0Month-to-month,False,Male,True,No,Yes,0.6627580820821253
24.4,0,3439-GVUSX,False,No phone service,False,DSL,24.4,1,False,False,Month-to-month,Mailed check,False,False,24.4,False,No,DSL0Month-to-month,False,Male,False,No,Yes,0.600201705086414
84.6,0,4912-PIGUY,False,Yes,False,Fiber optic,84.6,1,False,True,Month-to-month,Electronic check,False,False,84.6,False,Yes,Fiber optic0Month-to-month,False,Female,True,No,Yes,0.9625407856823778
82.81590909090909,0,9167-APMXZ,False,Yes,False,Fiber optic,84.15,22,False,True,Month-to-month,Bank transfer (automatic),False,False,1821.95,False,Yes,Fiber optic0Month-to-month,False,Female,True,No,Yes,0.754928037160802
80.2625,0,4652-NNHNY,True,Yes,False,Fiber optic,73.85,16,False,False,Month-to-month,Bank transfer (automatic),False,False,1284.2,False,Yes,Fiber optic0Month-to-month,False,Male,True,Yes,Yes,0.780476435968258
75.33333333333333,0,9274-UARKJ,False,No,True,Fiber optic,83.2,15,False,True,Month-to-month,Bank transfer (automatic),False,False,1130.0,False,Yes,Fiber optic0Month-to-month,False,Female,True,No,Yes,0.724862821530189
97.55,1,1891-UAWWU,True,Yes,False,Fiber optic,90.8,20,True,True,Month-to-month,Electronic check,False,False,1951.0,False,Yes,Fiber optic1Month-to-month,False,Female,False,Yes,Yes,0.8511566136097002
52.73375,1,2460-FPSYH,False,No phone service,True,DSL,55.8,40,False,True,Month-to-month,Electronic check,True,True,2109.35,False,No,DSL1Month-to-month,False,Female,True,Yes,Yes,0.8216498897509456
103.32121212121211,0,5219-YIPTK,True,Yes,True,Fiber optic,104.4,33,True,True,Month-to-month,Electronic check,False,True,3409.6,False,Yes,Fiber optic0Month-to-month,False,Female,True,Yes,Yes,0.8468219838278915
85.19411764705882,0,5153-RTHKF,False,Yes,False,Fiber optic,85.35,34,False,True,Month-to-month,Electronic check,False,False,2896.6,False,Yes,Fiber optic0Month-to-month,False,Female,False,No,Yes,0.6757170944170601
107.07142857142857,1,1104-TNLZA,True,Yes,True,Fiber optic,105.8,28,False,True,Month-to-month,Electronic check,False,True,2998.0,False,Yes,Fiber optic1Month-to-month,True,Male,True,No,Yes,0.7678779345121945
68.78999999999999,1,0495-ZBNGW,True,Yes,False,Fiber optic,79.9,5,True,False,Month-to-month,Bank transfer (automatic),False,False,343.95,False,Yes,Fiber optic1Month-to-month,False,Male,True,Yes,Yes,0.9234962492980208
44.05,0,9348-YVOMK,False,No,False,DSL,44.8,4,False,False,Month-to-month,Credit card (automatic),False,False,176.2,False,Yes,DSL0Month-to-month,False,Male,True,No,Yes,0.6734457168951062
41.07272727272727,0,8205-OTCHB,False,No phone service,True,DSL,43.75,22,True,False,One year,Bank transfer (automatic),False,True,903.6,False,No,DSL0One year,False,Male,True,Yes,Yes,0.5852813724864978
69.9,0,1062-LHZOD,True,No,False,Fiber optic,69.9,1,False,False,Month-to-month,Mailed check,False,False,69.9,True,Yes,Fiber optic0Month-to-month,False,Male,True,Yes,Yes,0.8524474849835233
108.08333333333333,0,8800-ZKRFW,True,Yes,True,Fiber optic,107.5,30,True,True,Month-to-month,Electronic check,False,True,3242.5,True,Yes,Fiber optic0Month-to-month,True,Female,True,No,Yes,0.7469878413306953
99.7795918367347,0,3545-CNWRG,True,Yes,True,Fiber optic,98.35,49,False,True,Month-to-month,Electronic check,False,True,4889.2,True,Yes,Fiber optic0Month-to-month,False,Female,True,No,Yes,0.6857956229009955
80.4,0,1597-FZREH,False,No,False,DSL,76.4,2,True,True,Month-to-month,Electronic check,False,True,160.8,False,Yes,DSL0Month-to-month,True,Female,False,Yes,Yes,0.6460288356114261
71.225,0,8120-JDCAM,True,No,False,Fiber optic,69.55,4,False,False,Month-to-month,Mailed check,False,False,284.9,True,Yes,Fiber optic0Month-to-month,False,Male,True,No,Yes,0.7845155957674664
70.15,0,2619-WFQWU,False,No,False,Fiber optic,70.15,1,False,False,Month-to-month,Mailed check,False,False,70.15,False,Yes,Fiber optic0Month-to-month,False,Female,True,Yes,Yes,0.8688507814396226
50.15,0,0374-AACSZ,False,No,False,DSL,50.15,1,False,False,Month-to-month,Electronic check,True,False,50.15,False,Yes,DSL0Month-to-month,False,Female,False,No,Yes,0.7537124519919023
81.53636363636363,0,6330-JKLPC,True,Yes,True,Fiber optic,80.5,11,False,False,Month-to-month,Bank transfer (automatic),False,False,896.9,False,Yes,Fiber optic0Month-to-month,False,Male,True,Yes,Yes,0.7710252175354554
102.01388888888889,1,7240-FQLHE,True,Yes,False,Fiber optic,99.75,18,False,True,Month-to-month,Bank transfer (automatic),False,True,1836.25,False,Yes,Fiber optic1Month-to-month,True,Female,False,Yes,Yes,0.780837707641887
109.64189189189189,1,9710-ZUSHQ,False,Yes,True,Fiber optic,106.75,37,False,True,Month-to-month,Bank transfer (automatic),True,True,4056.75,False,Yes,Fiber optic1Month-to-month,False,Female,True,Yes,Yes,0.6528919706817305
55.27272727272727,0,9530-EHPOH,False,Yes,False,DSL,53.75,11,True,False,Month-to-month,Electronic check,False,False,608.0,False,Yes,DSL0Month-to-month,False,Male,False,Yes,Yes,0.6168570340805217
69.46000000000001,1,6927-WTFIV,False,No,False,Fiber optic,71.3,20,False,False,Month-to-month,Credit card (automatic),False,False,1389.2,False,Yes,Fiber optic1Month-to-month,False,Male,False,Yes,Yes,0.5279573754634387
93.57368421052632,1,9190-MFJLN,False,No,False,Fiber optic,95.9,19,True,True,Month-to-month,Credit card (automatic),False,True,1777.9,False,Yes,Fiber optic1Month-to-month,False,Male,True,Yes,Yes,0.6690598938441121
55.85,0,9415-TPKRV,True,Yes,True,DSL,55.75,8,False,False,Month-to-month,Electronic check,False,False,446.8,True,Yes,DSL0Month-to-month,False,Female,False,No,Yes,0.5639237180473109
92.10833333333333,0,3462-BJQQA,False,Yes,True,Fiber optic,89.75,6,False,True,Month-to-month,Electronic check,False,False,552.65,False,Yes,Fiber optic0Month-to-month,False,Female,True,No,Yes,0.9182721696091497
39.93333333333333,0,9026-LHEVG,False,No phone service,True,DSL,40.75,9,False,False,Month-to-month,Electronic check,False,True,359.4,False,No,DSL0Month-to-month,False,Female,False,No,Yes,0.6943896737094768
67.175,0,3415-TAILE,True,No,False,DSL,65.7,2,False,True,Month-to-month,Mailed check,False,True,134.35,True,Yes,DSL0Month-to-month,False,Female,False,Yes,Yes,0.5681588338990587
97.56944444444444,0,1472-TNCWL,False,No,True,Fiber optic,94.7,36,False,True,Month-to-month,Electronic check,False,True,3512.5,True,Yes,Fiber optic0Month-to-month,False,Male,True,No,Yes,0.6848907639461713
45.3,0,1963-SVUCV,False,No,False,DSL,45.3,1,False,False,Month-to-month,Electronic check,False,False,45.3,False,Yes,DSL0Month-to-month,False,Male,False,Yes,Yes,0.7492015775663071
92.05434782608695,1,6507-ZJSUR,True,No,False,Fiber optic,90.45,23,False,True,Month-to-month,Electronic check,False,True,2117.25,False,Yes,Fiber optic1Month-to-month,False,Male,True,No,Yes,0.7620850273094356
70.05,0,3494-JCHRQ,False,No,False,Fiber optic,70.05,1,False,False,Month-to-month,Electronic check,False,False,70.05,False,Yes,Fiber optic0Month-to-month,False,Male,True,Yes,Yes,0.9036467430910403
79.35,0,2754-XBHTB,False,No,False,Fiber optic,77.65,9,False,True,Month-to-month,Bank transfer (automatic),False,False,714.15,False,Yes,Fiber optic0Month-to-month,False,Female,True,Yes,Yes,0.8341815075839425
85.8,0,3049-NDXFL,False,Yes,False,Fiber optic,85.8,1,False,False,Month-to-month,Mailed check,False,True,85.8,False,Yes,Fiber optic0Month-to-month,False,Female,False,Yes,Yes,0.8822812264174354
83.87142857142858,0,4285-GYRQC,True,No,False,Fiber optic,86.25,7,True,True,Month-to-month,Electronic check,False,False,587.1,False,Yes,Fiber optic0Month-to-month,False,Female,True,Yes,Yes,0.8726532250819697
99.025,1,8098-LLAZX,False,Yes,False,Fiber optic,95.45,4,False,True,Month-to-month,Electronic check,False,True,396.1,False,Yes,Fiber optic1Month-to-month,False,Female,True,Yes,Yes,0.9768404977269961
85.27000000000001,0,6175-IRFIT,False,No,False,Fiber optic,78.75,5,False,False,Month-to-month,Mailed check,False,True,426.35,False,Yes,Fiber optic0Month-to-month,False,Male,False,No,Yes,0.7608074027875074
105.43953488372092,1,8327-LZKAS,True,Yes,False,Fiber optic,107.55,43,True,True,One year,Electronic check,False,True,4533.9,False,Yes,Fiber optic1One year,True,Female,True,Yes,Yes,0.8963619497133698
74.7,1,2424-WVHPL,False,No,False,Fiber optic,74.7,1,False,False,Month-to-month,Electronic check,False,False,74.7,False,Yes,Fiber optic1Month-to-month,True,Male,False,No,Yes,0.8033234595859746
19.8,0,8562-GHPPI,False,No,False,No,19.8,1,False,False,Month-to-month,Credit card (automatic),False,False,19.8,False,Yes,No0Month-to-month,False,Female,False,No,Yes,0.6095482704207821
102.76463414634148,0,3058-HJCUY,True,Yes,False,Fiber optic,102.6,41,True,True,One year,Electronic check,False,True,4213.35,True,Yes,Fiber optic0One year,True,Male,True,Yes,Yes,0.5416206948101585
112.85546875,0,0864-FVJNJ,True,Yes,True,Fiber optic,113.35,64,True,True,One year,Electronic check,True,True,7222.75,True,Yes,Fiber optic0One year,True,Female,False,No,Yes,0.5086285230813291
70.15,0,9985-MWVIX,False,No,False,Fiber optic,70.15,1,False,False,Month-to-month,Mailed check,False,False,70.15,False,Yes,Fiber optic0Month-to-month,False,Female,True,Yes,Yes,0.8688507814396226
45.15,0,7252-NTGSS,False,No,False,DSL,45.15,1,False,False,Month-to-month,Mailed check,False,False,45.15,False,Yes,DSL0Month-to-month,False,Female,False,No,Yes,0.6775333896203184
29.9,0,5999-LCXAO,False,No phone service,False,DSL,29.9,1,False,False,Month-to-month,Mailed check,True,False,29.9,False,No,DSL0Month-to-month,False,Female,False,No,Yes,0.6994947954088759
47.45,1,9026-RNUJS,False,No,False,DSL,50.35,5,True,False,Month-to-month,Electronic check,False,False,237.25,False,Yes,DSL1Month-to-month,False,Male,False,Yes,Yes,0.7574354259917472
28.175,0,0746-JTRFU,False,No phone service,False,DSL,25.05,2,False,False,Month-to-month,Electronic check,False,False,56.35,False,No,DSL0Month-to-month,False,Male,True,Yes,Yes,0.7311712947903892
112.25106382978724,0,4789-KWMXN,True,Yes,False,Fiber optic,110.85,47,True,True,One year,Credit card (automatic),True,True,5275.8,False,Yes,Fiber optic0One year,True,Male,True,Yes,Yes,0.5040468064224674
98.375,1,4424-TKOPW,False,Yes,False,Fiber optic,93.85,2,False,True,Month-to-month,Electronic check,False,True,196.75,False,Yes,Fiber optic1Month-to-month,False,Male,True,Yes,Yes,0.9749022069758798
81.43076923076923,0,4822-NGOCH,False,Yes,True,Fiber optic,84.45,13,True,False,Month-to-month,Electronic check,False,False,1058.6,False,Yes,Fiber optic0Month-to-month,False,Female,True,Yes,Yes,0.791277241058744
79.85416666666667,0,2694-CIUMO,False,Yes,False,Fiber optic,79.55,12,False,False,Month-to-month,Credit card (automatic),False,False,958.25,False,Yes,Fiber optic0Month-to-month,True,Female,True,No,Yes,0.7316510870921182
92.74545454545455,0,7928-VJYAB,True,No,False,Fiber optic,90.6,11,False,True,Month-to-month,Electronic check,False,True,1020.2,True,Yes,Fiber optic0Month-to-month,False,Male,False,No,Yes,0.7832508654718066
64.08,0,9389-ACWBI,True,No,False,Fiber optic,69.95,5,False,False,Month-to-month,Credit card (automatic),False,False,320.4,True,Yes,Fiber optic0Month-to-month,False,Female,False,No,Yes,0.6748478380132856
55.25,0,5501-TVMGM,False,No,False,DSL,55.25,1,False,False,Month-to-month,Electronic check,False,True,55.25,False,Yes,DSL0Month-to-month,False,Male,True,No,Yes,0.8045257001601104
40.1,0,7734-DBOAI,True,No phone service,False,DSL,40.1,1,False,True,Month-to-month,Electronic check,False,False,40.1,True,No,DSL0Month-to-month,True,Female,False,Yes,Yes,0.8389583750216488
65.525,0,6221-AVQYL,False,Yes,False,Fiber optic,73.25,2,False,False,Month-to-month,Credit card (automatic),False,False,131.05,False,Yes,Fiber optic0Month-to-month,False,Male,True,Yes,Yes,0.8939328972097269
105.29508196721312,0,4488-KQFDT,False,Yes,True,Fiber optic,103.95,61,True,True,One year,Electronic check,False,True,6423.0,False,Yes,Fiber optic0One year,False,Female,True,No,Yes,0.5531187142505147
33.73888888888889,0,6133-OZILE,False,No phone service,False,DSL,35.2,18,True,False,Month-to-month,Electronic check,False,False,607.3,False,No,DSL0Month-to-month,True,Female,True,No,Yes,0.6582314059220148
78.8,0,6372-RFVNS,True,No,False,Fiber optic,78.8,1,False,True,Month-to-month,Electronic check,False,False,78.8,False,Yes,Fiber optic0Month-to-month,False,Female,False,Yes,Yes,0.9279761479757794
87.05833333333334,0,9741-YLNTD,False,Yes,False,Fiber optic,87.95,6,False,False,Month-to-month,Bank transfer (automatic),False,True,522.35,False,Yes,Fiber optic0Month-to-month,True,Male,True,No,Yes,0.7908602815484571
105.0089552238806,1,1060-ENTOF,True,Yes,True,Fiber optic,105.4,67,True,False,One year,Credit card (automatic),True,True,7035.6,False,Yes,Fiber optic1One year,True,Female,True,No,Yes,0.6227281053261127
84.3,0,2013-SGDXK,False,No,True,Fiber optic,84.3,1,False,True,Month-to-month,Electronic check,False,False,84.3,False,Yes,Fiber optic0Month-to-month,False,Female,False,Yes,Yes,0.9038883943329059
95.21923076923076,1,0011-IGKFF,True,No,True,Fiber optic,98.0,13,True,True,Month-to-month,Electronic check,False,True,1237.85,False,Yes,Fiber optic1Month-to-month,False,Male,True,Yes,Yes,0.8085052959665118
19.65,0,1194-SPVSP,False,No,False,No,19.65,1,False,False,Month-to-month,Bank transfer (automatic),False,False,19.65,False,Yes,No0Month-to-month,False,Male,False,No,Yes,0.5791587020146545
77.175,0,9840-DVNDC,False,No,False,Fiber optic,80.5,6,False,True,Month-to-month,Credit card (automatic),False,False,463.05,False,Yes,Fiber optic0Month-to-month,False,Male,True,Yes,Yes,0.8438785839457058
55.8,1,4201-JMNGR,False,No,False,DSL,55.8,1,True,False,Month-to-month,Electronic check,True,False,55.8,False,Yes,DSL1Month-to-month,False,Female,True,Yes,Yes,0.9385333146317256
82.3,0,0742-NXBGR,False,No,True,Fiber optic,82.3,1,True,False,Month-to-month,Electronic check,False,False,82.3,False,Yes,Fiber optic0Month-to-month,False,Female,True,Yes,Yes,0.905548562287371
101.74021739130436,1,4433-JCGCG,True,Yes,False,Fiber optic,101.0,46,True,True,Month-to-month,Electronic check,False,True,4680.05,False,Yes,Fiber optic1Month-to-month,False,Male,True,Yes,Yes,0.9077259004584277
108.14500000000001,0,5923-GXUOC,False,No,True,Fiber optic,104.4,10,True,True,Month-to-month,Electronic check,True,True,1081.45,False,Yes,Fiber optic0Month-to-month,False,Male,True,Yes,Yes,0.8406814068955862
89.81363636363636,0,7321-PKUYW,False,Yes,False,Fiber optic,90.15,11,False,True,Month-to-month,Electronic check,False,False,987.95,False,Yes,Fiber optic0Month-to-month,True,Female,False,Yes,Yes,0.7643351970016481
20.45,0,8262-COGGB,False,No,False,No,20.45,1,False,False,Month-to-month,Mailed check,False,False,20.45,False,Yes,No0Month-to-month,False,Male,True,No,Yes,0.5727671891483944
66.2,0,3234-VKACU,False,No,False,DSL,70.3,2,False,True,Month-to-month,Electronic check,False,True,132.4,False,Yes,DSL0Month-to-month,True,Male,False,No,Yes,0.5026005908892394
81.37142857142858,0,9185-TQCVP,True,Yes,False,Fiber optic,85.15,14,False,False,Month-to-month,Electronic check,False,True,1139.2,False,Yes,Fiber optic0Month-to-month,False,Male,True,Yes,Yes,0.8268887580596549
46.2,0,3669-OYSJI,False,No,False,DSL,46.2,1,False,False,Month-to-month,Credit card (automatic),False,False,46.2,False,Yes,DSL0Month-to-month,False,Male,False,Yes,Yes,0.6839679803535097
86.94473684210527,0,2916-BQZLN,False,Yes,False,Fiber optic,84.75,19,True,False,Month-to-month,Electronic check,True,False,1651.95,False,Yes,Fiber optic0Month-to-month,False,Male,True,No,Yes,0.6687507209511256
19.75,0,3930-ZGWVE,False,No,False,No,19.75,1,False,False,Month-to-month,Mailed check,False,False,19.75,False,Yes,No0Month-to-month,False,Male,False,No,Yes,0.5552940267392392
97.33170731707317,0,5312-UXESG,False,Yes,False,Fiber optic,98.05,41,True,True,Month-to-month,Bank transfer (automatic),False,True,3990.6,False,Yes,Fiber optic0Month-to-month,False,Female,False,No,Yes,0.6700444688647064
74.28571428571429,0,1196-AMORA,False,Yes,False,Fiber optic,73.6,7,False,False,Month-to-month,Electronic check,False,False,520.0,False,Yes,Fiber optic0Month-to-month,False,Male,False,Yes,Yes,0.8147524156143049
94.83225806451614,0,1855-AGAWH,True,No,False,Fiber optic,93.8,31,True,True,One year,Electronic check,False,True,2939.8,False,Yes,Fiber optic0One year,False,Male,True,No,Yes,0.5085734120141228
75.9,0,7598-UAASY,True,No,False,Fiber optic,76.4,2,True,False,Month-to-month,Electronic check,False,False,151.8,False,Yes,Fiber optic0Month-to-month,False,Male,False,Yes,Yes,0.8584715944080216
19.9,0,3900-AQPHZ,False,No,False,No,19.9,1,False,False,Month-to-month,Mailed check,False,False,19.9,False,Yes,No0Month-to-month,False,Female,False,Yes,Yes,0.5748799912642567
90.89999999999999,0,9093-FPDLG,False,No,True,Fiber optic,94.2,11,True,False,Month-to-month,Electronic check,False,True,999.9,False,Yes,Fiber optic0Month-to-month,True,Female,True,No,Yes,0.711542613429338
56.8375,0,3446-QDSZF,False,No,False,DSL,55.5,4,False,True,Month-to-month,Credit card (automatic),False,False,227.35,False,Yes,DSL0Month-to-month,False,Female,False,No,Yes,0.6349081229989725
74.7,1,5240-IJOQT,False,Yes,False,Fiber optic,74.7,1,False,False,Month-to-month,Electronic check,False,False,74.7,False,Yes,Fiber optic1Month-to-month,False,Male,True,Yes,Yes,0.9420371825968467
37.37105263157895,0,3665-JATSN,False,No phone service,True,DSL,39.7,19,False,False,Month-to-month,Electronic check,False,True,710.05,False,No,DSL0Month-to-month,False,Female,True,No,Yes,0.6813930423569263
75.35,0,5054-IEXZT,False,No,True,Fiber optic,75.35,1,False,False,Month-to-month,Electronic check,False,False,75.35,True,Yes,Fiber optic0Month-to-month,False,Male,True,Yes,Yes,0.8979711651253619
102.55882352941177,0,9874-QLCLH,True,Yes,False,Fiber optic,104.2,17,True,True,Month-to-month,Electronic check,True,True,1743.5,True,Yes,Fiber optic0Month-to-month,False,Female,True,Yes,Yes,0.8838147440127063
44.0,0,9214-EKVXR,False,No,False,DSL,44.0,1,False,False,Month-to-month,Mailed check,False,False,44.0,False,Yes,DSL0Month-to-month,False,Female,True,No,Yes,0.7304653701710855
88.88125,0,6087-MVHJH,False,Yes,False,Fiber optic,88.45,16,True,False,Month-to-month,Electronic check,False,True,1422.1,False,Yes,Fiber optic0Month-to-month,False,Female,True,Yes,Yes,0.8233237310135968
90.5939393939394,0,2495-KZNFB,False,Yes,False,Fiber optic,90.65,33,False,False,Month-to-month,Electronic check,True,True,2989.6,False,Yes,Fiber optic0Month-to-month,False,Female,True,No,Yes,0.5995550109902262
87.25,0,2379-ENZGV,False,No,True,Fiber optic,84.85,6,False,True,Month-to-month,Electronic check,False,False,523.5,False,Yes,Fiber optic0Month-to-month,False,Male,True,Yes,Yes,0.870660603604161
81.78214285714286,0,1785-BPHTP,True,No,False,Fiber optic,85.45,28,True,True,Month-to-month,Electronic check,False,False,2289.9,True,Yes,Fiber optic0Month-to-month,False,Male,False,No,Yes,0.5230804299165883
33.25,0,7384-GHBPI,True,No phone service,False,DSL,35.15,3,False,False,Month-to-month,Electronic check,False,True,99.75,False,No,DSL0Month-to-month,False,Male,True,Yes,Yes,0.8502376641289826
65.31538461538462,1,6078-VESFR,True,No,False,Fiber optic,70.45,13,False,False,Month-to-month,Bank transfer (automatic),False,False,849.1,False,Yes,Fiber optic1Month-to-month,False,Male,False,No,Yes,0.5328244336970136
98.05909090909091,0,5482-VXSXJ,False,No,True,Fiber optic,93.2,22,False,True,Month-to-month,Mailed check,False,True,2157.3,False,Yes,Fiber optic0Month-to-month,False,Male,True,No,Yes,0.6725866351802845
95.25,0,0139-IVFJG,True,No,True,Fiber optic,90.35,2,False,True,Month-to-month,Electronic check,True,False,190.5,False,Yes,Fiber optic0Month-to-month,False,Female,False,No,Yes,0.8656949180955695
80.17678571428571,0,3956-MGXOG,False,No,False,Fiber optic,80.6,28,False,False,Month-to-month,Electronic check,False,True,2244.95,False,Yes,Fiber optic0Month-to-month,False,Female,True,No,Yes,0.6547999748090112
21.575,0,7017-VFULY,True,No,False,No,20.1,2,False,False,Month-to-month,Bank transfer (automatic),False,False,43.15,False,Yes,No0Month-to-month,False,Female,False,No,Yes,0.5051820353254788
94.17105263157895,0,4659-NZRUF,False,Yes,True,Fiber optic,95.15,19,False,False,Month-to-month,Electronic check,True,True,1789.25,False,Yes,Fiber optic0Month-to-month,False,Female,True,Yes,Yes,0.7169653978785814
65.10000000000001,0,6652-YFFJO,False,No,False,DSL,64.9,11,False,True,Month-to-month,Electronic check,False,True,716.1,False,Yes,DSL0Month-to-month,False,Female,True,No,Yes,0.5112951802807989
102.05581395348837,1,8374-XGEJJ,True,Yes,True,Fiber optic,101.0,43,False,True,Month-to-month,Electronic check,False,True,4388.4,False,Yes,Fiber optic1Month-to-month,False,Male,True,Yes,Yes,0.9063024466456813
23.2875,0,6464-KEXXH,False,No phone service,False,DSL,25.25,8,False,False,Month-to-month,Credit card (automatic),False,False,186.3,False,No,DSL0Month-to-month,False,Male,True,No,Yes,0.5378844459560349
66.61666666666666,0,7245-NIIWQ,False,No,False,Fiber optic,69.85,3,False,False,Month-to-month,Electronic check,False,False,199.85,False,Yes,Fiber optic0Month-to-month,False,Female,True,No,Yes,0.8718997115122082
88.13181818181819,1,1754-GKYPY,True,No,False,Fiber optic,89.75,22,False,True,Month-to-month,Bank transfer (automatic),False,True,1938.9,False,Yes,Fiber optic1Month-to-month,False,Male,True,No,Yes,0.6444467814494586
100.54642857142856,0,2800-QQUSO,False,Yes,False,Fiber optic,100.3,42,False,True,Month-to-month,Electronic check,False,True,4222.95,False,Yes,Fiber optic0Month-to-month,True,Male,True,No,Yes,0.7502361839370735
51.51666666666667,0,7055-HNEOJ,True,No,False,DSL,55.8,3,True,False,Month-to-month,Mailed check,False,False,154.55,False,Yes,DSL0Month-to-month,True,Male,True,No,Yes,0.5875929264555977
75.75,1,6894-LFHLY,False,Yes,False,Fiber optic,75.75,1,False,False,Month-to-month,Electronic check,False,False,75.75,False,Yes,Fiber optic1Month-to-month,False,Male,True,Yes,Yes,0.9437824699836109
69.7,0,8676-TRMJS,False,Yes,False,Fiber optic,75.0,3,False,False,Month-to-month,Mailed check,False,False,209.1,False,Yes,Fiber optic0Month-to-month,False,Male,False,Yes,Yes,0.8108905802274035
72.82708333333333,0,8155-IBNHG,True,Yes,False,Fiber optic,75.4,24,False,False,Month-to-month,Credit card (automatic),False,False,1747.85,False,Yes,Fiber optic0Month-to-month,False,Female,True,Yes,Yes,0.7109489670585208
83.259375,0,9944-AEXBM,False,Yes,False,Fiber optic,85.65,32,False,False,Month-to-month,Bank transfer (automatic),False,True,2664.3,False,Yes,Fiber optic0Month-to-month,False,Male,True,No,Yes,0.5992190622131985
24.8,0,6366-ZGQGL,False,No phone service,False,DSL,24.8,1,False,False,Month-to-month,Bank transfer (automatic),False,False,24.8,False,No,DSL0Month-to-month,False,Male,False,Yes,Yes,0.6288105016801319
76.56666666666666,0,9633-XQABV,False,No,False,Fiber optic,70.25,3,False,False,Month-to-month,Electronic check,False,False,229.7,False,Yes,Fiber optic0Month-to-month,False,Female,True,No,Yes,0.8925884146358738
73.63571428571429,0,5605-IYGFG,False,No,False,Fiber optic,69.85,7,False,False,Month-to-month,Bank transfer (automatic),False,False,515.45,False,Yes,Fiber optic0Month-to-month,False,Female,True,No,Yes,0.7661144955831737
88.00434782608696,1,2322-VCZHZ,True,No,True,Fiber optic,90.0,23,False,False,Month-to-month,Electronic check,True,True,2024.1,False,Yes,Fiber optic1Month-to-month,False,Male,True,No,Yes,0.6674188184497244
50.6375,0,6581-NQCBA,True,No phone service,False,DSL,49.95,16,False,True,Month-to-month,Electronic check,False,True,810.2,False,No,DSL0Month-to-month,True,Female,True,Yes,Yes,0.7076325226419911
46.325,1,3754-DXMRT,False,No,False,DSL,44.15,2,False,False,Month-to-month,Electronic check,False,False,92.65,False,Yes,DSL1Month-to-month,False,Male,True,Yes,Yes,0.8252042485406504
92.41351351351352,0,9469-WEJBT,True,No,False,Fiber optic,90.35,37,True,False,Month-to-month,Electronic check,False,True,3419.3,False,Yes,Fiber optic0Month-to-month,True,Male,True,No,Yes,0.5410256475919923
45.15,0,1612-EOHDH,False,No,False,DSL,45.15,1,False,False,Month-to-month,Electronic check,False,False,45.15,False,Yes,DSL0Month-to-month,False,Female,False,Yes,Yes,0.7671151583263065
68.89699999999999,1,3923-CSIHK,True,No,False,Fiber optic,71.05,50,False,False,Month-to-month,Electronic check,False,False,3444.85,False,Yes,Fiber optic1Month-to-month,False,Female,True,Yes,Yes,0.6927077925262911
90.40517241379311,0,5294-DMSFH,True,No,False,Fiber optic,87.8,29,False,True,Month-to-month,Credit card (automatic),False,True,2621.75,True,Yes,Fiber optic0Month-to-month,False,Female,True,No,Yes,0.6474339902771584
88.28148148148148,0,1818-ESQMW,False,No,False,Fiber optic,89.2,27,True,False,Month-to-month,Electronic check,False,True,2383.6,False,Yes,Fiber optic0Month-to-month,True,Female,True,No,Yes,0.516129005826363
38.575,0,5673-TIYIB,False,No phone service,True,DSL,40.4,2,True,False,Month-to-month,Credit card (automatic),False,False,77.15,False,No,DSL0Month-to-month,True,Male,True,Yes,Yes,0.7683623895741254
87.60192307692309,1,6005-OBZPH,False,Yes,True,Fiber optic,89.15,26,False,True,Month-to-month,Electronic check,False,False,2277.65,False,Yes,Fiber optic1Month-to-month,False,Female,True,Yes,Yes,0.7121598278186341
85.4388888888889,0,5950-AAAGJ,False,Yes,False,Fiber optic,84.3,18,False,True,Month-to-month,Bank transfer (automatic),False,False,1537.9,False,Yes,Fiber optic0Month-to-month,False,Male,False,No,Yes,0.6970354676789476
79.2,1,2516-VQRRV,False,Yes,False,Fiber optic,75.45,2,False,False,Month-to-month,Mailed check,False,False,158.4,False,Yes,Fiber optic1Month-to-month,False,Female,True,Yes,Yes,0.9179724963392712
93.27083333333333,0,4873-ILOLJ,False,No,False,Fiber optic,90.35,24,False,True,Month-to-month,Electronic check,False,True,2238.5,False,Yes,Fiber optic0Month-to-month,False,Male,True,Yes,Yes,0.7398563654851442
80.5,1,9369-XFEHK,True,Yes,True,Fiber optic,80.6,33,False,False,Month-to-month,Bank transfer (automatic),False,False,2656.5,False,Yes,Fiber optic1Month-to-month,False,Female,True,Yes,Yes,0.6841490949340524
81.55,0,1678-FYZOW,False,No,False,Fiber optic,79.4,3,False,True,Month-to-month,Electronic check,False,False,244.65,False,Yes,Fiber optic0Month-to-month,False,Female,True,Yes,Yes,0.9336875055237668
69.175,0,7967-HYCDE,False,No,False,Fiber optic,70.7,8,False,False,Month-to-month,Bank transfer (automatic),False,False,553.4,False,Yes,Fiber optic0Month-to-month,False,Male,False,No,Yes,0.615418720321634
82.5640625,1,9606-PBKBQ,True,Yes,False,Fiber optic,85.0,32,False,False,Month-to-month,Electronic check,False,True,2642.05,False,Yes,Fiber optic1Month-to-month,False,Male,True,Yes,Yes,0.7936005085670703
50.55,1,9058-CBREO,False,Yes,False,DSL,50.55,1,False,False,Month-to-month,Mailed check,False,False,50.55,False,Yes,DSL1Month-to-month,False,Female,False,Yes,Yes,0.9305509047000552
65.46666666666667,1,4854-CIDCF,False,No,False,Fiber optic,73.85,3,True,False,Month-to-month,Electronic check,False,False,196.4,False,Yes,Fiber optic1Month-to-month,False,Female,False,No,Yes,0.8415065838518003
94.6,0,4910-GMJOT,False,Yes,False,Fiber optic,94.6,1,False,True,Month-to-month,Electronic check,False,True,94.6,False,Yes,Fiber optic0Month-to-month,False,Female,True,Yes,Yes,0.9741330150357044
45.92307692307692,0,2817-NTQDO,False,No phone service,False,DSL,45.55,13,False,True,Month-to-month,Credit card (automatic),True,False,597.0,False,No,DSL0Month-to-month,True,Male,True,Yes,Yes,0.6027660235064244
80.5,0,2867-UIMSS,False,No,False,Fiber optic,80.5,1,False,False,Month-to-month,Electronic check,False,True,80.5,False,Yes,Fiber optic0Month-to-month,False,Male,False,Yes,Yes,0.8867342554686605
32.28333333333333,0,5960-MVTUK,False,No phone service,False,DSL,29.75,3,False,False,Month-to-month,Electronic check,False,False,96.85,False,No,DSL0Month-to-month,True,Male,True,No,Yes,0.7360426855861476
90.93382352941177,0,7682-AZNDK,True,No,True,Fiber optic,89.85,34,True,True,Month-to-month,Electronic check,False,False,3091.75,True,Yes,Fiber optic0Month-to-month,False,Male,True,No,Yes,0.6244962572214859
84.48695652173913,0,0376-YMCJC,False,Yes,False,Fiber optic,90.6,23,False,True,Month-to-month,Electronic check,False,False,1943.2,False,Yes,Fiber optic0Month-to-month,True,Male,True,Yes,Yes,0.6839782701894273
101.56,1,3588-WSTTJ,False,Yes,False,Fiber optic,99.05,35,False,True,Month-to-month,Electronic check,True,True,3554.6,False,Yes,Fiber optic1Month-to-month,False,Female,True,No,Yes,0.7898531396112872
99.075,0,7295-JOMMD,False,No,False,Fiber optic,98.1,4,True,True,Month-to-month,Bank transfer (automatic),False,True,396.3,True,Yes,Fiber optic0Month-to-month,True,Female,True,Yes,Yes,0.8890762334567998
86.65350877192982,0,4685-ERGHK,False,Yes,False,Fiber optic,86.9,57,False,True,One year,Electronic check,False,False,4939.25,False,Yes,Fiber optic0One year,False,Male,True,No,Yes,0.5250657046099335
87.7,0,0135-NMXAP,False,Yes,True,Fiber optic,89.75,12,False,True,Month-to-month,Bank transfer (automatic),False,False,1052.4,False,Yes,Fiber optic0Month-to-month,False,Female,True,Yes,Yes,0.8094914959975273
108.68059701492538,0,8849-PRIQJ,True,Yes,False,Fiber optic,109.4,67,True,True,One year,Electronic check,True,True,7281.6,True,Yes,Fiber optic0One year,True,Female,True,No,Yes,0.5958202021591086
71.86451612903227,0,8486-AYEQH,False,Yes,False,Fiber optic,76.05,31,False,False,Month-to-month,Electronic check,False,False,2227.8,False,Yes,Fiber optic0Month-to-month,False,Female,True,No,Yes,0.7297329317173233
88.73611111111111,0,9050-QLROH,False,Yes,False,Fiber optic,90.7,18,True,False,Month-to-month,Credit card (automatic),False,True,1597.25,False,Yes,Fiber optic0Month-to-month,False,Male,True,Yes,Yes,0.721954545222296
106.6075,0,7752-XUSCI,False,Yes,True,Fiber optic,105.9,60,True,True,Month-to-month,Electronic check,False,True,6396.45,False,Yes,Fiber optic0Month-to-month,False,Female,True,Yes,Yes,0.6839628800831857
19.65,0,7721-DVEKZ,False,No,False,No,19.65,1,False,False,Month-to-month,Mailed check,False,False,19.65,False,Yes,No0Month-to-month,False,Female,False,No,Yes,0.5818576771207634
95.24545454545455,1,8999-BOHSE,False,No,False,Fiber optic,89.7,11,False,True,Month-to-month,Bank transfer (automatic),False,True,1047.7,False,Yes,Fiber optic1Month-to-month,False,Female,False,Yes,Yes,0.8111882903596788
103.59137931034483,1,4021-RQSNY,True,Yes,False,Fiber optic,98.5,29,True,True,Month-to-month,Electronic check,False,True,3004.15,False,Yes,Fiber optic1Month-to-month,False,Male,True,Yes,Yes,0.9011854702545167
103.94848484848485,0,9821-BESNZ,False,Yes,True,Fiber optic,104.25,66,False,True,One year,Electronic check,False,True,6860.6,False,Yes,Fiber optic0One year,True,Male,True,No,Yes,0.5704547183996488
90.37692307692308,0,3466-RITXD,False,Yes,True,Fiber optic,92.4,26,False,True,Month-to-month,Credit card (automatic),True,False,2349.8,False,Yes,Fiber optic0Month-to-month,False,Male,True,No,Yes,0.5543059414065292
48.55,0,7615-ESMYF,True,No phone service,False,DSL,44.6,2,False,True,Month-to-month,Electronic check,False,True,97.1,False,No,DSL0Month-to-month,False,Female,False,Yes,Yes,0.8507947551226422
29.996153846153845,0,6339-DKLMK,False,No phone service,True,DSL,31.65,13,False,False,Month-to-month,Electronic check,False,False,389.95,False,No,DSL0Month-to-month,False,Female,True,No,Yes,0.6114888043416081
66.3375,0,8083-YTZES,False,Yes,False,Fiber optic,74.35,4,False,False,Month-to-month,Electronic check,False,False,265.35,False,Yes,Fiber optic0Month-to-month,False,Male,True,Yes,Yes,0.8970856535156657
83.35000000000001,0,9897-KXHCM,True,No,False,Fiber optic,80.3,3,False,False,Month-to-month,Electronic check,False,True,250.05,True,Yes,Fiber optic0Month-to-month,False,Female,True,Yes,Yes,0.912284588593894
70.3,0,6653-CBBOM,False,No,False,Fiber optic,70.3,1,False,False,Month-to-month,Electronic check,False,False,70.3,False,Yes,Fiber optic0Month-to-month,False,Female,True,Yes,Yes,0.9127368215554027
69.8,0,4510-HIMLV,False,No,False,Fiber optic,69.8,1,False,False,Month-to-month,Electronic check,False,False,69.8,False,Yes,Fiber optic0Month-to-month,False,Male,True,Yes,Yes,0.9025525138559728
40.43,0,1635-FJFCC,False,No,False,DSL,44.05,5,False,False,Month-to-month,Credit card (automatic),False,False,202.15,False,Yes,DSL0Month-to-month,False,Female,True,No,Yes,0.7129484192754786
70.05,1,9603-OAIHC,False,No,False,Fiber optic,70.05,1,False,False,Month-to-month,Electronic check,False,False,70.05,False,Yes,Fiber optic1Month-to-month,False,Male,True,No,Yes,0.876908521899601
91.69583333333334,1,2974-GGUXS,True,Yes,True,Fiber optic,91.95,36,False,True,Month-to-month,Credit card (automatic),False,False,3301.05,False,Yes,Fiber optic1Month-to-month,False,Female,True,No,Yes,0.6386787101056218
101.13260869565218,1,6242-MBHPK,True,No,False,Fiber optic,95.1,23,False,True,Month-to-month,Electronic check,True,True,2326.05,False,Yes,Fiber optic1Month-to-month,False,Female,True,No,Yes,0.8429571769485744
102.08333333333333,0,4445-ZJNMU,False,Yes,True,Fiber optic,99.3,9,False,True,Month-to-month,Credit card (automatic),False,True,918.75,False,Yes,Fiber optic0Month-to-month,False,Male,True,No,Yes,0.9054652750095271
99.70277777777778,0,6693-FRIRW,False,No,True,Fiber optic,101.3,18,True,True,Month-to-month,Credit card (automatic),False,True,1794.65,False,Yes,Fiber optic0Month-to-month,False,Male,False,No,Yes,0.7105266548034579
79.3125,0,4210-QFJMF,False,No,False,Fiber optic,79.15,4,False,False,Month-to-month,Electronic check,False,True,317.25,False,Yes,Fiber optic0Month-to-month,False,Female,True,Yes,Yes,0.8991745491192239
93.66875,0,2371-JQHZZ,True,Yes,False,Fiber optic,93.0,24,False,True,Month-to-month,Electronic check,False,True,2248.05,False,Yes,Fiber optic0Month-to-month,False,Male,True,No,Yes,0.8268131147594133
56.82000000000001,0,7966-YOTQW,False,Yes,False,DSL,54.5,10,False,False,Month-to-month,Credit card (automatic),True,False,568.2,False,Yes,DSL0Month-to-month,False,Male,True,No,Yes,0.570905814699603
59.983333333333334,0,5154-VEKBL,False,No phone service,False,DSL,58.5,9,True,True,Month-to-month,Mailed check,True,True,539.85,False,No,DSL0Month-to-month,True,Female,False,Yes,Yes,0.6014802439004507
74.775,1,1304-NECVQ,False,Yes,False,Fiber optic,78.55,2,True,False,Month-to-month,Electronic check,False,False,149.55,False,Yes,Fiber optic1Month-to-month,False,Female,True,Yes,Yes,0.9531981837077657
48.6,0,1794-HBQTJ,False,No,False,DSL,48.6,1,False,False,Month-to-month,Credit card (automatic),True,False,48.6,False,Yes,DSL0Month-to-month,False,Female,True,Yes,Yes,0.7474794918524021
68.20769230769231,0,7562-UXTPG,False,No,False,Fiber optic,70.15,13,False,False,Month-to-month,Mailed check,False,False,886.7,False,Yes,Fiber optic0Month-to-month,False,Female,True,No,Yes,0.6654389497340318
19.45,0,3679-XASPY,True,No,False,No,19.45,1,False,False,Month-to-month,Electronic check,False,False,19.45,True,Yes,No0Month-to-month,False,Female,False,No,Yes,0.624337921188237
68.30625,0,2373-NTKOD,False,No,False,DSL,66.25,8,False,True,Month-to-month,Electronic check,False,True,546.45,False,Yes,DSL0Month-to-month,False,Male,True,No,Yes,0.5533355176074202
74.9,0,6358-LYNGM,False,Yes,False,Fiber optic,74.9,1,False,False,Month-to-month,Electronic check,False,False,74.9,False,Yes,Fiber optic0Month-to-month,False,Male,True,Yes,Yes,0.9433225224107527
88.8275,0,6319-IEJWJ,True,No,False,Fiber optic,90.2,20,False,True,Month-to-month,Electronic check,False,True,1776.55,True,Yes,Fiber optic0Month-to-month,False,Male,True,Yes,Yes,0.7678151254162898
85.72,0,1184-PJVDB,True,No,False,Fiber optic,79.95,10,False,True,Month-to-month,Electronic check,False,False,857.2,False,Yes,Fiber optic0Month-to-month,False,Male,True,Yes,Yes,0.8720339680091245
89.0675,0,3771-PZOBW,False,Yes,False,Fiber optic,90.7,20,True,True,Month-to-month,Credit card (automatic),False,False,1781.35,False,Yes,Fiber optic0Month-to-month,False,Male,True,No,Yes,0.7515617864567045
45.7,0,9828-AOQLM,True,No,False,DSL,45.7,1,False,False,Month-to-month,Electronic check,False,False,45.7,True,Yes,DSL0Month-to-month,False,Female,True,Yes,Yes,0.7993120666833055
76.24545454545455,0,3969-GYXEL,False,No,False,Fiber optic,76.4,11,False,False,Month-to-month,Electronic check,True,False,838.7,False,Yes,Fiber optic0Month-to-month,False,Female,False,No,Yes,0.604393565975665
49.989999999999995,0,8601-QACRS,False,Yes,False,DSL,50.6,5,False,False,Month-to-month,Mailed check,False,False,249.95,False,Yes,DSL0Month-to-month,False,Female,True,Yes,Yes,0.7134151014319315
52.46,0,5404-GGUKR,False,No,True,DSL,51.35,5,False,False,Month-to-month,Electronic check,False,False,262.3,False,Yes,DSL0Month-to-month,False,Male,True,No,Yes,0.6296173851842242
100.62307692307692,1,8510-AWCXC,False,Yes,False,Fiber optic,100.8,13,False,True,Month-to-month,Electronic check,True,True,1308.1,False,Yes,Fiber optic1Month-to-month,False,Female,True,Yes,Yes,0.8784023556457643
95.22727272727273,0,5590-BYNII,False,Yes,False,Fiber optic,100.75,22,False,True,Month-to-month,Electronic check,True,True,2095.0,False,Yes,Fiber optic0Month-to-month,False,Male,True,Yes,Yes,0.8063902601542032
80.76111111111112,0,2640-PMGFL,False,Yes,False,Fiber optic,79.5,27,False,False,Month-to-month,Electronic check,False,False,2180.55,True,Yes,Fiber optic0Month-to-month,True,Male,True,Yes,Yes,0.5891693926196166
83.159375,1,3536-IQCTX,True,Yes,False,Fiber optic,85.3,32,False,False,Month-to-month,Electronic check,False,True,2661.1,False,Yes,Fiber optic1Month-to-month,False,Male,False,Yes,Yes,0.7264280442801725
71.0,1,7409-KIUTL,False,No,False,Fiber optic,71.0,1,False,False,Month-to-month,Electronic check,False,False,71.0,True,Yes,Fiber optic1Month-to-month,False,Female,True,Yes,Yes,0.8622411257454203
45.37279411764706,0,8756-RDDLT,False,No phone service,True,DSL,44.95,68,False,False,Month-to-month,Electronic check,False,True,3085.35,False,No,DSL0Month-to-month,True,Female,False,No,Yes,0.5984312424747651
86.84545454545454,1,6284-AHOOQ,False,Yes,False,Fiber optic,90.5,22,False,True,Month-to-month,Bank transfer (automatic),False,False,1910.6,False,Yes,Fiber optic1Month-to-month,True,Male,True,Yes,Yes,0.5127920878078215
96.253125,1,4583-PARNH,True,No,False,Fiber optic,91.55,16,True,False,Month-to-month,Electronic check,False,True,1540.05,False,Yes,Fiber optic1Month-to-month,True,Male,True,No,Yes,0.8230432857793607
90.6,0,5797-APWZC,False,No,False,Fiber optic,90.6,1,False,True,Month-to-month,Electronic check,False,True,90.6,False,Yes,Fiber optic0Month-to-month,False,Female,False,Yes,Yes,0.9282429742352192
72.33461538461539,1,4441-NIHPT,False,No,False,Fiber optic,74.3,13,True,False,Month-to-month,Electronic check,False,False,940.35,False,Yes,Fiber optic1Month-to-month,False,Female,True,Yes,Yes,0.8013218759819399
70.015625,1,7359-SSBJK,False,No,True,DSL,70.2,64,False,True,Two year,Credit card (automatic),True,False,4481.0,False,Yes,DSL1Two year,True,Female,True,Yes,Yes,0.7852003966354897
100.43333333333334,0,6907-NZZIJ,False,Yes,True,Fiber optic,99.15,36,False,True,Month-to-month,Electronic check,False,True,3615.6,False,Yes,Fiber optic0Month-to-month,False,Female,True,Yes,Yes,0.8232294917266676
49.9375,0,2831-EBWRN,False,No,False,DSL,45.9,4,False,False,Month-to-month,Electronic check,False,False,199.75,False,Yes,DSL0Month-to-month,False,Male,True,No,Yes,0.6923479569192008
74.10000000000001,0,9576-ANLXO,False,No,False,Fiber optic,69.55,3,False,False,Month-to-month,Bank transfer (automatic),False,False,222.3,False,Yes,Fiber optic0Month-to-month,False,Female,True,Yes,Yes,0.8453956203691445
50.15,0,2740-TVLFN,False,Yes,False,DSL,50.15,1,False,False,Month-to-month,Electronic check,False,False,50.15,False,Yes,DSL0Month-to-month,False,Male,True,No,Yes,0.8505508403810376
84.0375,0,3904-UKFRE,False,Yes,False,Fiber optic,80.1,4,False,False,Month-to-month,Electronic check,True,False,336.15,False,Yes,Fiber optic0Month-to-month,False,Male,True,No,Yes,0.8708127260726402
79.6,0,5393-RXQSZ,False,No,False,Fiber optic,79.6,1,False,False,Month-to-month,Electronic check,False,True,79.6,False,Yes,Fiber optic0Month-to-month,False,Male,False,Yes,Yes,0.8893500728926073
65.38333333333334,0,4484-CGXFK,False,No,False,DSL,55.3,3,False,False,Month-to-month,Electronic check,False,True,196.15,False,Yes,DSL0Month-to-month,False,Female,True,Yes,Yes,0.8393367039728038
75.3,0,3627-FHKBK,False,No,False,Fiber optic,75.3,1,False,False,Month-to-month,Mailed check,True,False,75.3,False,Yes,Fiber optic0Month-to-month,False,Female,False,Yes,Yes,0.7533510947995951
45.65,0,6128-CZOMY,False,No,False,DSL,45.65,1,False,False,Month-to-month,Electronic check,False,False,45.65,False,Yes,DSL0Month-to-month,False,Female,True,Yes,Yes,0.8088749750849356
102.79516129032258,1,1254-IZEYF,False,Yes,True,Fiber optic,99.95,31,False,True,Month-to-month,Electronic check,False,True,3186.65,False,Yes,Fiber optic1Month-to-month,False,Female,True,Yes,Yes,0.8682935001157632
71.92222222222222,1,0439-IFYUN,False,No,True,Fiber optic,74.7,18,False,False,Month-to-month,Electronic check,False,False,1294.6,False,Yes,Fiber optic1Month-to-month,False,Female,True,No,Yes,0.7554792347881524
24.9,0,4367-NHWMM,False,No phone service,False,DSL,24.9,1,False,False,Month-to-month,Mailed check,False,False,24.9,False,No,DSL0Month-to-month,False,Female,True,No,Yes,0.6898058193520712
93.775,0,5955-ERIHD,True,Yes,False,Fiber optic,94.7,18,False,True,Month-to-month,Electronic check,False,True,1687.95,False,Yes,Fiber optic0Month-to-month,False,Male,True,Yes,Yes,0.8803988823029758
111.09545454545454,0,3737-GCSPV,True,Yes,False,Fiber optic,96.2,11,False,True,Month-to-month,Credit card (automatic),True,False,1222.05,False,Yes,Fiber optic0Month-to-month,True,Female,True,Yes,Yes,0.7133148059590643
92.27142857142857,0,4879-GZLFH,True,No,False,Fiber optic,92.15,42,True,True,Month-to-month,Electronic check,False,True,3875.4,True,Yes,Fiber optic0Month-to-month,False,Female,True,No,Yes,0.7100194973351422
99.75,0,0107-YHINA,False,Yes,False,Fiber optic,99.75,1,True,True,Month-to-month,Electronic check,False,True,99.75,True,Yes,Fiber optic0Month-to-month,False,Male,True,Yes,Yes,0.9762592097028633
73.7,0,9398-MMQTO,False,No,True,Fiber optic,74.45,3,False,False,Month-to-month,Credit card (automatic),False,False,221.1,False,Yes,Fiber optic0Month-to-month,False,Male,False,No,Yes,0.7570385285026288
74.6,0,3746-EUBYR,True,Yes,False,Fiber optic,74.6,1,False,False,Month-to-month,Bank transfer (automatic),False,False,74.6,False,Yes,Fiber optic0Month-to-month,False,Male,True,Yes,Yes,0.9261265675331541
79.825,0,7901-HXJVA,False,No,False,Fiber optic,76.45,14,True,False,Month-to-month,Electronic check,False,False,1117.55,False,Yes,Fiber optic0Month-to-month,False,Male,False,No,Yes,0.6638132584391542
95.57142857142857,0,2645-QTLMB,False,No,True,Fiber optic,94.25,7,False,True,Month-to-month,Electronic check,False,True,669.0,False,Yes,Fiber optic0Month-to-month,False,Male,True,Yes,Yes,0.8916468175194032
93.51153846153846,0,2876-GZYZC,False,Yes,False,Fiber optic,85.95,13,False,False,Month-to-month,Electronic check,False,True,1215.65,False,Yes,Fiber optic0Month-to-month,False,Female,True,No,Yes,0.8668575269563068
20.3,0,2676-ISHSF,False,No,False,No,20.3,1,False,False,Month-to-month,Mailed check,False,False,20.3,False,Yes,No0Month-to-month,False,Male,False,No,Yes,0.5381118794218177
61.231521739130436,1,4785-QRJHC,True,No phone service,True,DSL,59.9,46,True,True,One year,Bank transfer (automatic),False,True,2816.65,False,No,DSL1One year,True,Male,True,Yes,Yes,0.8481120800822379
76.35000000000001,0,0810-BDHAW,True,Yes,True,DSL,78.4,24,False,True,One year,Electronic check,True,True,1832.4,True,Yes,DSL0One year,False,Female,False,No,Yes,0.5253181783143891
24.75,0,4729-XKASR,False,No phone service,False,DSL,24.75,1,False,False,Month-to-month,Electronic check,False,False,24.75,True,No,DSL0Month-to-month,False,Male,False,Yes,Yes,0.7144732027379866
79.05,0,5960-WPXQM,False,No,False,Fiber optic,79.05,1,False,True,Month-to-month,Electronic check,False,False,79.05,False,Yes,Fiber optic0Month-to-month,False,Male,True,Yes,Yes,0.9456120650853621
70.7,0,5032-MIYKT,False,No,False,Fiber optic,70.7,1,False,False,Month-to-month,Mailed check,False,False,70.7,False,Yes,Fiber optic0Month-to-month,False,Female,True,No,Yes,0.8716437029910257
103.08529411764707,1,3629-ZNKXA,False,No,True,Fiber optic,101.8,17,True,True,Month-to-month,Electronic check,False,True,1752.45,False,Yes,Fiber optic1Month-to-month,False,Male,True,No,Yes,0.850576089571782
106.91639344262295,0,1698-XFZCI,False,Yes,True,Fiber optic,107.75,61,True,True,One year,Electronic check,True,True,6521.9,False,Yes,Fiber optic0One year,False,Male,True,No,Yes,0.5612062396592487
108.48823529411764,0,2133-TSRRM,False,No,True,Fiber optic,105.35,34,True,True,Month-to-month,Bank transfer (automatic),True,True,3688.6,True,Yes,Fiber optic0Month-to-month,False,Female,True,No,Yes,0.5217138823696676
20.3,0,3090-QFUVD,False,No,False,No,20.3,1,False,False,Month-to-month,Credit card (automatic),False,False,20.3,False,Yes,No0Month-to-month,False,Female,False,No,Yes,0.5943062853722569
80.3,1,7903-CMPEY,True,Yes,False,Fiber optic,80.3,1,False,False,Month-to-month,Electronic check,True,False,80.3,False,Yes,Fiber optic1Month-to-month,False,Male,True,Yes,Yes,0.9169267801295595
111.70795454545454,0,2587-EKXTS,False,Yes,True,Fiber optic,111.5,44,True,True,Month-to-month,Electronic check,True,True,4915.15,False,Yes,Fiber optic0Month-to-month,False,Male,True,No,Yes,0.5690912210089192
42.4125,0,2480-SQIOB,True,No,False,DSL,44.8,4,False,False,Month-to-month,Electronic check,False,False,169.65,True,Yes,DSL0Month-to-month,False,Male,False,No,Yes,0.6978299799107919
79.35499999999999,1,8225-BTJAU,False,No,False,Fiber optic,79.25,10,False,False,Month-to-month,Electronic check,False,True,793.55,False,Yes,Fiber optic1Month-to-month,False,Male,True,Yes,Yes,0.8837532385161886
83.45192307692308,1,2657-ALMWY,True,No,True,Fiber optic,84.95,26,False,False,Month-to-month,Electronic check,False,True,2169.75,False,Yes,Fiber optic1Month-to-month,False,Female,False,Yes,Yes,0.7036491164461668
107.38153846153847,1,7067-KSAZT,True,Yes,True,Fiber optic,106.25,65,True,True,One year,Electronic check,False,True,6979.8,False,Yes,Fiber optic1One year,False,Female,True,Yes,Yes,0.5705994608616531
91.13125000000001,0,1307-ATKGB,False,No,True,Fiber optic,89.55,24,True,False,Month-to-month,Electronic check,False,True,2187.15,False,Yes,Fiber optic0Month-to-month,False,Male,True,No,Yes,0.603556825763391
93.1125,1,1273-MTETI,False,Yes,False,Fiber optic,88.85,4,True,False,Month-to-month,Electronic check,False,True,372.45,False,Yes,Fiber optic1Month-to-month,False,Female,True,Yes,Yes,0.9708528374952444
70.55,1,8051-HJRLT,False,No,False,Fiber optic,70.55,1,False,False,Month-to-month,Electronic check,False,False,70.55,False,Yes,Fiber optic1Month-to-month,False,Female,True,Yes,Yes,0.8927808967354769
70.54375,0,3780-YVMFA,True,No,False,DSL,68.55,8,False,True,Month-to-month,Electronic check,False,True,564.35,True,Yes,DSL0Month-to-month,True,Female,True,No,Yes,0.5059926922155754
96.43947368421053,0,8468-EHYJA,True,Yes,False,Fiber optic,99.65,57,False,True,Month-to-month,Electronic check,True,True,5497.05,False,Yes,Fiber optic0Month-to-month,False,Female,True,No,Yes,0.6266592216349671
88.80357142857143,0,7621-VPNET,True,Yes,False,Fiber optic,85.9,42,True,False,Month-to-month,Credit card (automatic),False,False,3729.75,False,Yes,Fiber optic0Month-to-month,True,Female,True,No,Yes,0.5286801367217402
84.78139534883721,1,5019-GQVCR,False,Yes,False,Fiber optic,84.85,43,False,True,Month-to-month,Electronic check,False,False,3645.6,False,Yes,Fiber optic1Month-to-month,False,Male,True,No,Yes,0.7697507484690184
84.22625000000001,0,7586-ZATGZ,False,Yes,False,Fiber optic,84.9,40,False,True,Month-to-month,Electronic check,False,False,3369.05,False,Yes,Fiber optic0Month-to-month,False,Male,True,No,Yes,0.7673451171111492
81.32333333333332,0,6719-OXYBR,False,No,False,Fiber optic,85.3,15,True,True,Month-to-month,Electronic check,False,False,1219.85,False,Yes,Fiber optic0Month-to-month,False,Male,False,No,Yes,0.6908038166742537
76.9,1,9799-CAYJJ,True,No,False,Fiber optic,69.3,2,False,False,Month-to-month,Electronic check,False,False,153.8,False,Yes,Fiber optic1Month-to-month,False,Female,True,No,Yes,0.8984144353532371
57.075,0,6778-YSNIH,False,No,True,DSL,59.0,2,False,True,Month-to-month,Electronic check,False,False,114.15,False,Yes,DSL0Month-to-month,False,Female,True,No,Yes,0.7002612733020682
74.4,1,4102-OQUPX,True,Yes,False,Fiber optic,74.4,1,False,False,Month-to-month,Electronic check,False,False,74.4,False,Yes,Fiber optic1Month-to-month,False,Male,True,Yes,Yes,0.9468149468599183
93.15888888888888,0,6233-HXJMX,False,Yes,False,Fiber optic,89.3,45,True,False,Month-to-month,Credit card (automatic),False,True,4192.15,False,Yes,Fiber optic0Month-to-month,False,Female,True,No,Yes,0.584530234049437
91.39814814814815,1,0504-HHAPI,False,Yes,False,Fiber optic,88.3,27,True,False,Month-to-month,Credit card (automatic),False,True,2467.75,False,Yes,Fiber optic1Month-to-month,False,Female,False,Yes,Yes,0.737872978171297
25.7,1,1496-GGSUK,False,No phone service,False,DSL,25.7,1,False,False,Month-to-month,Mailed check,False,False,25.7,False,No,DSL1Month-to-month,False,Female,True,Yes,Yes,0.9510171963042138
42.93181818181818,0,9873-MNDKV,False,No,False,DSL,44.65,11,False,False,Month-to-month,Mailed check,False,False,472.25,False,Yes,DSL0Month-to-month,False,Female,True,No,Yes,0.5281987259465605
77.4,0,2905-KFQUV,True,No,False,Fiber optic,70.4,2,False,False,Month-to-month,Credit card (automatic),False,False,154.8,False,Yes,Fiber optic0Month-to-month,False,Female,True,No,Yes,0.88701495723105
43.583333333333336,0,6338-AVWCY,False,No phone service,False,DSL,40.15,3,True,True,Month-to-month,Mailed check,False,False,130.75,False,No,DSL0Month-to-month,False,Male,True,Yes,Yes,0.7683564471470571
24.85,0,9638-JIQYA,False,No phone service,False,DSL,24.9,2,False,False,Month-to-month,Credit card (automatic),False,False,49.7,False,No,DSL0Month-to-month,False,Male,True,No,Yes,0.6745076358548603
72.9121212121212,0,4067-HLYQI,False,No,False,Fiber optic,70.4,33,False,False,Month-to-month,Bank transfer (automatic),False,False,2406.1,False,Yes,Fiber optic0Month-to-month,False,Female,True,No,Yes,0.5569016801940768
109.38571428571429,1,9221-OTIVJ,False,Yes,True,Fiber optic,104.85,14,True,True,Month-to-month,Electronic check,False,True,1531.4,False,Yes,Fiber optic1Month-to-month,False,Female,True,Yes,Yes,0.9205773767750908
75.875,0,2080-GKCWQ,False,No,True,Fiber optic,74.95,2,False,False,Month-to-month,Electronic check,False,False,151.75,False,Yes,Fiber optic0Month-to-month,False,Male,False,No,Yes,0.8379003955382233
19.65,0,3785-NRHYR,False,No,False,No,19.65,1,False,False,Month-to-month,Mailed check,False,False,19.65,False,Yes,No0Month-to-month,False,Male,False,No,Yes,0.5580317836115904
85.86,0,8734-DKSTZ,True,Yes,False,Fiber optic,85.95,10,False,False,Month-to-month,Electronic check,False,True,858.6,True,Yes,Fiber optic0Month-to-month,False,Female,False,No,Yes,0.7857021102442882
100.8280487804878,1,2080-CAZNM,False,Yes,True,Fiber optic,104.4,41,True,True,Month-to-month,Electronic check,False,True,4133.95,False,Yes,Fiber optic1Month-to-month,False,Female,True,No,Yes,0.8256908749445138
89.44999999999999,0,8844-TONUD,True,No,False,Fiber optic,96.65,13,True,True,Month-to-month,Mailed check,False,True,1162.85,True,Yes,Fiber optic0Month-to-month,False,Male,True,Yes,Yes,0.766036912793122
101.40806451612903,0,2603-HVKCG,False,No,True,Fiber optic,101.4,31,True,True,Month-to-month,Electronic check,False,True,3143.65,False,Yes,Fiber optic0Month-to-month,False,Male,True,No,Yes,0.7331517019231998
101.195,0,7103-IPXPJ,True,Yes,False,Fiber optic,99.4,50,False,True,One year,Electronic check,False,True,5059.75,False,Yes,Fiber optic0One year,True,Male,False,No,Yes,0.508759072506755
69.625,0,5442-BHQNG,False,No,False,Fiber optic,70.35,2,False,False,Month-to-month,Electronic check,False,False,139.25,False,Yes,Fiber optic0Month-to-month,False,Female,False,No,Yes,0.8432505829523836
97.41269841269842,0,2748-MYRVK,False,Yes,True,Fiber optic,99.9,63,False,True,One year,Bank transfer (automatic),False,True,6137.0,False,Yes,Fiber optic0One year,False,Female,False,Yes,Yes,0.5726672054729489
85.45,0,5597-GLBUC,False,No,False,Fiber optic,85.45,1,True,True,Month-to-month,Electronic check,False,False,85.45,False,Yes,Fiber optic0Month-to-month,False,Female,True,Yes,Yes,0.9430795638088161
105.6,1,6350-XFYGW,False,No,False,Fiber optic,94.75,4,True,True,Month-to-month,Electronic check,False,True,422.4,False,Yes,Fiber optic1Month-to-month,False,Male,True,No,Yes,0.9801883890403714
55.3,0,3518-PZXZQ,True,No,False,DSL,55.3,1,False,True,Month-to-month,Mailed check,False,False,55.3,False,Yes,DSL0Month-to-month,False,Female,True,No,Yes,0.7199251025414674
45.05,0,5696-QURRL,False,No,False,DSL,45.05,1,False,False,Month-to-month,Mailed check,False,False,45.05,False,Yes,DSL0Month-to-month,False,Male,True,Yes,Yes,0.710561058101212
95.58571428571429,0,2347-WKKAE,True,Yes,False,Fiber optic,94.4,42,True,False,Month-to-month,Electronic check,True,True,4014.6,False,Yes,Fiber optic0Month-to-month,False,Male,True,No,Yes,0.6080914290061838
56.008974358974356,0,2911-UREFD,True,No phone service,False,DSL,55.9,39,True,True,Month-to-month,Electronic check,True,True,2184.35,False,No,DSL0Month-to-month,False,Female,False,Yes,Yes,0.6399296625795182
45.95,0,7054-LGEQW,False,No,False,DSL,45.95,1,False,False,Month-to-month,Mailed check,False,False,45.95,False,Yes,DSL0Month-to-month,False,Female,False,Yes,Yes,0.6767711866254497
76.72999999999999,0,5399-ZIMKF,False,No,True,Fiber optic,74.65,5,False,False,Month-to-month,Electronic check,False,False,383.65,False,Yes,Fiber optic0Month-to-month,False,Male,True,No,Yes,0.8439504386396876
87.22666666666667,0,7861-UVUFT,True,No,False,Fiber optic,84.3,15,True,True,Month-to-month,Electronic check,False,False,1308.4,False,Yes,Fiber optic0Month-to-month,False,Female,True,Yes,Yes,0.8358992742319945
63.7,1,8485-GJCDN,False,No,False,Fiber optic,69.05,5,False,False,Month-to-month,Mailed check,False,False,318.5,False,Yes,Fiber optic1Month-to-month,False,Female,True,Yes,Yes,0.7394183625447679
68.65,0,2856-HYAPG,False,No,False,Fiber optic,68.65,1,False,False,Month-to-month,Electronic check,False,False,68.65,False,Yes,Fiber optic0Month-to-month,False,Female,False,Yes,Yes,0.8548938148803651
78.65227272727272,0,6298-QDFNH,False,Yes,True,Fiber optic,79.35,22,False,False,Month-to-month,Electronic check,False,False,1730.35,False,Yes,Fiber optic0Month-to-month,False,Male,True,Yes,Yes,0.7260456059610615
77.51756756756757,1,4846-WHAFZ,True,Yes,False,Fiber optic,76.5,37,False,False,Month-to-month,Electronic check,False,False,2868.15,False,Yes,Fiber optic1Month-to-month,False,Female,True,Yes,Yes,0.7943030024494879
68.35000000000001,1,7074-IEVOJ,False,Yes,True,Fiber optic,79.4,3,False,False,Month-to-month,Electronic check,False,False,205.05,False,Yes,Fiber optic1Month-to-month,False,Female,True,Yes,Yes,0.9473899410595487
19.95,0,5143-WMWOG,False,No,False,No,19.95,1,False,False,Month-to-month,Electronic check,False,False,19.95,False,Yes,No0Month-to-month,False,Male,False,Yes,Yes,0.6565875178190701
70.05,1,2880-FPNAE,True,No,False,Fiber optic,74.2,2,True,False,Month-to-month,Electronic check,False,False,140.1,False,Yes,Fiber optic1Month-to-month,False,Male,True,No,Yes,0.9119480648846895
55.45,0,9822-OAOVB,False,No,False,DSL,55.45,1,False,False,Month-to-month,Electronic check,False,True,55.45,False,Yes,DSL0Month-to-month,False,Female,True,No,Yes,0.8176579983429634
93.41,1,5747-PMBSQ,True,No,True,Fiber optic,92.5,10,True,True,Month-to-month,Mailed check,False,False,934.1,False,Yes,Fiber optic1Month-to-month,True,Male,True,Yes,Yes,0.6461266455822846
90.28513513513514,0,2672-TGEFF,True,Yes,True,Fiber optic,88.8,37,False,True,Month-to-month,Electronic check,False,False,3340.55,True,Yes,Fiber optic0Month-to-month,False,Female,True,No,Yes,0.7510152194551993
93.83088235294117,1,9508-ILZDG,False,Yes,True,Fiber optic,96.35,34,False,True,Month-to-month,Electronic check,False,False,3190.25,False,Yes,Fiber optic1Month-to-month,True,Female,True,No,Yes,0.5366736988824917
44.9,0,8710-YGLWG,False,No,False,DSL,44.9,1,False,False,Month-to-month,Mailed check,False,False,44.9,False,Yes,DSL0Month-to-month,False,Male,True,No,Yes,0.7106442605979906
91.38571428571429,0,4060-LDNLU,False,Yes,False,Fiber optic,96.2,7,False,True,Month-to-month,Electronic check,False,True,639.7,False,Yes,Fiber optic0Month-to-month,False,Male,False,No,Yes,0.8863991060375058
75.78125,1,7130-VTEWQ,False,Yes,False,Fiber optic,75.75,8,False,False,Month-to-month,Electronic check,False,False,606.25,False,Yes,Fiber optic1Month-to-month,False,Female,True,Yes,Yes,0.9291106558054367
44.69,0,8722-NGNBH,False,No phone service,False,DSL,40.0,5,True,False,Month-to-month,Mailed check,True,False,223.45,False,No,DSL0Month-to-month,True,Male,False,Yes,Yes,0.554132747696222
97.40322580645162,0,8914-RBTSB,True,Yes,True,Fiber optic,93.8,31,True,True,Month-to-month,Electronic check,False,False,3019.5,False,Yes,Fiber optic0Month-to-month,False,Male,False,Yes,Yes,0.6440704521281488
47.684090909090905,0,5445-GLVOT,False,No,False,DSL,49.8,22,False,False,Month-to-month,Electronic check,True,False,1049.05,False,Yes,DSL0Month-to-month,False,Female,True,No,Yes,0.505270601016778
73.41363636363636,0,9800-ONTFE,True,Yes,False,Fiber optic,75.8,22,False,False,Month-to-month,Bank transfer (automatic),False,False,1615.1,True,Yes,Fiber optic0Month-to-month,False,Female,True,No,Yes,0.7020397897669869
75.45,0,5834-ASPWA,False,Yes,False,Fiber optic,75.45,1,False,False,Month-to-month,Electronic check,False,False,75.45,False,Yes,Fiber optic0Month-to-month,False,Male,True,Yes,Yes,0.9432851222594612
70.1,0,4702-IOQDC,False,No,False,Fiber optic,70.1,1,False,False,Month-to-month,Electronic check,False,False,70.1,False,Yes,Fiber optic0Month-to-month,False,Female,True,Yes,Yes,0.9119811964694746
78.175,1,3097-NQYSN,True,Yes,False,Fiber optic,86.85,2,False,True,Month-to-month,Mailed check,False,False,156.35,False,Yes,Fiber optic1Month-to-month,False,Male,True,Yes,Yes,0.904168120952562
43.36666666666667,0,6304-IJFSQ,False,No,True,DSL,49.9,3,False,False,Month-to-month,Mailed check,False,False,130.1,False,Yes,DSL0Month-to-month,False,Male,True,Yes,Yes,0.671366176850467
85.07241379310345,0,2683-BPJSO,True,Yes,True,Fiber optic,84.45,29,False,False,Month-to-month,Electronic check,True,False,2467.1,False,Yes,Fiber optic0Month-to-month,False,Male,True,Yes,Yes,0.534461108523584
95.25,0,5698-BQJOH,False,Yes,False,Fiber optic,94.4,9,False,True,Month-to-month,Electronic check,False,True,857.25,False,Yes,Fiber optic0Month-to-month,False,Female,False,Yes,Yes,0.8864483967408672
90.6,1,8775-LHDJH,True,Yes,True,Fiber optic,90.6,1,False,True,Month-to-month,Electronic check,False,False,90.6,False,Yes,Fiber optic1Month-to-month,False,Female,True,Yes,Yes,0.9355773360686624
31.875,0,7389-KBFIT,True,No phone service,True,DSL,30.25,2,False,False,Month-to-month,Mailed check,False,False,63.75,True,No,DSL0Month-to-month,False,Female,True,No,Yes,0.6589515382860968
109.10714285714286,0,2886-KEFUM,True,Yes,True,Fiber optic,107.5,63,True,True,One year,Electronic check,False,True,6873.75,False,Yes,Fiber optic0One year,False,Female,True,Yes,Yes,0.5584543891276548
70.53,0,7905-TVXTA,False,No,False,DSL,64.35,5,False,True,Month-to-month,Electronic check,True,False,352.65,False,Yes,DSL0Month-to-month,True,Female,True,No,Yes,0.6460946773339075
119.09351851851852,1,0442-ZXKVS,True,Yes,True,Fiber optic,115.6,54,True,True,One year,Bank transfer (automatic),True,True,6431.05,False,Yes,Fiber optic1One year,True,Female,True,No,Yes,0.6146406087289159
76.042,0,1216-JWVUX,True,No,True,Fiber optic,75.5,25,False,False,Month-to-month,Electronic check,False,False,1901.05,True,Yes,Fiber optic0Month-to-month,False,Male,True,No,Yes,0.6077890765908882
29.4,0,0811-GSDTP,False,No phone service,True,DSL,30.15,13,False,False,Month-to-month,Electronic check,False,False,382.2,True,No,DSL0Month-to-month,False,Female,False,No,Yes,0.534345770967977
73.84375,1,2956-GGUCQ,True,Yes,False,Fiber optic,78.85,24,False,False,Month-to-month,Electronic check,True,False,1772.25,False,Yes,Fiber optic1Month-to-month,False,Male,True,Yes,Yes,0.76094101709249
94.0,1,9300-AGZNL,False,Yes,False,Fiber optic,94.0,1,False,True,Month-to-month,Electronic check,False,True,94.0,False,Yes,Fiber optic1Month-to-month,False,Male,True,Yes,Yes,0.9536929938471469
99.39868421052631,0,2519-FAKOD,False,Yes,False,Fiber optic,99.25,38,True,True,Month-to-month,Bank transfer (automatic),False,True,3777.15,True,Yes,Fiber optic0Month-to-month,False,Male,True,Yes,Yes,0.7498879833119776
102.425,1,4822-RVYBB,False,Yes,False,Fiber optic,100.6,8,True,True,Month-to-month,Electronic check,False,True,819.4,False,Yes,Fiber optic1Month-to-month,False,Male,True,Yes,Yes,0.9619776256708358
90.23333333333333,0,2276-YDAVZ,False,Yes,False,Fiber optic,75.1,3,False,False,Month-to-month,Credit card (automatic),False,False,270.7,False,Yes,Fiber optic0Month-to-month,False,Female,True,Yes,Yes,0.9314221886911734
56.4,0,2626-URJFX,True,Yes,False,DSL,50.9,4,False,False,Month-to-month,Electronic check,False,False,225.6,True,Yes,DSL0Month-to-month,False,Male,True,Yes,Yes,0.7805894975924584
60.125,0,7321-VGNKU,True,No,False,Fiber optic,70.35,2,False,False,Month-to-month,Electronic check,False,False,120.25,False,Yes,Fiber optic0Month-to-month,False,Female,True,No,Yes,0.8713382942666105
82.94444444444444,1,2642-DTVCO,False,Yes,False,Fiber optic,85.05,9,False,False,Month-to-month,Electronic check,False,True,746.5,False,Yes,Fiber optic1Month-to-month,False,Male,True,Yes,Yes,0.9284234908864808
96.66976744186047,1,9699-UBQFS,True,Yes,True,Fiber optic,94.5,43,False,True,Month-to-month,Electronic check,True,False,4156.8,False,Yes,Fiber optic1Month-to-month,False,Female,True,No,Yes,0.7980235873888726
22.8625,1,1855-CFULU,False,No,False,No,20.05,4,False,False,Month-to-month,Mailed check,False,False,91.45,False,Yes,No1Month-to-month,False,Female,False,No,Yes,0.5340319979407946
107.14047619047618,0,1309-BXVOQ,True,Yes,False,Fiber optic,106.1,21,True,True,Month-to-month,Electronic check,False,True,2249.95,False,Yes,Fiber optic0Month-to-month,True,Male,True,Yes,Yes,0.8479547913984818
71.1546875,1,6022-UGGSO,False,No,True,Fiber optic,74.4,32,False,False,Month-to-month,Electronic check,False,False,2276.95,False,Yes,Fiber optic1Month-to-month,False,Female,True,Yes,Yes,0.6431850769797324
101.67105263157895,0,5883-GTGVD,False,Yes,True,Fiber optic,99.95,19,False,True,Month-to-month,Electronic check,False,True,1931.75,False,Yes,Fiber optic0Month-to-month,False,Male,True,Yes,Yes,0.8810363912969287
87.35000000000001,0,0772-GYEQQ,False,No,False,Fiber optic,88.35,3,True,True,Month-to-month,Mailed check,False,False,262.05,False,Yes,Fiber optic0Month-to-month,True,Male,True,Yes,Yes,0.8211647055505709
104.41909090909091,0,4088-YLDSU,True,Yes,False,Fiber optic,104.15,55,True,True,One year,Electronic check,False,True,5743.05,False,Yes,Fiber optic0One year,True,Male,True,Yes,Yes,0.5031738867831153
82.41111111111111,0,0727-IWKVK,True,No,True,Fiber optic,79.9,9,True,False,Month-to-month,Electronic check,False,False,741.7,False,Yes,Fiber optic0Month-to-month,False,Male,True,Yes,Yes,0.7893135463030482
97.88333333333333,0,7938-OUHIO,False,No,False,Fiber optic,98.7,3,True,True,Month-to-month,Electronic check,False,True,293.65,False,Yes,Fiber optic0Month-to-month,True,Male,True,Yes,Yes,0.9320038639961672
60.0,0,4797-AXPXK,False,No,True,DSL,60.0,1,False,False,Month-to-month,Electronic check,True,False,60.0,True,Yes,DSL0Month-to-month,True,Female,True,Yes,Yes,0.6374665130347454
58.9125,0,7009-LGECI,False,No,False,DSL,50.55,4,False,False,Month-to-month,Bank transfer (automatic),True,False,235.65,False,Yes,DSL0Month-to-month,False,Female,True,No,Yes,0.6589142313764229
45.541666666666664,0,2720-FVBQP,True,Yes,False,DSL,48.95,6,False,False,Month-to-month,Credit card (automatic),False,False,273.25,True,Yes,DSL0Month-to-month,False,Female,True,No,Yes,0.7426402080689855
79.65,0,8058-INTPH,False,No,False,Fiber optic,79.65,1,False,True,Month-to-month,Electronic check,False,False,79.65,False,Yes,Fiber optic0Month-to-month,False,Female,True,Yes,Yes,0.9496260220758358
55.9375,0,9842-EFSYY,False,No phone service,True,DSL,57.2,4,True,True,Month-to-month,Mailed check,True,True,223.75,True,No,DSL0Month-to-month,False,Female,True,No,Yes,0.7561271321834823
48.22692307692307,0,9039-RBEEE,False,No phone service,True,DSL,48.95,39,False,True,Month-to-month,Credit card (automatic),True,False,1880.85,False,No,DSL0Month-to-month,True,Male,True,Yes,Yes,0.532433232449041
31.93793103448276,0,3689-MOZGR,False,No phone service,False,DSL,31.2,29,False,False,Month-to-month,Electronic check,False,False,926.2,False,No,DSL0Month-to-month,True,Female,True,No,Yes,0.5537715968861108
96.15428571428572,1,6522-YRBXD,True,Yes,True,Fiber optic,94.55,35,False,False,Month-to-month,Electronic check,True,True,3365.4,False,Yes,Fiber optic1Month-to-month,False,Male,True,No,Yes,0.7743865194386153
81.1296875,0,5301-GAUUY,False,Yes,True,Fiber optic,80.35,32,False,False,Month-to-month,Bank transfer (automatic),False,False,2596.15,False,Yes,Fiber optic0Month-to-month,False,Male,True,Yes,Yes,0.5770085314626638
81.175,0,8035-PWSEV,False,No,False,Fiber optic,89.25,6,True,False,Month-to-month,Electronic check,False,True,487.05,False,Yes,Fiber optic0Month-to-month,True,Female,True,No,Yes,0.7665997003971248
39.892857142857146,0,4323-SADQS,True,No phone service,False,DSL,34.5,7,False,False,Month-to-month,Electronic check,True,False,279.25,True,No,DSL0Month-to-month,True,Male,True,Yes,Yes,0.5944892235508197
88.43541666666665,0,6365-MTGZX,False,No,False,Fiber optic,96.0,24,False,True,Month-to-month,Electronic check,False,True,2122.45,False,Yes,Fiber optic0Month-to-month,True,Male,True,Yes,Yes,0.6503669346413686
103.40645161290323,0,1550-EENBN,False,Yes,True,Fiber optic,104.35,31,False,True,Month-to-month,Electronic check,True,True,3205.6,False,Yes,Fiber optic0Month-to-month,False,Female,False,No,Yes,0.664318100701709
67.62647058823529,0,9824-BEMCV,True,No,False,Fiber optic,69.0,17,False,False,Month-to-month,Electronic check,False,False,1149.65,True,Yes,Fiber optic0Month-to-month,False,Male,True,Yes,Yes,0.6963693855187775
43.38333333333333,0,2637-FKFSY,True,No,False,DSL,46.1,3,False,False,Month-to-month,Mailed check,False,False,130.15,False,Yes,DSL0Month-to-month,False,Female,True,No,Yes,0.695952057828297
81.275,1,9050-IKDZA,False,No,False,Fiber optic,81.5,2,False,True,Month-to-month,Mailed check,False,False,162.55,False,Yes,Fiber optic1Month-to-month,False,Female,False,No,Yes,0.7912717126789975
106.38384615384615,0,5055-MGMGF,True,Yes,False,Fiber optic,105.05,65,True,True,Month-to-month,Electronic check,True,True,6914.95,False,Yes,Fiber optic0Month-to-month,False,Female,True,No,Yes,0.6274157553830385
107.7375,0,6815-ABQFQ,True,Yes,True,Fiber optic,107.25,56,False,True,One year,Electronic check,False,True,6033.3,False,Yes,Fiber optic0One year,True,Male,True,No,Yes,0.5048925287559279
98.71944444444445,0,8784-CGILN,False,Yes,False,Fiber optic,99.85,18,False,True,Month-to-month,Bank transfer (automatic),False,True,1776.95,False,Yes,Fiber optic0Month-to-month,True,Female,True,Yes,Yes,0.8246578706190505
44.8375,0,0742-MOABM,True,No,False,DSL,50.05,4,False,False,Month-to-month,Mailed check,False,False,179.35,False,Yes,DSL0Month-to-month,True,Male,False,Yes,Yes,0.5717611450172544
41.525,0,6537-QLGEX,False,No phone service,False,DSL,38.9,16,False,True,Month-to-month,Electronic check,True,False,664.4,False,No,DSL0Month-to-month,False,Female,True,No,Yes,0.6569701332495073
68.865,1,1907-UBQFC,False,No,True,Fiber optic,72.85,10,False,False,Month-to-month,Electronic check,False,False,688.65,False,Yes,Fiber optic1Month-to-month,False,Male,True,Yes,Yes,0.8096614919610557
70.35,0,7465-ZZRVX,False,No,False,Fiber optic,70.35,1,False,False,Month-to-month,Electronic check,False,False,70.35,False,Yes,Fiber optic0Month-to-month,False,Male,True,No,Yes,0.9048739079579758
99.49916666666667,0,3413-DHLPB,True,Yes,True,Fiber optic,103.75,60,False,True,Month-to-month,Bank transfer (automatic),False,True,5969.95,True,Yes,Fiber optic0Month-to-month,True,Male,True,No,Yes,0.5460123531773214
19.55,0,2576-HXMPA,False,No,False,No,19.55,1,False,False,Month-to-month,Credit card (automatic),False,False,19.55,False,Yes,No0Month-to-month,False,Female,False,No,Yes,0.6160584340407107
91.39769230769231,0,9614-RMGHA,True,Yes,True,Fiber optic,91.85,65,False,True,Month-to-month,Bank transfer (automatic),False,False,5940.85,False,Yes,Fiber optic0Month-to-month,False,Male,True,Yes,Yes,0.5372594850904874
75.88181818181819,1,7206-PQBBZ,True,No,False,Fiber optic,70.2,11,False,False,Month-to-month,Electronic check,False,False,834.7,False,Yes,Fiber optic1Month-to-month,False,Male,True,No,Yes,0.8004920406665499
74.35,0,4274-OWWYO,False,No,True,Fiber optic,74.35,1,False,False,Month-to-month,Electronic check,False,False,74.35,False,Yes,Fiber optic0Month-to-month,False,Male,True,Yes,Yes,0.907340810059933
87.7627450980392,0,1142-IHLOO,False,No,False,Fiber optic,87.55,51,False,True,One year,Credit card (automatic),False,True,4475.9,False,Yes,Fiber optic0One year,False,Female,False,No,Yes,0.5750787791322519
87.36153846153846,0,1195-OIYEJ,False,No,False,Fiber optic,91.1,13,False,True,Month-to-month,Electronic check,False,True,1135.7,False,Yes,Fiber optic0Month-to-month,False,Male,True,Yes,Yes,0.8229311348741969
69.60675675675675,1,9819-FBNSV,True,No,False,Fiber optic,72.25,37,False,False,Month-to-month,Bank transfer (automatic),False,False,2575.45,False,Yes,Fiber optic1Month-to-month,False,Male,True,No,Yes,0.5637001432234943
100.41938775510205,0,6988-CJEYV,False,Yes,True,Fiber optic,98.7,49,False,True,Month-to-month,Electronic check,False,True,4920.55,False,Yes,Fiber optic0Month-to-month,False,Male,False,No,Yes,0.5565846366181608
47.275,1,5485-WUYWF,False,No,False,DSL,66.4,2,True,True,Month-to-month,Bank transfer (automatic),True,False,94.55,False,Yes,DSL1Month-to-month,False,Male,False,Yes,Yes,0.8955808972267407
77.50277777777778,0,4360-PNRQB,False,Yes,False,Fiber optic,75.6,18,False,False,Month-to-month,Bank transfer (automatic),False,False,1395.05,False,Yes,Fiber optic0Month-to-month,False,Male,True,No,Yes,0.7401760163468233
77.37564102564103,0,3208-YPIOE,False,Yes,False,Fiber optic,75.25,39,False,False,Month-to-month,Electronic check,False,False,3017.65,False,Yes,Fiber optic0Month-to-month,False,Male,False,Yes,Yes,0.6451824871103133
106.80486111111111,1,0917-EZOLA,True,Yes,True,Fiber optic,104.15,72,True,True,Two year,Bank transfer (automatic),False,True,7689.95,False,Yes,Fiber optic1Two year,False,Male,True,Yes,Yes,0.5603307691402255
85.30526315789473,0,3427-GGZZI,True,Yes,True,Fiber optic,89.1,19,False,False,Month-to-month,Electronic check,False,True,1620.8,False,Yes,Fiber optic0Month-to-month,False,Female,True,No,Yes,0.7762157367468786
86.08529411764707,1,4248-QPAVC,True,Yes,False,Fiber optic,85.35,17,True,False,Month-to-month,Bank transfer (automatic),True,False,1463.45,False,Yes,Fiber optic1Month-to-month,False,Female,True,Yes,Yes,0.6842678488695471
79.35,0,5919-TMRGD,False,No,False,Fiber optic,79.35,1,False,True,Month-to-month,Electronic check,False,False,79.35,True,Yes,Fiber optic0Month-to-month,False,Female,True,Yes,Yes,0.9446239569667223
99.50185185185185,1,0406-BPDVR,True,Yes,True,Fiber optic,101.5,54,False,True,One year,Credit card (automatic),False,True,5373.1,False,Yes,Fiber optic1One year,False,Female,True,Yes,Yes,0.5612666313932801
70.81,0,1840-BIUOG,False,Yes,True,DSL,68.7,20,False,True,One year,Electronic check,False,False,1416.2,False,Yes,DSL0One year,True,Male,True,No,Yes,0.5095454987841598
40.988571428571426,1,8450-UYIBU,False,No phone service,False,DSL,39.85,35,True,True,Month-to-month,Electronic check,False,False,1434.6,False,No,DSL1Month-to-month,False,Female,True,No,Yes,0.5304705673010707
96.78541666666666,0,9360-OMDZZ,False,Yes,False,Fiber optic,94.1,24,False,True,Month-to-month,Electronic check,False,True,2322.85,False,Yes,Fiber optic0Month-to-month,False,Male,True,No,Yes,0.8239081553035098
20.15,0,4897-QSUYC,False,No,False,No,20.15,1,False,False,Month-to-month,Mailed check,False,False,20.15,False,Yes,No0Month-to-month,False,Female,True,Yes,Yes,0.6063477195140343
58.06666666666666,0,5356-CSVSQ,False,Yes,False,DSL,64.6,3,False,True,Month-to-month,Electronic check,False,False,174.2,False,Yes,DSL0Month-to-month,True,Female,False,No,Yes,0.5935281182433091
105.61428571428571,0,5035-PGZXH,False,Yes,True,Fiber optic,106.8,56,True,True,One year,Electronic check,False,True,5914.4,False,Yes,Fiber optic0One year,False,Female,True,No,Yes,0.5534519448531298
73.81666666666666,0,6906-ANDWJ,True,Yes,False,Fiber optic,74.9,15,False,False,Month-to-month,Bank transfer (automatic),False,False,1107.25,True,Yes,Fiber optic0Month-to-month,False,Male,True,Yes,Yes,0.7573972863581351
49.65,0,1660-HSOOQ,False,No,False,DSL,49.65,1,True,False,Month-to-month,Mailed check,False,False,49.65,False,Yes,DSL0Month-to-month,False,Male,True,Yes,Yes,0.7325391369723357
73.47222222222223,0,4910-AQFFX,True,Yes,False,Fiber optic,79.35,9,True,False,Month-to-month,Bank transfer (automatic),False,False,661.25,True,Yes,Fiber optic0Month-to-month,False,Male,True,Yes,Yes,0.7838679914658722
69.09545454545454,0,2501-XWWTZ,False,No,False,Fiber optic,70.2,11,False,False,Month-to-month,Electronic check,False,False,760.05,False,Yes,Fiber optic0Month-to-month,False,Male,False,No,Yes,0.6559598325901063
102.29605263157895,0,6807-SIWJI,False,Yes,True,Fiber optic,104.85,38,False,True,One year,Electronic check,True,True,3887.25,False,Yes,Fiber optic0One year,False,Male,True,No,Yes,0.6644505669939902
20.45,0,5996-DAOQL,False,No,False,No,20.45,1,False,False,Month-to-month,Mailed check,False,False,20.45,False,Yes,No0Month-to-month,False,Male,True,No,Yes,0.5727671891483944
20.95,0,5624-BQSSA,False,No,False,No,20.95,1,False,False,Month-to-month,Mailed check,False,False,20.95,False,Yes,No0Month-to-month,False,Female,False,Yes,Yes,0.5375236000029847
81.7,1,4395-PZMSN,False,No,True,Fiber optic,85.55,5,False,False,Month-to-month,Electronic check,False,True,408.5,False,Yes,Fiber optic1Month-to-month,False,Male,True,No,Yes,0.9262984502015276
86.4735294117647,1,2739-CACDQ,False,Yes,False,Fiber optic,82.65,17,True,False,Month-to-month,Credit card (automatic),False,False,1470.05,False,Yes,Fiber optic1Month-to-month,False,Female,True,No,Yes,0.7756598156529372
50.45,0,7250-EQKIY,True,No,False,DSL,50.45,1,True,False,Month-to-month,Mailed check,False,False,50.45,True,Yes,DSL0Month-to-month,False,Female,False,Yes,Yes,0.684010601858843
57.76428571428572,0,6135-OZQVA,False,Yes,False,DSL,53.65,7,False,False,Month-to-month,Electronic check,True,False,404.35,False,Yes,DSL0Month-to-month,False,Female,True,No,Yes,0.736496624450313
98.525,0,8019-ENHXU,True,Yes,True,Fiber optic,99.45,42,True,False,Month-to-month,Electronic check,False,True,4138.05,False,Yes,Fiber optic0Month-to-month,True,Male,True,Yes,Yes,0.6399009003068896
89.81969696969698,0,8849-AYPTR,True,No,False,Fiber optic,91.25,33,False,True,Month-to-month,Electronic check,False,True,2964.05,False,Yes,Fiber optic0Month-to-month,False,Male,False,No,Yes,0.5953527040815929
91.99411764705883,1,7225-CBZPL,True,Yes,False,Fiber optic,94.8,17,False,True,Month-to-month,Electronic check,False,True,1563.9,False,Yes,Fiber optic1Month-to-month,False,Male,True,No,Yes,0.8318895365830047
85.78461538461539,0,5889-LFOLL,False,Yes,False,Fiber optic,84.6,13,False,False,Month-to-month,Electronic check,False,True,1115.2,False,Yes,Fiber optic0Month-to-month,False,Female,True,Yes,Yes,0.8492481389403462
65.71973684210526,1,7657-DYEPJ,False,No,True,DSL,70.15,38,True,True,One year,Credit card (automatic),False,False,2497.35,False,Yes,DSL1One year,True,Male,True,Yes,Yes,0.6832390701303594
76.3875,0,7786-WBJYI,False,Yes,True,Fiber optic,77.95,4,False,False,Month-to-month,Bank transfer (automatic),False,False,305.55,False,Yes,Fiber optic0Month-to-month,False,Female,False,Yes,Yes,0.8089738782571481
110.46969696969697,0,0114-PEGZZ,False,Yes,True,Fiber optic,107.55,33,True,True,Month-to-month,Electronic check,False,True,3645.5,False,Yes,Fiber optic0Month-to-month,False,Female,False,No,Yes,0.6867347862069432
69.7,0,4501-EQDRN,False,No,False,Fiber optic,69.7,1,False,False,Month-to-month,Bank transfer (automatic),False,False,69.7,False,Yes,Fiber optic0Month-to-month,False,Female,False,Yes,Yes,0.8131057478549069
84.12045454545455,0,0428-IKYCP,True,No,False,Fiber optic,87.0,22,True,True,Month-to-month,Bank transfer (automatic),False,False,1850.65,False,Yes,Fiber optic0Month-to-month,False,Male,True,No,Yes,0.6381573086653572
76.17727272727274,0,7625-XCQRH,False,Yes,False,Fiber optic,76.5,11,False,False,Month-to-month,Electronic check,False,False,837.95,False,Yes,Fiber optic0Month-to-month,False,Female,True,Yes,Yes,0.853619615036043
49.75,0,7312-XSBAT,False,No,False,DSL,49.75,1,False,False,Month-to-month,Electronic check,True,False,49.75,False,Yes,DSL0Month-to-month,False,Male,False,No,Yes,0.7370669489764522
86.52499999999999,1,5868-YWPDW,True,No,True,Fiber optic,84.2,6,False,False,Month-to-month,Electronic check,False,True,519.15,False,Yes,Fiber optic1Month-to-month,False,Male,True,Yes,Yes,0.9251304873484928
31.46666666666667,0,3082-VQXNH,True,No phone service,True,DSL,29.8,3,False,False,Month-to-month,Credit card (automatic),False,False,94.4,False,No,DSL0Month-to-month,False,Male,False,No,Yes,0.569769070521206
101.80652173913045,0,2985-FMWYF,False,Yes,False,Fiber optic,93.5,23,False,True,Month-to-month,Electronic check,False,True,2341.55,False,Yes,Fiber optic0Month-to-month,False,Female,True,No,Yes,0.8481076205161366
85.05,1,1069-XAIEM,False,Yes,False,Fiber optic,85.05,1,False,False,Month-to-month,Electronic check,False,True,85.05,False,Yes,Fiber optic1Month-to-month,False,Female,True,Yes,Yes,0.9582371647762941
25.8,1,0661-XEYAN,False,No phone service,False,DSL,25.8,1,False,False,Month-to-month,Mailed check,False,False,25.8,False,No,DSL1Month-to-month,False,Female,True,Yes,Yes,0.950991125086302
105.00151515151515,1,8059-UDZFY,False,Yes,True,Fiber optic,105.35,33,True,True,Month-to-month,Bank transfer (automatic),False,True,3465.05,True,Yes,Fiber optic1Month-to-month,False,Female,True,No,Yes,0.670015810753084
85.67,1,6583-KQJLK,True,No,True,Fiber optic,94.65,15,False,True,Month-to-month,Electronic check,False,True,1285.05,False,Yes,Fiber optic1Month-to-month,False,Female,True,No,Yes,0.7273716184498495
89.21000000000001,1,6015-VVHHE,False,Yes,False,Fiber optic,83.15,5,False,True,Month-to-month,Credit card (automatic),False,False,446.05,False,Yes,Fiber optic1Month-to-month,False,Female,True,Yes,Yes,0.9057603189649176
82.57954545454545,0,5934-RMPOV,False,Yes,False,Fiber optic,84.75,22,False,False,Month-to-month,Electronic check,False,True,1816.75,True,Yes,Fiber optic0Month-to-month,False,Female,True,No,Yes,0.7453028584969581
91.9388888888889,0,7426-RHZGU,False,No,False,Fiber optic,95.9,9,False,True,Month-to-month,Bank transfer (automatic),False,True,827.45,False,Yes,Fiber optic0Month-to-month,True,Male,True,No,Yes,0.7729479927699267
108.646875,0,2067-QYTCF,True,Yes,True,Fiber optic,111.15,64,True,True,Month-to-month,Electronic check,False,True,6953.4,False,Yes,Fiber optic0Month-to-month,True,Female,True,No,Yes,0.5833604358705562
101.47241379310344,0,0348-SDKOL,True,Yes,False,Fiber optic,102.1,58,True,True,Month-to-month,Credit card (automatic),False,True,5885.4,False,Yes,Fiber optic0Month-to-month,True,Female,True,Yes,Yes,0.5895282142746128
96.435,0,6818-DJXAA,False,No,False,Fiber optic,91.1,10,True,True,Month-to-month,Electronic check,False,False,964.35,True,Yes,Fiber optic0Month-to-month,True,Female,True,No,Yes,0.7965143181890175
100.62424242424242,0,8709-KRDVL,False,Yes,True,Fiber optic,100.0,33,False,True,Month-to-month,Electronic check,False,True,3320.6,False,Yes,Fiber optic0Month-to-month,False,Female,True,No,Yes,0.8194635576421422
78.6888888888889,0,8778-LMWTJ,False,No,False,Fiber optic,74.85,9,False,False,Month-to-month,Electronic check,True,False,708.2,False,Yes,Fiber optic0Month-to-month,False,Female,True,No,Yes,0.7463942625456099
101.00425531914894,1,4128-ETESU,True,Yes,False,Fiber optic,99.7,47,True,True,Month-to-month,Electronic check,False,True,4747.2,False,Yes,Fiber optic1Month-to-month,False,Female,False,No,Yes,0.8818347119617781
86.88333333333333,0,8780-IXSTS,False,Yes,True,Fiber optic,90.1,6,False,True,Month-to-month,Electronic check,False,False,521.3,False,Yes,Fiber optic0Month-to-month,False,Female,True,Yes,Yes,0.9041122628687202
44.35,0,6142-VSJQO,True,No,False,DSL,44.35,1,False,False,Month-to-month,Bank transfer (automatic),False,False,44.35,True,Yes,DSL0Month-to-month,False,Female,True,Yes,Yes,0.7354384133732013
87.34700000000001,1,6583-QGCSI,True,Yes,True,Fiber optic,88.05,50,False,True,Month-to-month,Electronic check,False,False,4367.35,False,Yes,Fiber optic1Month-to-month,False,Female,True,Yes,Yes,0.7234039376684355
43.62,0,6143-JQKEA,False,No,False,DSL,45.8,10,False,False,Month-to-month,Credit card (automatic),False,False,436.2,False,Yes,DSL0Month-to-month,False,Male,True,No,Yes,0.5560023965653994
105.7358695652174,1,8818-DOPVL,False,Yes,True,Fiber optic,104.45,46,True,True,Month-to-month,Electronic check,False,True,4863.85,False,Yes,Fiber optic1Month-to-month,False,Female,True,No,Yes,0.9003755880866627
55.06666666666666,0,3656-TKRVZ,False,No,True,DSL,55.35,3,False,False,Month-to-month,Electronic check,True,False,165.2,False,Yes,DSL0Month-to-month,False,Female,False,Yes,Yes,0.609139695705205
69.1,0,3716-BDVDB,False,No,False,Fiber optic,69.1,1,False,False,Month-to-month,Electronic check,False,False,69.1,False,Yes,Fiber optic0Month-to-month,False,Male,True,Yes,Yes,0.8991302121434214
43.97272727272727,0,4566-QVRRW,True,No,False,DSL,44.05,11,False,False,Month-to-month,Electronic check,False,False,483.7,False,Yes,DSL0Month-to-month,False,Female,True,Yes,Yes,0.5899663691241619
120.74918032786886,0,5734-EJKXG,False,Yes,True,Fiber optic,118.6,61,True,True,One year,Electronic check,True,True,7365.7,False,Yes,Fiber optic0One year,True,Female,True,No,Yes,0.5167307300676499
94.13958333333333,0,5666-CYCYZ,False,Yes,False,Fiber optic,89.55,24,False,False,Month-to-month,Electronic check,False,True,2259.35,False,Yes,Fiber optic0Month-to-month,True,Female,True,No,Yes,0.6799550541774662
87.26,1,8875-AKBYH,False,Yes,False,Fiber optic,84.35,20,False,True,Month-to-month,Electronic check,False,False,1745.2,False,Yes,Fiber optic1Month-to-month,False,Male,True,No,Yes,0.7514447579901521
88.735,0,7410-OIEDU,False,No,False,Fiber optic,79.85,10,True,False,Month-to-month,Mailed check,True,False,887.35,False,Yes,Fiber optic0Month-to-month,False,Male,True,No,Yes,0.6340209599709608
95.45,0,0295-PPHDO,False,Yes,False,Fiber optic,95.45,1,False,True,Month-to-month,Electronic check,False,True,95.45,False,Yes,Fiber optic0Month-to-month,False,Male,True,Yes,Yes,0.9726449044528772
24.7,0,2538-OIMXF,False,No phone service,False,DSL,24.7,1,False,False,Month-to-month,Mailed check,False,False,24.7,True,No,DSL0Month-to-month,False,Female,False,No,Yes,0.6365741920635668
98.92551020408165,0,2040-VZIKE,True,Yes,False,Fiber optic,100.85,49,False,True,Month-to-month,Mailed check,True,True,4847.35,False,Yes,Fiber optic0Month-to-month,False,Female,True,No,Yes,0.5502660698073406
40.923170731707316,0,8807-ARQET,False,No phone service,True,DSL,40.35,41,False,False,Month-to-month,Electronic check,False,True,1677.85,False,No,DSL0Month-to-month,False,Female,True,No,Yes,0.6626718958423321
82.065,0,3955-JBZZM,False,No,False,Fiber optic,78.8,20,False,True,Month-to-month,Electronic check,False,False,1641.3,False,Yes,Fiber optic0Month-to-month,False,Male,False,No,Yes,0.7000059055851127
69.25,1,7206-GZCDC,False,No,False,Fiber optic,69.25,1,False,False,Month-to-month,Electronic check,False,False,69.25,False,Yes,Fiber optic1Month-to-month,False,Female,True,Yes,Yes,0.8762324001714852
105.6575,1,2519-LBNQL,True,Yes,True,Fiber optic,104.35,60,True,True,One year,Electronic check,False,True,6339.45,False,Yes,Fiber optic1One year,False,Male,True,No,Yes,0.6570615864278951
95.46195652173913,0,8631-WUXGY,False,No,True,Fiber optic,99.8,46,True,True,Month-to-month,Electronic check,False,True,4391.25,True,Yes,Fiber optic0Month-to-month,False,Female,True,No,Yes,0.6456998766443977
78.14722222222223,0,2911-WDXMV,False,Yes,False,Fiber optic,80.55,18,True,False,Month-to-month,Credit card (automatic),False,False,1406.65,True,Yes,Fiber optic0Month-to-month,False,Male,True,No,Yes,0.6985840962083004
48.55,0,0322-YINQP,False,No,False,DSL,48.55,1,False,False,Month-to-month,Mailed check,True,False,48.55,False,Yes,DSL0Month-to-month,False,Male,True,Yes,Yes,0.702029897193766
79.21666666666667,0,0432-CAJZV,False,No,False,Fiber optic,90.7,3,False,True,Month-to-month,Mailed check,False,True,237.65,False,Yes,Fiber optic0Month-to-month,False,Male,False,No,Yes,0.7953849842076943
20.15,0,4781-ZXYGU,True,No,False,No,20.15,1,False,False,Month-to-month,Bank transfer (automatic),False,False,20.15,True,Yes,No0Month-to-month,False,Male,True,No,Yes,0.5319811847697099
89.05,0,5349-IECLD,False,No,False,Fiber optic,94.95,2,True,True,Month-to-month,Electronic check,False,True,178.1,False,Yes,Fiber optic0Month-to-month,False,Male,False,Yes,Yes,0.9053035694888856
79.71000000000001,0,9696-RMYBA,False,No,False,Fiber optic,80.1,5,False,True,Month-to-month,Mailed check,False,False,398.55,False,Yes,Fiber optic0Month-to-month,False,Male,True,No,Yes,0.8501252307201577
77.0125,1,6630-UJZMY,True,Yes,False,Fiber optic,83.25,4,False,True,Month-to-month,Electronic check,False,False,308.05,False,Yes,Fiber optic1Month-to-month,False,Female,True,No,Yes,0.9436866636559349
51.26666666666667,0,7351-MHQVU,False,No phone service,True,DSL,50.95,6,False,False,Month-to-month,Credit card (automatic),True,True,307.6,False,No,DSL0Month-to-month,True,Female,False,No,Yes,0.6250864752914861
77.26666666666667,1,7576-OYWBN,False,Yes,False,Fiber optic,76.05,3,False,False,Month-to-month,Electronic check,False,False,231.8,False,Yes,Fiber optic1Month-to-month,False,Male,True,Yes,Yes,0.9458845466318907
111.9825,0,2249-YPRNG,True,Yes,True,Fiber optic,105.85,20,True,True,Month-to-month,Bank transfer (automatic),False,True,2239.65,True,Yes,Fiber optic0Month-to-month,False,Female,True,Yes,Yes,0.7934330093811708
19.6,0,7989-CHGTL,False,No,False,No,19.6,1,False,False,Month-to-month,Mailed check,False,False,19.6,False,Yes,No0Month-to-month,False,Male,True,Yes,Yes,0.5987523610344456
50.91375,0,0980-PVMRC,True,No phone service,True,DSL,50.85,40,False,True,Month-to-month,Electronic check,False,True,2036.55,True,No,DSL0Month-to-month,False,Female,True,No,Yes,0.6829730998232593
95.04230769230769,1,9290-SHCMB,False,No,False,Fiber optic,96.85,13,True,True,Month-to-month,Electronic check,False,True,1235.55,False,Yes,Fiber optic1Month-to-month,False,Female,True,No,Yes,0.8260966733438108
88.25357142857142,0,7508-MYBOG,True,Yes,False,Fiber optic,86.1,14,False,True,Month-to-month,Electronic check,False,False,1235.55,False,Yes,Fiber optic0Month-to-month,False,Male,True,Yes,Yes,0.8732013163249923
19.25,0,1098-TDVUQ,False,No,False,No,19.25,1,False,False,Month-to-month,Bank transfer (automatic),False,False,19.25,False,Yes,No0Month-to-month,False,Female,True,No,Yes,0.6497391128949441
92.61470588235295,0,4558-FANTW,True,No,False,Fiber optic,91.85,17,False,True,Month-to-month,Electronic check,True,False,1574.45,True,Yes,Fiber optic0Month-to-month,True,Female,False,Yes,Yes,0.5140760893791261
97.228125,0,0637-YLETY,False,Yes,True,Fiber optic,95.6,16,True,False,Month-to-month,Credit card (automatic),False,True,1555.65,False,Yes,Fiber optic0Month-to-month,False,Female,True,Yes,Yes,0.7860889846629237
83.51666666666667,1,1704-NRWYE,False,No,False,Fiber optic,80.85,9,False,True,Month-to-month,Electronic check,False,False,751.65,False,Yes,Fiber optic1Month-to-month,False,Female,True,Yes,Yes,0.8235690803219953
107.33934426229509,0,5469-CTCWN,True,Yes,True,Fiber optic,106.0,61,False,True,One year,Electronic check,True,True,6547.7,True,Yes,Fiber optic0One year,False,Male,True,Yes,Yes,0.5676622162016823
72.0875,0,3199-XGZCY,False,Yes,False,Fiber optic,75.25,8,False,False,Month-to-month,Electronic check,False,False,576.7,False,Yes,Fiber optic0Month-to-month,False,Female,True,No,Yes,0.8731381887224515
96.7423076923077,0,4735-ASGMA,False,Yes,False,Fiber optic,98.35,26,True,True,Month-to-month,Electronic check,False,True,2515.3,False,Yes,Fiber optic0Month-to-month,False,Male,True,Yes,Yes,0.8248179562887854
24.30128205128205,0,1696-MZVAU,True,No phone service,False,DSL,25.25,39,False,False,One year,Credit card (automatic),False,False,947.75,True,No,DSL0One year,False,Male,True,No,Yes,0.5065182165079086
108.37682926829268,0,0337-CNPZE,False,Yes,True,Fiber optic,106.3,41,True,True,Month-to-month,Electronic check,False,True,4443.45,False,Yes,Fiber optic0Month-to-month,False,Female,True,Yes,Yes,0.7964202663026255
48.825,0,1260-TTRXI,False,No,False,DSL,54.3,4,False,False,Month-to-month,Electronic check,False,True,195.3,False,Yes,DSL0Month-to-month,False,Male,False,Yes,Yes,0.722551109824137
105.90729166666667,0,5118-MUEYH,True,Yes,True,Fiber optic,105.1,48,False,True,Month-to-month,Credit card (automatic),False,True,5083.55,False,Yes,Fiber optic0Month-to-month,True,Female,True,No,Yes,0.5796180512702805
105.97391304347826,1,0691-IFBQW,False,Yes,True,Fiber optic,110.0,46,True,True,One year,Electronic check,True,True,4874.8,False,Yes,Fiber optic1One year,False,Female,True,Yes,Yes,0.5554921883489459
78.37391304347825,1,6961-VCPMC,True,No,False,Fiber optic,80.4,46,False,False,Month-to-month,Electronic check,False,True,3605.2,False,Yes,Fiber optic1Month-to-month,False,Male,True,Yes,Yes,0.8498736903850513
90.85,1,2720-WGKHP,False,Yes,False,Fiber optic,94.0,2,False,True,Month-to-month,Electronic check,False,True,181.7,False,Yes,Fiber optic1Month-to-month,False,Male,True,Yes,Yes,0.9403967702028851
97.16037735849056,0,1323-OOEPC,True,Yes,True,Fiber optic,98.4,53,False,True,Month-to-month,Credit card (automatic),False,True,5149.5,False,Yes,Fiber optic0Month-to-month,False,Female,True,Yes,Yes,0.6014205884698856
104.11458333333333,0,6891-JPYFF,True,Yes,True,Fiber optic,105.25,48,False,True,Month-to-month,Credit card (automatic),True,True,4997.5,True,Yes,Fiber optic0Month-to-month,False,Female,True,No,Yes,0.5553896724650081
83.26034482758621,1,3312-ZWLGF,True,Yes,False,Fiber optic,79.3,29,False,False,Month-to-month,Electronic check,False,False,2414.55,False,Yes,Fiber optic1Month-to-month,True,Male,True,No,Yes,0.6406479881355744
78.35000000000001,0,0225-ZORZP,False,No,True,Fiber optic,84.3,3,False,False,Month-to-month,Electronic check,False,True,235.05,False,Yes,Fiber optic0Month-to-month,False,Male,False,No,Yes,0.8034159325177823
91.93372093023255,1,5461-QKNTN,True,Yes,True,Fiber optic,94.3,43,False,True,Month-to-month,Electronic check,False,False,3953.15,False,Yes,Fiber optic1Month-to-month,True,Male,True,No,Yes,0.6727814289439046
90.5609375,1,8189-XRIKE,False,No,False,Fiber optic,90.95,32,False,True,Month-to-month,Electronic check,False,True,2897.95,False,Yes,Fiber optic1Month-to-month,False,Female,False,No,Yes,0.5523329542725477
112.1141791044776,0,3199-NPKCN,True,Yes,False,Fiber optic,111.25,67,True,True,One year,Electronic check,True,True,7511.65,False,Yes,Fiber optic0One year,True,Female,True,No,Yes,0.617367201211636
83.58,1,4612-SSVHJ,False,No,False,Fiber optic,81.45,20,False,False,Month-to-month,Electronic check,False,True,1671.6,False,Yes,Fiber optic1Month-to-month,False,Female,True,No,Yes,0.7955858238532086
50.5625,0,1215-VFYVK,False,No phone service,False,DSL,48.25,4,True,False,Month-to-month,Mailed check,True,True,202.25,False,No,DSL0Month-to-month,True,Female,False,No,Yes,0.7273710804641772
92.05,1,3643-AHCFP,True,Yes,False,Fiber optic,95.6,7,False,True,Month-to-month,Bank transfer (automatic),False,True,644.35,False,Yes,Fiber optic1Month-to-month,False,Male,True,Yes,Yes,0.902974550214129
61.7125,0,9089-UOWJG,True,No,False,DSL,58.35,12,True,True,Month-to-month,Credit card (automatic),False,False,740.55,True,Yes,DSL0Month-to-month,False,Female,True,No,Yes,0.5160129158806946
87.51923076923077,1,9281-OFDMF,False,Yes,True,Fiber optic,90.7,39,False,False,Month-to-month,Electronic check,False,True,3413.25,False,Yes,Fiber optic1Month-to-month,False,Male,False,No,Yes,0.7329693377423127
98.08181818181819,0,2982-VPSGI,True,Yes,False,Fiber optic,94.0,11,False,True,Month-to-month,Electronic check,False,True,1078.9,False,Yes,Fiber optic0Month-to-month,False,Female,True,Yes,Yes,0.9270471951126227
48.4,0,5175-AOBHI,False,No,False,DSL,46.0,4,False,False,Month-to-month,Mailed check,False,False,193.6,False,Yes,DSL0Month-to-month,False,Female,True,Yes,Yes,0.6271232849208674
75.38333333333334,1,6860-YRJZP,False,Yes,False,Fiber optic,74.05,9,False,False,Month-to-month,Electronic check,False,False,678.45,False,Yes,Fiber optic1Month-to-month,False,Male,True,No,Yes,0.9064153945350699
46.375,0,9992-UJOEL,False,No,True,DSL,50.3,2,False,False,Month-to-month,Mailed check,False,False,92.75,False,Yes,DSL0Month-to-month,False,Male,True,No,Yes,0.6585657196460397
76.3875,0,8111-RKSPX,False,Yes,False,Fiber optic,72.2,4,False,False,Month-to-month,Bank transfer (automatic),False,False,305.55,False,Yes,Fiber optic0Month-to-month,False,Male,True,Yes,Yes,0.8798451039533522
82.5125,0,3249-ZPQRG,False,Yes,True,Fiber optic,78.45,4,False,False,Month-to-month,Electronic check,False,False,330.05,False,Yes,Fiber optic0Month-to-month,False,Male,False,Yes,Yes,0.8572417768228753
69.55,1,2506-TNFCO,True,No,False,Fiber optic,69.55,1,False,False,Month-to-month,Electronic check,False,False,69.55,False,Yes,Fiber optic1Month-to-month,False,Female,True,Yes,Yes,0.8909822626648366
90.97727272727273,0,1902-XBTFB,False,No,True,Fiber optic,89.4,22,True,True,Month-to-month,Electronic check,False,False,2001.5,True,Yes,Fiber optic0Month-to-month,False,Male,True,Yes,Yes,0.673137575630904
101.67567567567568,0,2568-OIADY,True,Yes,False,Fiber optic,99.5,37,True,True,Month-to-month,Electronic check,False,True,3762.0,False,Yes,Fiber optic0Month-to-month,False,Female,True,Yes,Yes,0.8493843801132703
94.575,0,2506-CLAKW,False,No,True,Fiber optic,98.15,6,True,False,Month-to-month,Bank transfer (automatic),True,True,567.45,False,Yes,Fiber optic0Month-to-month,True,Female,True,Yes,Yes,0.6822707882603679
59.75,0,2181-UAESM,False,No,False,DSL,53.45,2,True,False,Month-to-month,Electronic check,True,False,119.5,False,Yes,DSL0Month-to-month,False,Male,False,No,Yes,0.7418081142006063
74.47857142857143,0,4291-SHSBH,False,No,False,Fiber optic,69.55,7,False,False,Month-to-month,Electronic check,False,False,521.35,False,Yes,Fiber optic0Month-to-month,False,Male,True,No,Yes,0.8106470212429077
77.43636363636364,0,8981-FJGLA,False,Yes,False,Fiber optic,78.0,11,True,False,Month-to-month,Mailed check,False,False,851.8,True,Yes,Fiber optic0Month-to-month,False,Male,True,No,Yes,0.7516048354804079
89.27325581395348,1,8012-SOUDQ,False,Yes,True,Fiber optic,90.25,43,False,True,Month-to-month,Electronic check,False,False,3838.75,False,Yes,Fiber optic1Month-to-month,False,Female,True,No,Yes,0.7776603715916441
82.93333333333334,1,6229-LSCKB,False,No,False,Fiber optic,79.7,6,False,True,Month-to-month,Electronic check,False,False,497.6,False,Yes,Fiber optic1Month-to-month,False,Male,True,No,Yes,0.8591277099484664
107.08365384615385,1,5385-SUIRI,True,Yes,False,Fiber optic,104.2,52,True,True,Month-to-month,Electronic check,True,True,5568.35,False,Yes,Fiber optic1Month-to-month,False,Male,True,Yes,Yes,0.7245090191905668
94.2702380952381,0,7547-EKNFS,True,Yes,True,Fiber optic,95.25,42,True,True,Month-to-month,Bank transfer (automatic),False,False,3959.35,False,Yes,Fiber optic0Month-to-month,False,Male,True,Yes,Yes,0.663492637248919
82.2468085106383,1,3452-ABWRL,False,Yes,False,Fiber optic,86.05,47,False,True,Month-to-month,Credit card (automatic),False,False,3865.6,False,Yes,Fiber optic1Month-to-month,False,Male,True,No,Yes,0.7218690317661595
46.3,0,7593-XFKDI,False,No,False,DSL,46.3,1,False,False,Month-to-month,Mailed check,False,False,46.3,False,Yes,DSL0Month-to-month,False,Male,False,Yes,Yes,0.6546583223026592
96.50555555555555,0,0396-YCHWO,True,Yes,False,Fiber optic,95.4,36,False,True,Month-to-month,Electronic check,False,True,3474.2,False,Yes,Fiber optic0Month-to-month,False,Male,True,No,Yes,0.817343091702828
87.01875,1,7278-CKDNC,False,Yes,True,Fiber optic,80.5,24,False,False,Month-to-month,Electronic check,False,False,2088.45,False,Yes,Fiber optic1Month-to-month,False,Male,True,No,Yes,0.7807539339736058
52.05,0,2091-MJTFX,True,No phone service,False,DSL,51.2,30,False,True,Month-to-month,Credit card (automatic),False,True,1561.5,True,No,DSL0Month-to-month,True,Female,False,Yes,Yes,0.5216016000875628
74.64375,0,4547-LYTDD,False,Yes,False,Fiber optic,72.65,16,False,False,Month-to-month,Electronic check,False,False,1194.3,False,Yes,Fiber optic0Month-to-month,False,Female,False,Yes,Yes,0.7541207655140728
59.625,0,6994-KERXL,False,No,False,DSL,55.9,4,False,False,Month-to-month,Electronic check,False,True,238.5,False,Yes,DSL0Month-to-month,False,Male,True,No,Yes,0.7499324851880018
32.833333333333336,0,0975-VOOVL,False,No phone service,True,DSL,29.2,3,False,False,Month-to-month,Mailed check,False,False,98.5,False,No,DSL0Month-to-month,False,Female,False,No,Yes,0.5534718128228938
108.38,0,2369-UAPKZ,False,Yes,True,Fiber optic,104.1,5,True,True,Month-to-month,Mailed check,False,True,541.9,False,Yes,Fiber optic0Month-to-month,False,Male,False,Yes,Yes,0.8926560933522129
70.25,0,1640-PLFMP,False,No,False,Fiber optic,70.25,1,False,False,Month-to-month,Electronic check,False,False,70.25,False,Yes,Fiber optic0Month-to-month,False,Female,True,No,Yes,0.9125514880472322
108.42307692307692,1,5336-UFNZP,True,Yes,True,Fiber optic,107.45,65,True,True,One year,Electronic check,False,True,7047.5,True,Yes,Fiber optic1One year,False,Female,True,No,Yes,0.579193085429243
72.61666666666666,0,7603-USHJS,False,Yes,False,Fiber optic,73.75,12,False,False,Month-to-month,Credit card (automatic),False,False,871.4,True,Yes,Fiber optic0Month-to-month,False,Male,True,Yes,Yes,0.7698935184521375
98.45087719298245,0,8384-FZBJK,True,Yes,True,Fiber optic,100.6,57,False,True,Month-to-month,Electronic check,False,True,5611.7,True,Yes,Fiber optic0Month-to-month,False,Female,True,No,Yes,0.6803733756449135
72.575,0,7538-GWHML,False,No,False,Fiber optic,69.65,2,False,False,Month-to-month,Electronic check,False,False,145.15,False,Yes,Fiber optic0Month-to-month,False,Female,False,Yes,Yes,0.8480681659432548
43.34130434782609,0,6243-OZGFH,False,No phone service,False,DSL,44.95,23,False,True,Month-to-month,Electronic check,False,True,996.85,False,No,DSL0Month-to-month,False,Female,True,No,Yes,0.7458192275417846
26.71153846153846,0,8718-PTMEZ,False,No phone service,True,DSL,31.05,13,False,False,Month-to-month,Electronic check,False,False,347.25,False,No,DSL0Month-to-month,False,Female,True,Yes,Yes,0.6277364704696207
66.73333333333333,0,0455-XFASS,True,No,False,Fiber optic,69.55,3,False,False,Month-to-month,Electronic check,False,False,200.2,True,Yes,Fiber optic0Month-to-month,False,Female,True,No,Yes,0.8681679515753862
74.70714285714287,0,4059-IIEBK,False,Yes,True,Fiber optic,78.55,7,False,False,Month-to-month,Bank transfer (automatic),False,False,522.95,False,Yes,Fiber optic0Month-to-month,False,Female,True,No,Yes,0.8199182331344145
93.91,0,1685-BQULA,False,Yes,True,Fiber optic,93.4,40,True,True,Month-to-month,Bank transfer (automatic),False,False,3756.4,False,Yes,Fiber optic0Month-to-month,False,Female,True,No,Yes,0.6816760909194942
82.81973684210527,1,2921-XWDJH,True,No,False,Fiber optic,83.45,38,False,False,Month-to-month,Electronic check,True,True,3147.15,False,Yes,Fiber optic1Month-to-month,False,Female,True,No,Yes,0.6580004072769262
73.575,0,4629-NRXKX,True,No,False,Fiber optic,70.4,2,False,False,Month-to-month,Electronic check,False,False,147.15,True,Yes,Fiber optic0Month-to-month,False,Female,False,Yes,Yes,0.8492502772143271
51.03333333333333,0,3426-NIYYL,False,Yes,False,DSL,51.55,15,False,False,Month-to-month,Electronic check,False,False,765.5,False,Yes,DSL0Month-to-month,False,Male,False,Yes,Yes,0.5582561704501738
79.83888888888889,1,2688-BHGOG,False,No,False,Fiber optic,79.55,9,False,False,Month-to-month,Electronic check,False,True,718.55,False,Yes,Fiber optic1Month-to-month,False,Male,True,No,Yes,0.895941632673569
73.79761904761905,0,4700-UBQMV,True,Yes,False,DSL,75.9,21,False,True,One year,Bank transfer (automatic),True,True,1549.75,True,Yes,DSL0One year,False,Male,True,No,Yes,0.5635645775887947
80.5,0,6198-ZFIOJ,False,Yes,False,Fiber optic,75.6,5,False,False,Month-to-month,Electronic check,False,False,402.5,False,Yes,Fiber optic0Month-to-month,False,Female,False,No,Yes,0.8664690495090434
97.79583333333333,0,3338-CVVEH,False,Yes,False,Fiber optic,94.55,12,False,True,Month-to-month,Electronic check,False,True,1173.55,False,Yes,Fiber optic0Month-to-month,False,Male,False,No,Yes,0.8612206844653096
75.59333333333333,1,5908-QMGOE,False,Yes,False,Fiber optic,74.2,15,False,False,Month-to-month,Credit card (automatic),False,False,1133.9,False,Yes,Fiber optic1Month-to-month,False,Male,True,Yes,Yes,0.7881409285785678
45.05,0,2833-SLKDQ,False,No,False,DSL,45.05,1,False,False,Month-to-month,Mailed check,False,False,45.05,False,Yes,DSL0Month-to-month,False,Male,False,Yes,Yes,0.6560040202170976
84.9125,0,4277-PVRAN,False,No,False,Fiber optic,80.1,8,False,True,Month-to-month,Bank transfer (automatic),False,False,679.3,False,Yes,Fiber optic0Month-to-month,False,Female,True,Yes,Yes,0.844489178181786
86.31,0,4112-LUEIZ,False,No,False,Fiber optic,89.5,10,False,True,Month-to-month,Electronic check,False,True,863.1,False,Yes,Fiber optic0Month-to-month,False,Male,True,Yes,Yes,0.8444898980791806
35.75,0,5378-IKEEG,False,No phone service,False,DSL,35.75,1,False,True,Month-to-month,Electronic check,False,False,35.75,False,No,DSL0Month-to-month,False,Female,True,Yes,Yes,0.8822700020062053
85.2125,0,2612-RRIDN,False,No,False,Fiber optic,81.0,4,False,True,Month-to-month,Electronic check,False,False,340.85,False,Yes,Fiber optic0Month-to-month,False,Male,True,Yes,Yes,0.9167931035845803
63.25,0,3137-LUPIX,False,Yes,False,DSL,64.4,4,False,True,Month-to-month,Mailed check,False,False,253.0,False,Yes,DSL0Month-to-month,True,Female,True,No,Yes,0.573421835526465
113.54609375,0,1135-HIORI,True,Yes,True,Fiber optic,111.45,64,True,True,One year,Electronic check,False,True,7266.95,True,Yes,Fiber optic0One year,True,Female,True,No,Yes,0.5645864788835389
78.83833333333334,1,4248-HCETZ,True,No,True,Fiber optic,79.65,30,True,False,Month-to-month,Mailed check,False,False,2365.15,False,Yes,Fiber optic1Month-to-month,False,Male,True,Yes,Yes,0.554324744087225
36.31666666666667,0,5759-RCVCB,False,No phone service,False,DSL,35.2,3,False,True,Month-to-month,Credit card (automatic),False,False,108.95,False,No,DSL0Month-to-month,False,Female,False,Yes,Yes,0.7569115363243892
69.83269230769231,0,1025-FALIX,False,No,False,Fiber optic,69.05,26,False,False,Month-to-month,Credit card (automatic),False,False,1815.65,False,Yes,Fiber optic0Month-to-month,False,Female,True,No,Yes,0.5505168704538783
66.38,1,2815-CPTUL,False,No,False,Fiber optic,70.25,5,False,False,Month-to-month,Mailed check,False,False,331.9,False,Yes,Fiber optic1Month-to-month,False,Male,True,Yes,Yes,0.7842179754413797
84.85,0,2202-CUYXZ,False,No,False,Fiber optic,84.85,1,True,True,Month-to-month,Electronic check,False,False,84.85,False,Yes,Fiber optic0Month-to-month,False,Male,True,Yes,Yes,0.9383914555357913
106.99302325581395,1,6179-GJPSO,False,No,True,Fiber optic,108.15,43,False,True,Month-to-month,Credit card (automatic),True,True,4600.7,False,Yes,Fiber optic1Month-to-month,True,Female,True,Yes,Yes,0.5006050793056497
101.55942028985508,0,0979-PHULV,True,Yes,False,Fiber optic,99.45,69,True,True,Month-to-month,Credit card (automatic),False,True,7007.6,True,Yes,Fiber optic0Month-to-month,False,Male,True,Yes,Yes,0.5218335858136807
92.81964285714285,0,0431-APWVY,True,No,False,Fiber optic,90.1,28,False,True,One year,Bank transfer (automatic),False,True,2598.95,True,Yes,Fiber optic0One year,False,Female,True,Yes,Yes,0.5166419939055927
98.48125,0,2924-KHUVI,True,Yes,False,Fiber optic,100.55,56,False,True,One year,Electronic check,True,True,5514.95,False,Yes,Fiber optic0One year,False,Male,True,No,Yes,0.618091821352797
95.54833333333333,0,9600-UDOPK,True,Yes,False,Fiber optic,94.05,30,False,True,Month-to-month,Credit card (automatic),False,True,2866.45,False,Yes,Fiber optic0Month-to-month,False,Male,True,Yes,Yes,0.7431948803613794
78.10000000000001,1,8631-NBHFZ,True,Yes,True,DSL,79.4,66,True,True,Two year,Credit card (automatic),True,False,5154.6,True,Yes,DSL1Two year,True,Male,False,Yes,Yes,0.966943130069998
83.93333333333334,1,4369-HTUIF,False,No,False,Fiber optic,85.15,6,False,True,Month-to-month,Bank transfer (automatic),True,False,503.6,False,Yes,Fiber optic1Month-to-month,False,Male,True,Yes,Yes,0.7200960980461032
86.00638297872341,1,6686-YPGHK,False,No,False,Fiber optic,85.5,47,False,False,Month-to-month,Mailed check,True,True,4042.3,False,Yes,Fiber optic1Month-to-month,False,Male,False,Yes,Yes,0.5155000096658271
32.4,0,7853-OETYL,True,No phone service,False,DSL,29.05,4,False,False,Month-to-month,Electronic check,True,False,129.6,False,No,DSL0Month-to-month,False,Female,True,No,Yes,0.7170896105657226
107.32714285714285,0,9137-UIYPG,True,No,False,Fiber optic,106.9,35,True,True,Month-to-month,Electronic check,True,True,3756.45,True,Yes,Fiber optic0Month-to-month,True,Female,True,No,Yes,0.5943704283529397
70.45,0,0515-YPMCW,False,No,False,Fiber optic,70.45,1,False,False,Month-to-month,Mailed check,False,False,70.45,True,Yes,Fiber optic0Month-to-month,False,Male,True,Yes,Yes,0.8454316083095288
107.278125,0,0363-QJVFX,False,Yes,True,Fiber optic,108.15,32,False,True,Month-to-month,Credit card (automatic),True,True,3432.9,False,Yes,Fiber optic0Month-to-month,True,Male,True,Yes,Yes,0.5743455336715566
86.72045454545454,0,1894-IGFSG,False,No,False,Fiber optic,89.25,22,False,True,Month-to-month,Electronic check,False,True,1907.85,False,Yes,Fiber optic0Month-to-month,False,Female,False,Yes,Yes,0.6628731083045513
84.68,0,3540-RZJYU,False,No,False,Fiber optic,86.2,15,False,True,Month-to-month,Electronic check,True,False,1270.2,False,Yes,Fiber optic0Month-to-month,False,Female,False,Yes,Yes,0.6160985696227536
78.05,0,2777-PHDEI,False,No,False,Fiber optic,78.05,1,False,True,Month-to-month,Electronic check,False,False,78.05,False,Yes,Fiber optic0Month-to-month,False,Female,False,Yes,Yes,0.9236278347668799
48.00833333333333,0,3683-QKIUE,False,No,False,DSL,50.8,6,False,False,Month-to-month,Bank transfer (automatic),False,False,288.05,False,Yes,DSL0Month-to-month,True,Female,True,Yes,Yes,0.6030837890435338
69.6,1,8375-DKEBR,False,No,False,Fiber optic,69.6,1,False,False,Month-to-month,Electronic check,False,False,69.6,False,Yes,Fiber optic1Month-to-month,False,Female,True,Yes,Yes,0.8812067097921623
50.5,0,6608-QQLVK,False,No,False,DSL,50.5,1,True,False,Month-to-month,Electronic check,False,False,50.5,False,Yes,DSL0Month-to-month,False,Male,True,Yes,Yes,0.8078945636088717
45.3,0,6582-OIVSP,False,No,False,DSL,45.3,1,False,False,Month-to-month,Mailed check,False,False,45.3,False,Yes,DSL0Month-to-month,False,Female,False,No,Yes,0.6774223433999534
78.89047619047619,0,9003-CPATH,False,Yes,False,Fiber optic,79.9,42,True,False,Month-to-month,Electronic check,False,False,3313.4,False,Yes,Fiber optic0Month-to-month,False,Male,False,No,Yes,0.5943081112177243
20.5,0,4255-DDUOU,True,No,False,No,20.5,1,False,False,Month-to-month,Mailed check,False,False,20.5,True,Yes,No0Month-to-month,False,Female,True,Yes,Yes,0.5225455828420471
79.29078947368421,0,9948-YPTDG,True,No,True,Fiber optic,79.45,38,False,False,Month-to-month,Electronic check,True,False,3013.05,False,Yes,Fiber optic0Month-to-month,False,Male,True,Yes,Yes,0.5211367107730903
43.8,0,8740-XLHDR,False,No phone service,True,DSL,43.25,5,True,False,Month-to-month,Mailed check,True,False,219.0,False,No,DSL0Month-to-month,True,Male,True,Yes,Yes,0.6327881712824284
73.64903846153847,1,7693-QPEFS,False,Yes,False,Fiber optic,72.95,52,False,False,Month-to-month,Bank transfer (automatic),False,False,3829.75,False,Yes,Fiber optic1Month-to-month,False,Male,True,No,Yes,0.6233610047302013
46.0,1,1976-CFOCS,True,No,False,DSL,46.0,1,False,False,Month-to-month,Electronic check,False,False,46.0,False,Yes,DSL1Month-to-month,False,Female,False,Yes,Yes,0.8376252202264937
91.73947368421052,0,0480-BIXDE,True,No,False,Fiber optic,96.8,19,True,True,Month-to-month,Electronic check,False,True,1743.05,False,Yes,Fiber optic0Month-to-month,False,Female,True,No,Yes,0.8318484967679297
102.78163265306122,0,0280-XJGEX,False,Yes,True,Fiber optic,103.7,49,True,True,Month-to-month,Bank transfer (automatic),False,True,5036.3,False,Yes,Fiber optic0Month-to-month,False,Male,True,Yes,Yes,0.6180416497439394
88.0725,0,5366-IJEQJ,False,Yes,False,Fiber optic,88.7,20,True,True,Month-to-month,Electronic check,False,False,1761.45,False,Yes,Fiber optic0Month-to-month,False,Male,True,Yes,Yes,0.8103015947866463
94.16224489795918,0,0701-RFGFI,True,Yes,False,Fiber optic,95.4,49,False,True,Month-to-month,Bank transfer (automatic),False,True,4613.95,True,Yes,Fiber optic0Month-to-month,False,Female,True,No,Yes,0.6059285444859415
82.925,0,3908-BLSYF,False,No,False,Fiber optic,83.9,6,True,False,Month-to-month,Electronic check,False,True,497.55,False,Yes,Fiber optic0Month-to-month,False,Female,False,Yes,Yes,0.7850643771384772
101.82096774193548,1,0471-ARVMX,True,Yes,False,Fiber optic,104.85,62,True,True,One year,Electronic check,True,True,6312.9,False,Yes,Fiber optic1One year,False,Female,True,No,Yes,0.6470054259394215
101.67586206896551,1,2692-BUCFV,False,No,True,Fiber optic,101.45,29,True,True,Month-to-month,Bank transfer (automatic),False,True,2948.6,False,Yes,Fiber optic1Month-to-month,False,Male,True,No,Yes,0.6807000997376739
106.03728813559322,0,9912-OMZDS,True,Yes,True,Fiber optic,106.15,59,True,True,One year,Electronic check,False,True,6256.2,True,Yes,Fiber optic0One year,False,Female,True,No,Yes,0.5156409705902445
71.15,1,9488-HGMJH,False,No,False,Fiber optic,71.15,1,False,False,Month-to-month,Electronic check,False,False,71.15,False,Yes,Fiber optic1Month-to-month,False,Female,True,Yes,Yes,0.89879137357976
98.8096153846154,0,4983-CLMLV,True,Yes,True,Fiber optic,102.7,52,False,True,Month-to-month,Credit card (automatic),False,True,5138.1,False,Yes,Fiber optic0Month-to-month,True,Female,True,No,Yes,0.5588088309333029
94.68181818181819,0,1644-IRKSF,True,No,False,Fiber optic,93.8,33,True,True,One year,Electronic check,False,True,3124.5,True,Yes,Fiber optic0One year,False,Female,True,Yes,Yes,0.546836509660761
85.61111111111111,0,3914-FDRHP,False,No,False,Fiber optic,86.25,9,False,True,Month-to-month,Electronic check,False,False,770.5,False,Yes,Fiber optic0Month-to-month,True,Male,False,No,Yes,0.6835185143197434
82.323,0,3194-ORPIK,True,Yes,False,Fiber optic,84.4,50,False,True,Month-to-month,Bank transfer (automatic),False,False,4116.15,True,Yes,Fiber optic0Month-to-month,False,Female,True,Yes,Yes,0.5676010499751982
71.44444444444444,0,0064-YIJGF,True,Yes,False,Fiber optic,75.75,27,False,False,Month-to-month,Bank transfer (automatic),False,False,1929.0,True,Yes,Fiber optic0Month-to-month,False,Male,True,No,Yes,0.6259947944548504
60.1,0,1582-RAFML,False,Yes,True,DSL,60.1,1,False,False,Month-to-month,Mailed check,False,False,60.1,False,Yes,DSL0Month-to-month,True,Male,False,Yes,Yes,0.5477093198898949
70.0,0,1853-UDXBW,True,No,False,Fiber optic,70.0,1,False,False,Month-to-month,Electronic check,False,False,70.0,True,Yes,Fiber optic0Month-to-month,False,Male,True,Yes,Yes,0.901013581945603
89.25555555555555,0,8931-GJJIQ,False,Yes,False,Fiber optic,83.3,9,False,False,Month-to-month,Electronic check,False,True,803.3,False,Yes,Fiber optic0Month-to-month,False,Female,True,Yes,Yes,0.8918893588185253
94.33333333333333,0,9094-AZPHK,False,Yes,True,Fiber optic,100.15,15,False,True,Month-to-month,Electronic check,False,True,1415.0,False,Yes,Fiber optic0Month-to-month,False,Female,True,No,Yes,0.9054604138108526
56.25,0,5909-ECHUI,False,No,False,DSL,56.25,1,False,False,Month-to-month,Electronic check,False,True,56.25,False,Yes,DSL0Month-to-month,False,Female,True,Yes,Yes,0.8103468502255684
71.0,0,3422-LYEPQ,True,No,False,Fiber optic,71.0,1,False,False,Month-to-month,Electronic check,False,False,71.0,True,Yes,Fiber optic0Month-to-month,False,Male,True,Yes,Yes,0.9048871075406052
25.15,0,7537-RBWEA,False,No phone service,False,DSL,25.15,1,False,False,Month-to-month,Mailed check,False,False,25.15,False,No,DSL0Month-to-month,False,Female,True,No,Yes,0.6942156555708862
102.1575,1,2474-BRUCM,True,Yes,False,Fiber optic,101.85,40,False,True,Month-to-month,Electronic check,True,True,4086.3,False,Yes,Fiber optic1Month-to-month,False,Male,False,Yes,Yes,0.7575566579479751
96.70625,0,1567-DSCIC,False,Yes,True,Fiber optic,94.0,8,True,True,Month-to-month,Electronic check,False,False,773.65,False,Yes,Fiber optic0Month-to-month,False,Male,True,Yes,Yes,0.9035972428690684
74.38604651162791,0,7730-IUTDZ,False,No,False,Fiber optic,75.2,43,False,False,Month-to-month,Electronic check,True,False,3198.6,False,Yes,Fiber optic0Month-to-month,False,Male,True,Yes,Yes,0.5282785096471541
68.91875,0,9540-JYROE,False,No,False,Fiber optic,70.1,8,False,False,Month-to-month,Mailed check,False,False,551.35,False,Yes,Fiber optic0Month-to-month,False,Male,True,Yes,Yes,0.7002420243368347
20.7,0,8620-RJPZN,False,No,False,No,20.7,1,False,False,Month-to-month,Electronic check,False,False,20.7,False,Yes,No0Month-to-month,False,Female,False,No,Yes,0.6548720167000653
46.1,0,5295-PCJOO,False,No,False,DSL,49.4,4,False,False,Month-to-month,Electronic check,True,False,184.4,True,Yes,DSL0Month-to-month,False,Male,True,Yes,Yes,0.752457386511023
103.88333333333334,0,6771-XWBDM,True,Yes,True,Fiber optic,104.5,57,True,True,Month-to-month,Credit card (automatic),False,True,5921.35,False,Yes,Fiber optic0Month-to-month,False,Female,True,Yes,Yes,0.6327129493017649
73.08660714285715,0,1450-SKCVI,False,No,True,Fiber optic,73.85,56,False,False,Month-to-month,Electronic check,False,False,4092.85,False,Yes,Fiber optic0Month-to-month,False,Female,True,Yes,Yes,0.5232693506682264
74.97727272727273,0,1428-GTBJJ,False,No,True,Fiber optic,74.55,11,False,False,Month-to-month,Electronic check,False,False,824.75,False,Yes,Fiber optic0Month-to-month,False,Male,True,Yes,Yes,0.7620548613667305
90.55,0,7274-RTAPZ,False,No,False,Fiber optic,90.55,1,False,True,Month-to-month,Electronic check,False,True,90.55,False,Yes,Fiber optic0Month-to-month,False,Male,True,Yes,Yes,0.9500774338910074
77.26764705882353,0,1092-GANHU,False,No,False,Fiber optic,76.65,17,True,False,Month-to-month,Electronic check,False,False,1313.55,False,Yes,Fiber optic0Month-to-month,False,Male,True,Yes,Yes,0.7336716783379471
100.7574074074074,0,5515-AKOAJ,False,Yes,False,Fiber optic,100.1,54,False,True,Month-to-month,Electronic check,False,True,5440.9,False,Yes,Fiber optic0Month-to-month,True,Female,True,Yes,Yes,0.599309029529308
99.03666666666666,0,9495-SKLKD,True,Yes,True,Fiber optic,95.95,45,True,False,Month-to-month,Bank transfer (automatic),False,True,4456.65,True,Yes,Fiber optic0Month-to-month,False,Male,True,No,Yes,0.5234070871762895
70.02179487179487,0,8149-AIQCG,False,Yes,False,Fiber optic,73.15,39,False,False,Month-to-month,Credit card (automatic),False,False,2730.85,False,Yes,Fiber optic0Month-to-month,False,Male,True,No,Yes,0.6938264156427624
71.55625,0,3030-YDNRM,False,Yes,False,Fiber optic,74.85,8,False,False,Month-to-month,Electronic check,False,False,572.45,False,Yes,Fiber optic0Month-to-month,False,Male,True,No,Yes,0.8618122104720447
69.55,0,4110-PFEUZ,False,No,False,Fiber optic,69.55,1,False,False,Month-to-month,Mailed check,False,False,69.55,False,Yes,Fiber optic0Month-to-month,False,Female,False,Yes,Yes,0.7983838422267305
90.85,0,9725-SCPZG,False,No,False,Fiber optic,90.85,1,False,True,Month-to-month,Electronic check,False,True,90.85,True,Yes,Fiber optic0Month-to-month,False,Male,True,Yes,Yes,0.944970878593761
83.72142857142856,0,6437-UKHMV,False,No,False,Fiber optic,79.7,7,False,True,Month-to-month,Electronic check,False,False,586.05,False,Yes,Fiber optic0Month-to-month,False,Female,True,Yes,Yes,0.8948903832776038
70.40957446808511,1,1732-VHUBQ,True,No,False,Fiber optic,70.55,47,False,False,Month-to-month,Bank transfer (automatic),False,False,3309.25,True,Yes,Fiber optic1Month-to-month,False,Female,False,Yes,Yes,0.5345345589129994
76.93636363636364,1,8685-WHQPW,False,Yes,False,Fiber optic,74.4,22,False,False,Month-to-month,Bank transfer (automatic),False,False,1692.6,False,Yes,Fiber optic1Month-to-month,False,Female,True,Yes,Yes,0.7591252804139172
96.67142857142858,1,9134-CEQMF,True,No,False,Fiber optic,89.5,7,False,True,Month-to-month,Electronic check,False,True,676.7,False,Yes,Fiber optic1Month-to-month,False,Male,True,Yes,Yes,0.9484329486843236
37.21388888888889,0,5087-SUURX,True,No phone service,False,DSL,39.05,18,True,True,Month-to-month,Electronic check,False,False,669.85,False,No,DSL0Month-to-month,False,Female,True,Yes,Yes,0.7339443243234284
76.18333333333334,1,9957-YODKZ,True,Yes,False,Fiber optic,80.8,6,True,False,Month-to-month,Electronic check,False,False,457.1,False,Yes,Fiber optic1Month-to-month,False,Male,True,No,Yes,0.94671651962163
70.575,0,3943-KDREE,False,Yes,False,Fiber optic,74.95,26,False,False,Month-to-month,Bank transfer (automatic),False,False,1834.95,False,Yes,Fiber optic0Month-to-month,False,Female,True,Yes,Yes,0.6637355234854696
61.525,0,6629-LADHQ,False,No,False,DSL,50.95,2,False,False,Month-to-month,Mailed check,True,False,123.05,False,Yes,DSL0Month-to-month,False,Female,False,No,Yes,0.6625572861511364
20.4,0,6579-JPICP,False,No,False,No,20.4,1,False,False,Month-to-month,Mailed check,False,False,20.4,False,Yes,No0Month-to-month,False,Male,False,No,Yes,0.5346061909821831
46.07142857142857,0,8242-JSVBO,False,No,False,DSL,44.65,7,False,False,Month-to-month,Bank transfer (automatic),False,False,322.5,False,Yes,DSL0Month-to-month,False,Male,True,No,Yes,0.5537745598506081
87.96666666666667,0,2215-ZAFGX,False,Yes,False,Fiber optic,85.5,9,False,True,Month-to-month,Electronic check,False,False,791.7,False,Yes,Fiber optic0Month-to-month,False,Male,True,No,Yes,0.8940152247612673
73.55,0,9272-LSVYH,False,No,False,Fiber optic,70.15,10,False,False,Month-to-month,Mailed check,False,False,735.5,False,Yes,Fiber optic0Month-to-month,False,Male,False,No,Yes,0.5754842287634314
78.64117647058823,0,5453-AXEPF,True,Yes,True,Fiber optic,80.5,17,False,False,Month-to-month,Bank transfer (automatic),False,False,1336.9,False,Yes,Fiber optic0Month-to-month,False,Male,True,No,Yes,0.7173975975771516
104.03666666666666,1,2107-FBPTK,False,Yes,True,Fiber optic,104.1,30,True,True,Month-to-month,Electronic check,False,True,3121.1,False,Yes,Fiber optic1Month-to-month,False,Female,True,No,Yes,0.8292751112480938
42.98061224489796,1,1125-SNVCK,False,No,False,DSL,43.8,49,False,False,Month-to-month,Mailed check,False,False,2106.05,False,Yes,DSL1Month-to-month,False,Female,False,No,Yes,0.5405747363350059
69.96666666666667,0,1230-QAJDW,False,Yes,False,DSL,65.25,3,False,True,Month-to-month,Mailed check,False,False,209.9,False,Yes,DSL0Month-to-month,True,Male,True,No,Yes,0.6517081258295258
77.025,0,2038-OEQZH,False,No,False,Fiber optic,86.05,4,True,False,Month-to-month,Electronic check,False,True,308.1,False,Yes,Fiber optic0Month-to-month,False,Male,False,No,Yes,0.7783071236173165
87.175,0,5519-NPHVG,False,Yes,False,Fiber optic,94.2,12,False,True,Month-to-month,Electronic check,False,True,1046.1,False,Yes,Fiber optic0Month-to-month,False,Female,True,Yes,Yes,0.8928729596072492
75.05,0,3276-HDUEG,False,Yes,False,Fiber optic,75.05,1,False,False,Month-to-month,Mailed check,False,False,75.05,False,Yes,Fiber optic0Month-to-month,False,Female,True,Yes,Yes,0.9212671579785866
83.522,0,3196-NVXLZ,False,Yes,False,Fiber optic,84.6,25,False,True,Month-to-month,Mailed check,False,False,2088.05,False,Yes,Fiber optic0Month-to-month,False,Female,True,No,Yes,0.6982817895800079
39.96891891891892,0,7041-TXQJH,False,No phone service,False,DSL,40.2,37,True,False,Month-to-month,Credit card (automatic),False,True,1478.85,False,No,DSL0Month-to-month,False,Female,True,No,Yes,0.7079406005078823
48.61857142857143,0,4950-BDEUX,False,No phone service,False,DSL,49.2,35,True,True,Month-to-month,Electronic check,False,True,1701.65,False,No,DSL0Month-to-month,False,Male,False,No,Yes,0.7217600874093993
83.4,0,2792-LSHWX,False,No,True,Fiber optic,83.4,1,False,False,Month-to-month,Mailed check,True,False,83.4,False,Yes,Fiber optic0Month-to-month,True,Female,True,No,Yes,0.734124698354718
73.90666666666667,0,7718-RXDGG,True,No,False,Fiber optic,68.6,15,False,False,Month-to-month,Bank transfer (automatic),False,False,1108.6,False,Yes,Fiber optic0Month-to-month,False,Male,True,No,Yes,0.6709522246605072
92.12222222222222,0,0564-JJHGS,False,Yes,False,Fiber optic,95.5,9,False,True,Month-to-month,Electronic check,False,True,829.1,False,Yes,Fiber optic0Month-to-month,False,Male,True,Yes,Yes,0.9141415804948875
40.275,0,4959-JOSRX,True,No,False,DSL,44.6,2,False,False,Month-to-month,Credit card (automatic),False,False,80.55,False,Yes,DSL0Month-to-month,False,Female,True,Yes,Yes,0.7707942010303093
29.007692307692306,0,5202-IVJNU,False,No phone service,False,DSL,30.1,39,True,False,Month-to-month,Credit card (automatic),False,False,1131.3,True,No,DSL0Month-to-month,False,Female,False,Yes,Yes,0.5895438242336829
106.69375000000001,0,6394-MFYNG,False,Yes,True,Fiber optic,107.4,48,True,True,Month-to-month,Bank transfer (automatic),False,True,5121.3,False,Yes,Fiber optic0Month-to-month,False,Female,True,Yes,Yes,0.6282632537587439
81.38428571428571,0,9450-TRJUU,False,Yes,False,Fiber optic,83.15,35,False,True,Month-to-month,Electronic check,False,False,2848.45,False,Yes,Fiber optic0Month-to-month,False,Male,False,No,Yes,0.6812794666776932
69.95,0,2920-RNCEZ,True,No,False,Fiber optic,69.95,1,False,False,Month-to-month,Credit card (automatic),False,False,69.95,True,Yes,Fiber optic0Month-to-month,False,Male,True,No,Yes,0.8685564144070526
53.61666666666667,0,0929-HYQEW,False,No,False,DSL,50.15,3,False,False,Month-to-month,Mailed check,True,False,160.85,False,Yes,DSL0Month-to-month,False,Male,True,No,Yes,0.6284773715763965
40.00476190476191,1,0623-IIHUG,False,No phone service,False,DSL,41.9,21,False,True,Month-to-month,Electronic check,True,False,840.1,False,No,DSL1Month-to-month,False,Female,True,Yes,Yes,0.9265473924418456
107.95694444444445,0,4480-MBMLB,False,Yes,True,Fiber optic,104.8,36,True,True,One year,Bank transfer (automatic),False,True,3886.45,False,Yes,Fiber optic0One year,False,Female,True,No,Yes,0.5582744904027226
95.82799999999999,0,3003-CMDUU,True,No,False,Fiber optic,95.15,25,False,True,Month-to-month,Electronic check,False,True,2395.7,False,Yes,Fiber optic0Month-to-month,True,Female,True,No,Yes,0.7062892573562235
44.45,0,6595-COKXZ,False,No,False,DSL,44.45,1,False,False,Month-to-month,Mailed check,False,False,44.45,False,Yes,DSL0Month-to-month,False,Female,True,Yes,Yes,0.7303906416732224
94.89615384615385,1,9061-TIHDA,True,Yes,False,Fiber optic,95.25,13,False,True,Month-to-month,Electronic check,False,True,1233.65,False,Yes,Fiber optic1Month-to-month,False,Male,True,Yes,Yes,0.8964878266711248
79.68333333333334,1,3411-WLRSQ,True,No,True,Fiber optic,74.6,3,False,False,Month-to-month,Bank transfer (automatic),False,False,239.05,False,Yes,Fiber optic1Month-to-month,False,Female,True,No,Yes,0.8851020244586161
54.46976744186046,1,6397-JNZZG,True,No phone service,True,DSL,55.55,43,True,True,Month-to-month,Credit card (automatic),False,True,2342.2,False,No,DSL1Month-to-month,False,Female,False,Yes,Yes,0.841536360445282
78.63,0,9494-MRNYX,False,Yes,False,Fiber optic,75.05,10,False,False,Month-to-month,Electronic check,False,False,786.3,False,Yes,Fiber optic0Month-to-month,False,Male,False,No,Yes,0.7841709926291641
99.89285714285714,1,7901-TBKJX,False,Yes,False,Fiber optic,101.05,56,True,True,Month-to-month,Electronic check,False,True,5594.0,False,Yes,Fiber optic1Month-to-month,False,Male,True,No,Yes,0.544735585061169
74.30333333333333,0,3733-LSYCE,True,No,True,Fiber optic,75.35,15,False,False,Month-to-month,Bank transfer (automatic),False,False,1114.55,False,Yes,Fiber optic0Month-to-month,False,Female,False,No,Yes,0.5812209268371864
64.92,0,2058-DCJBE,False,No,False,Fiber optic,69.75,5,False,False,Month-to-month,Electronic check,False,False,324.6,False,Yes,Fiber optic0Month-to-month,False,Male,True,Yes,Yes,0.8154203539468029
85.47765957446808,0,0178-SZBHO,True,Yes,True,Fiber optic,87.2,47,False,True,Month-to-month,Electronic check,False,False,4017.45,True,Yes,Fiber optic0Month-to-month,False,Male,False,No,Yes,0.5135976558659877
111.29333333333334,0,8903-WMRNW,True,No,False,Fiber optic,101.75,15,True,True,Month-to-month,Electronic check,True,True,1669.4,False,Yes,Fiber optic0Month-to-month,False,Female,False,No,Yes,0.7017702066498698
90.1,0,1941-HOSAM,True,No,False,Fiber optic,90.1,1,False,True,Month-to-month,Electronic check,False,True,90.1,True,Yes,Fiber optic0Month-to-month,False,Male,True,No,Yes,0.9484252050486403
79.7,0,0495-RVCBF,False,No,False,Fiber optic,79.7,1,False,False,Month-to-month,Electronic check,False,True,79.7,False,Yes,Fiber optic0Month-to-month,False,Female,True,Yes,Yes,0.9347881866795751
79.7,1,9317-WZPGV,False,No,False,Fiber optic,79.75,2,False,False,Month-to-month,Bank transfer (automatic),False,True,159.4,False,Yes,Fiber optic1Month-to-month,False,Female,True,Yes,Yes,0.9190589938521575
106.78769230769231,0,3571-RFHAR,False,Yes,True,Fiber optic,109.15,65,True,True,Month-to-month,Electronic check,False,True,6941.2,False,Yes,Fiber optic0Month-to-month,True,Male,True,Yes,Yes,0.5796197387072581
20.05,0,4661-NJEUX,False,No,False,No,20.05,1,False,False,Month-to-month,Mailed check,False,False,20.05,False,Yes,No0Month-to-month,False,Male,True,No,Yes,0.5860637124322403
32.8453125,0,7078-NVFAM,True,No phone service,True,DSL,35.15,32,False,False,Month-to-month,Electronic check,True,False,1051.05,True,No,DSL0Month-to-month,False,Female,True,No,Yes,0.5991551081859535
87.475,0,0311-UNPFF,False,No,False,Fiber optic,88.8,26,False,True,Month-to-month,Bank transfer (automatic),False,True,2274.35,False,Yes,Fiber optic0Month-to-month,False,Female,True,Yes,Yes,0.6419143101202192
51.25,0,9564-KCLHR,False,No,False,DSL,51.25,1,False,False,Month-to-month,Mailed check,False,False,51.25,False,Yes,DSL0Month-to-month,True,Male,False,Yes,Yes,0.6139128227199931
71.0,0,9432-VOFYX,False,No,False,Fiber optic,70.8,17,False,False,Month-to-month,Electronic check,False,False,1207.0,False,Yes,Fiber optic0Month-to-month,False,Male,True,No,Yes,0.7223407967001472
95.73076923076923,0,6821-BUXUX,False,Yes,True,Fiber optic,96.65,13,False,True,Month-to-month,Electronic check,True,False,1244.5,False,Yes,Fiber optic0Month-to-month,False,Female,True,Yes,Yes,0.8309332957225846
78.33333333333333,0,7159-FVYPK,True,Yes,True,DSL,69.15,3,True,True,Month-to-month,Bank transfer (automatic),False,False,235.0,True,Yes,DSL0Month-to-month,False,Female,True,No,Yes,0.6722232520740207
45.75,0,9631-XEYKE,False,Yes,False,DSL,50.4,3,False,False,Month-to-month,Bank transfer (automatic),False,False,137.25,False,Yes,DSL0Month-to-month,False,Male,False,No,Yes,0.74585833538591
99.45,0,5299-SJCZT,False,Yes,False,Fiber optic,101.55,3,True,True,Month-to-month,Bank transfer (automatic),False,True,298.35,False,Yes,Fiber optic0Month-to-month,False,Male,True,Yes,Yes,0.9591264531382733
95.48243243243243,0,5982-FPVQN,True,Yes,True,Fiber optic,95.15,37,True,False,Month-to-month,Electronic check,False,True,3532.85,True,Yes,Fiber optic0Month-to-month,False,Female,True,No,Yes,0.7088510605954408
101.41250000000001,1,6892-XPFPU,True,Yes,True,Fiber optic,104.25,24,True,True,Month-to-month,Electronic check,False,True,2433.9,False,Yes,Fiber optic1Month-to-month,False,Male,True,Yes,Yes,0.8390010866976604
87.93666666666667,0,8294-UIMBA,False,No,False,Fiber optic,94.4,30,False,True,One year,Bank transfer (automatic),False,True,2638.1,False,Yes,Fiber optic0One year,True,Female,True,No,Yes,0.5261521208278606
44.65,1,0224-RLWWD,False,No,False,DSL,44.3,2,False,False,Month-to-month,Electronic check,False,False,89.3,False,Yes,DSL1Month-to-month,False,Female,True,No,Yes,0.8085304537232679
76.13333333333334,0,5835-BEQEU,False,Yes,False,Fiber optic,76.95,3,False,False,Month-to-month,Electronic check,False,False,228.4,False,Yes,Fiber optic0Month-to-month,False,Male,True,Yes,Yes,0.9205574340965217
85.93125,0,0577-WHMEV,True,Yes,True,Fiber optic,90.7,16,True,False,Month-to-month,Electronic check,True,False,1374.9,False,Yes,Fiber optic0Month-to-month,False,Female,False,No,Yes,0.5607510374554251
37.45,0,4432-ADRLB,False,No,False,DSL,44.65,2,False,False,Month-to-month,Mailed check,False,False,74.9,False,Yes,DSL0Month-to-month,False,Male,False,Yes,Yes,0.7364903984679944
17.925,0,7854-EKTJL,False,No,False,No,19.6,2,False,False,Month-to-month,Electronic check,False,False,35.85,True,Yes,No0Month-to-month,False,Female,True,Yes,Yes,0.5035573219662226
94.33541666666667,1,9189-JWSHV,True,Yes,False,Fiber optic,93.55,24,False,True,Month-to-month,Electronic check,False,True,2264.05,False,Yes,Fiber optic1Month-to-month,False,Female,True,Yes,Yes,0.8597256164739261
72.0,0,9717-QEBGU,False,No,False,Fiber optic,70.3,2,False,False,Month-to-month,Electronic check,False,False,144.0,False,Yes,Fiber optic0Month-to-month,False,Male,True,No,Yes,0.8923236514199081
97.95,0,8393-DLHGA,False,No,True,Fiber optic,95.9,25,False,True,Month-to-month,Electronic check,False,True,2448.75,True,Yes,Fiber optic0Month-to-month,False,Male,True,Yes,Yes,0.7070801271766037
105.58437500000001,1,8552-OBVRU,True,No,False,Fiber optic,104.5,48,True,True,Month-to-month,Electronic check,True,True,5068.05,True,Yes,Fiber optic1Month-to-month,True,Female,True,No,Yes,0.5804554536401578
20.9,0,0426-TIRNE,False,No,False,No,20.9,1,False,False,Month-to-month,Mailed check,False,False,20.9,False,Yes,No0Month-to-month,False,Female,False,Yes,Yes,0.5395912225317142
86.83367346938776,0,6172-FECYY,True,Yes,False,Fiber optic,84.5,49,False,True,Month-to-month,Electronic check,False,False,4254.85,True,Yes,Fiber optic0Month-to-month,False,Male,False,Yes,Yes,0.52684278434367
99.06545454545456,0,2696-ECXKC,True,Yes,False,Fiber optic,100.9,55,False,True,One year,Mailed check,True,True,5448.6,True,Yes,Fiber optic0One year,False,Female,False,No,Yes,0.5396702246330333
91.25,1,4184-TJFAN,True,No,False,Fiber optic,88.3,3,False,True,Month-to-month,Mailed check,True,False,273.75,True,Yes,Fiber optic1Month-to-month,True,Female,True,Yes,Yes,0.6364835491373622
78.42500000000001,1,8490-BXHEO,False,Yes,True,Fiber optic,80.55,18,False,False,Month-to-month,Credit card (automatic),False,False,1411.65,False,Yes,Fiber optic1Month-to-month,False,Male,True,No,Yes,0.7766583154165471
107.55,1,3292-PBZEJ,False,Yes,True,Fiber optic,111.4,11,True,True,Month-to-month,Electronic check,False,True,1183.05,False,Yes,Fiber optic1Month-to-month,True,Male,True,No,Yes,0.8124290696947609
30.75,0,9572-WUKSB,True,No phone service,False,DSL,29.9,3,False,False,Month-to-month,Electronic check,False,False,92.25,False,No,DSL0Month-to-month,True,Male,True,No,Yes,0.7357736462093174
80.79545454545455,0,0315-LVCRK,False,No,False,Fiber optic,84.8,11,True,False,Month-to-month,Electronic check,False,True,888.75,False,Yes,Fiber optic0Month-to-month,False,Male,False,No,Yes,0.6711602349936244
84.63666666666667,0,2189-WWOEW,False,No,True,Fiber optic,85.9,15,False,False,Month-to-month,Bank transfer (automatic),False,True,1269.55,True,Yes,Fiber optic0Month-to-month,False,Female,True,Yes,Yes,0.6356145709732283
96.26666666666667,0,0345-HKJVM,False,No,False,Fiber optic,89.3,6,False,True,Month-to-month,Electronic check,False,True,577.6,False,Yes,Fiber optic0Month-to-month,False,Female,False,Yes,Yes,0.8782644042492602
96.01607142857142,0,7272-QDCKA,False,Yes,True,Fiber optic,100.2,28,False,True,One year,Electronic check,False,True,2688.45,False,Yes,Fiber optic0One year,False,Male,False,No,Yes,0.6738667517698173
86.97142857142856,0,1522-VVDMG,True,No,True,Fiber optic,89.75,7,False,True,Month-to-month,Electronic check,False,False,608.8,True,Yes,Fiber optic0Month-to-month,True,Male,True,Yes,Yes,0.7753299148266781
55.2,0,2232-DMLXU,True,No,False,DSL,55.2,1,False,True,Month-to-month,Mailed check,False,False,55.2,False,Yes,DSL0Month-to-month,False,Female,False,Yes,Yes,0.6675670296377111
86.7655172413793,0,1766-GKNMI,False,Yes,False,Fiber optic,84.9,29,False,False,Month-to-month,Electronic check,False,True,2516.2,False,Yes,Fiber optic0Month-to-month,False,Male,True,No,Yes,0.6941296942471886
45.1,1,4193-ORFCL,False,No,False,DSL,45.1,1,False,False,Month-to-month,Mailed check,False,False,45.1,False,Yes,DSL1Month-to-month,False,Female,False,Yes,Yes,0.8712312533292365
76.85,0,2959-MJHIC,True,No,False,Fiber optic,80.35,4,False,True,Month-to-month,Electronic check,False,False,307.4,False,Yes,Fiber optic0Month-to-month,False,Male,True,Yes,Yes,0.9130611123322295
102.28650793650795,0,7233-DRTRF,True,Yes,True,Fiber optic,102.4,63,True,True,Month-to-month,Electronic check,False,True,6444.05,False,Yes,Fiber optic0Month-to-month,False,Male,True,No,Yes,0.7237804056239733
74.3,0,9894-EZEWG,False,No,True,Fiber optic,74.3,1,False,False,Month-to-month,Credit card (automatic),False,False,74.3,False,Yes,Fiber optic0Month-to-month,False,Female,True,Yes,Yes,0.8870239960565676
20.05,1,5028-HTLJB,False,No,False,No,20.05,1,False,False,Month-to-month,Mailed check,False,False,20.05,False,Yes,No1Month-to-month,False,Male,False,Yes,Yes,0.6432916502447548
115.56484375,0,1229-RCALF,True,Yes,True,Fiber optic,115.0,64,True,True,One year,Electronic check,True,True,7396.15,False,Yes,Fiber optic0One year,True,Female,True,No,Yes,0.5019067535381501
100.5515625,1,1641-RQDAY,True,Yes,True,Fiber optic,100.4,32,False,True,Month-to-month,Electronic check,False,True,3217.65,True,Yes,Fiber optic1Month-to-month,False,Female,True,No,Yes,0.7883664567526915
20.2,0,8048-DSDFQ,False,No,False,No,20.2,1,False,False,Month-to-month,Mailed check,False,False,20.2,False,Yes,No0Month-to-month,False,Male,False,No,Yes,0.5415011315519783
77.46052631578948,1,4283-FUTGF,False,Yes,False,Fiber optic,79.85,19,True,False,Month-to-month,Electronic check,False,False,1471.75,False,Yes,Fiber optic1Month-to-month,False,Male,True,Yes,Yes,0.8276309712571842
85.99285714285715,0,9314-IJWSQ,True,Yes,False,Fiber optic,84.8,14,False,True,Month-to-month,Electronic check,False,False,1203.9,True,Yes,Fiber optic0Month-to-month,False,Female,True,No,Yes,0.8729004355950537
109.81590909090909,0,7392-YYPYJ,False,Yes,True,Fiber optic,100.65,22,False,True,Month-to-month,Electronic check,False,True,2415.95,False,Yes,Fiber optic0Month-to-month,False,Male,True,No,Yes,0.8139026760339669
50.76666666666667,0,4026-SKKHW,False,No,False,DSL,50.25,3,False,False,Month-to-month,Mailed check,False,False,152.3,False,Yes,DSL0Month-to-month,True,Male,True,No,Yes,0.6206910488184186
70.98571428571428,0,9191-MYQKX,True,No,False,Fiber optic,75.15,7,True,False,Month-to-month,Bank transfer (automatic),False,False,496.9,False,Yes,Fiber optic0Month-to-month,False,Female,True,Yes,Yes,0.7856875490045558
50.73888888888889,0,1310-QRITU,False,Yes,False,DSL,50.3,18,False,False,Month-to-month,Electronic check,False,False,913.3,False,Yes,DSL0Month-to-month,False,Female,True,No,Yes,0.6197565982431096
70.2125,0,0004-TLHLJ,False,No,False,Fiber optic,73.9,4,True,False,Month-to-month,Electronic check,False,False,280.85,False,Yes,Fiber optic0Month-to-month,False,Male,True,Yes,Yes,0.8632906636464451
69.75,0,1084-UQCHV,False,No,False,Fiber optic,69.75,1,False,False,Month-to-month,Bank transfer (automatic),False,False,69.75,True,Yes,Fiber optic0Month-to-month,False,Male,False,Yes,Yes,0.7803011203522858
60.52,1,6705-LXORM,True,No,False,Fiber optic,70.05,5,False,False,Month-to-month,Electronic check,False,False,302.6,False,Yes,Fiber optic1Month-to-month,False,Female,False,No,Yes,0.7295230117107847
72.5529411764706,1,2528-HFYZX,True,No,True,Fiber optic,76.45,17,False,False,Month-to-month,Electronic check,False,False,1233.4,False,Yes,Fiber optic1Month-to-month,False,Male,True,Yes,Yes,0.776054591234038
99.7625,0,8785-CJSHH,True,Yes,True,Fiber optic,99.8,60,False,True,Month-to-month,Electronic check,False,True,5985.75,False,Yes,Fiber optic0Month-to-month,False,Female,True,No,Yes,0.720996394803847
29.216666666666665,0,7758-XKCBS,False,No phone service,False,DSL,29.7,15,False,False,Month-to-month,Electronic check,False,False,438.25,False,No,DSL0Month-to-month,True,Male,True,Yes,Yes,0.5735224673536052
71.33529411764707,1,8695-ARGXZ,True,Yes,False,Fiber optic,75.55,34,False,False,Month-to-month,Electronic check,False,False,2425.4,False,Yes,Fiber optic1Month-to-month,False,Male,True,No,Yes,0.761761951540229
95.51860465116279,0,4760-THGOT,True,Yes,True,Fiber optic,94.1,43,False,False,Month-to-month,Electronic check,True,True,4107.3,False,Yes,Fiber optic0Month-to-month,False,Female,True,No,Yes,0.5888564992785408
82.3075,0,6080-TCMYC,True,Yes,False,Fiber optic,81.2,40,True,False,Month-to-month,Electronic check,False,False,3292.3,True,Yes,Fiber optic0Month-to-month,False,Male,True,No,Yes,0.6975589371289721
91.1,0,7330-WZLNC,False,Yes,True,Fiber optic,90.8,5,False,True,Month-to-month,Electronic check,False,False,455.5,False,Yes,Fiber optic0Month-to-month,False,Female,True,Yes,Yes,0.9238003615902179
97.90581395348836,0,3524-WQDSG,True,Yes,False,Fiber optic,99.3,43,True,True,Month-to-month,Bank transfer (automatic),False,True,4209.95,True,Yes,Fiber optic0Month-to-month,False,Female,True,No,Yes,0.7474209303356383
87.16111111111111,0,4299-SIMNS,False,Yes,False,Fiber optic,81.15,9,False,False,Month-to-month,Electronic check,True,False,784.45,False,Yes,Fiber optic0Month-to-month,False,Male,True,No,Yes,0.7985988579213207
82.65,0,4853-OITSN,True,Yes,False,Fiber optic,89.15,5,False,False,Month-to-month,Electronic check,True,True,413.25,False,Yes,Fiber optic0Month-to-month,False,Male,True,No,Yes,0.8416404115595127
96.125,0,6108-OQZDQ,True,Yes,True,Fiber optic,97.95,4,False,True,Month-to-month,Electronic check,False,True,384.5,True,Yes,Fiber optic0Month-to-month,False,Female,True,Yes,Yes,0.9579882271040069
69.00416666666666,1,8224-DWCKX,False,Yes,False,Fiber optic,73.3,12,False,False,Month-to-month,Credit card (automatic),False,False,828.05,False,Yes,Fiber optic1Month-to-month,False,Male,True,No,Yes,0.8085035251986227
92.92857142857143,0,6692-UDPJC,True,Yes,False,Fiber optic,91.65,14,False,True,Month-to-month,Electronic check,False,False,1301.0,True,Yes,Fiber optic0Month-to-month,True,Female,True,Yes,Yes,0.8260343141063166
19.75,0,3717-OFRTN,False,No,False,No,19.75,1,False,False,Month-to-month,Bank transfer (automatic),False,False,19.75,False,Yes,No0Month-to-month,False,Male,False,No,Yes,0.5764524844780385
78.88,0,0940-OUQEC,False,Yes,True,Fiber optic,80.7,10,False,False,Month-to-month,Bank transfer (automatic),False,False,788.8,False,Yes,Fiber optic0Month-to-month,False,Male,True,Yes,Yes,0.7576508845369114
29.845,0,2309-OSFEU,False,No phone service,False,DSL,33.9,10,False,False,Month-to-month,Mailed check,False,True,298.45,False,No,DSL0Month-to-month,False,Male,True,Yes,Yes,0.6889070864962237
106.3112676056338,1,5287-QWLKY,True,Yes,True,Fiber optic,105.1,71,False,True,Month-to-month,Credit card (automatic),True,True,7548.1,True,Yes,Fiber optic1Month-to-month,False,Male,True,Yes,Yes,0.5522457649922998
55.0,0,4351-QLCSU,False,No,False,DSL,55.0,1,False,True,Month-to-month,Credit card (automatic),False,False,55.0,False,Yes,DSL0Month-to-month,False,Female,True,Yes,Yes,0.7656886151381923
69.9,0,9804-ICWBG,False,No,False,Fiber optic,69.9,1,False,False,Month-to-month,Electronic check,False,False,69.9,False,Yes,Fiber optic0Month-to-month,False,Male,True,Yes,Yes,0.9029981132909055
56.199999999999996,0,0319-QZTCO,True,No,True,DSL,58.7,3,False,True,Month-to-month,Credit card (automatic),False,False,168.6,True,Yes,DSL0Month-to-month,False,Female,True,No,Yes,0.5897408521056173
92.64473684210526,1,3452-GWUIN,True,Yes,False,Fiber optic,94.95,19,False,True,Month-to-month,Electronic check,False,True,1760.25,False,Yes,Fiber optic1Month-to-month,False,Female,True,No,Yes,0.8447801906218302
82.009375,0,9560-ARGQJ,False,No,False,Fiber optic,81.0,16,False,True,Month-to-month,Electronic check,False,False,1312.15,True,Yes,Fiber optic0Month-to-month,False,Female,True,Yes,Yes,0.8076923725239451
79.6,0,7594-RQHXR,False,No,False,Fiber optic,79.6,1,False,False,Month-to-month,Electronic check,False,True,79.6,True,Yes,Fiber optic0Month-to-month,False,Female,True,Yes,Yes,0.9280576188807995
77.5,0,8617-ENBDS,False,No,False,Fiber optic,73.6,3,True,False,Month-to-month,Credit card (automatic),False,False,232.5,False,Yes,Fiber optic0Month-to-month,False,Male,True,No,Yes,0.8569079458054721
71.9796875,1,0265-EDXBD,True,Yes,False,Fiber optic,74.9,32,False,False,Month-to-month,Electronic check,False,False,2303.35,False,Yes,Fiber optic1Month-to-month,False,Male,True,Yes,Yes,0.7599147632705505
96.97222222222223,0,4647-MUZON,True,No,False,Fiber optic,95.95,18,True,True,Month-to-month,Credit card (automatic),False,True,1745.5,False,Yes,Fiber optic0Month-to-month,False,Female,True,No,Yes,0.8090576149586014
19.1,0,9441-QHEVC,False,No,False,No,19.1,1,False,False,Month-to-month,Mailed check,False,False,19.1,False,Yes,No0Month-to-month,False,Male,False,No,Yes,0.5709385425756258
25.35,0,6158-HDPXZ,False,No phone service,False,DSL,25.35,1,False,False,Month-to-month,Mailed check,False,False,25.35,False,No,DSL0Month-to-month,False,Male,False,No,Yes,0.6192204410109899
103.60641025641026,0,7048-GXDAY,False,Yes,True,Fiber optic,106.4,39,False,True,Month-to-month,Electronic check,True,True,4040.65,False,Yes,Fiber optic0Month-to-month,False,Male,True,No,Yes,0.759271043889163
78.62272727272727,1,7072-MBHEV,True,Yes,False,Fiber optic,78.1,11,True,False,Month-to-month,Credit card (automatic),False,False,864.85,True,Yes,Fiber optic1Month-to-month,False,Female,True,No,Yes,0.8276903691442035
81.3625,0,4585-HETAI,True,No,False,Fiber optic,73.75,4,True,False,Month-to-month,Electronic check,False,False,325.45,True,Yes,Fiber optic0Month-to-month,False,Female,True,Yes,Yes,0.8896383333531549
47.95,0,8286-AFUYI,False,No,False,DSL,47.95,1,False,False,Month-to-month,Electronic check,True,False,47.95,False,Yes,DSL0Month-to-month,False,Male,False,No,Yes,0.7432550666720521
86.9125,1,2265-CYWIV,True,Yes,False,Fiber optic,99.6,4,False,True,Month-to-month,Electronic check,True,True,347.65,False,Yes,Fiber optic1Month-to-month,False,Female,True,Yes,Yes,0.8630923227567647
89.3,1,1415-YFWLT,False,No,False,Fiber optic,89.3,1,False,True,Month-to-month,Electronic check,False,True,89.3,False,Yes,Fiber optic1Month-to-month,False,Female,True,Yes,Yes,0.9163537722456907
97.875,0,1482-OXZSY,False,Yes,False,Fiber optic,100.4,30,False,True,Month-to-month,Bank transfer (automatic),True,True,2936.25,False,Yes,Fiber optic0Month-to-month,False,Male,True,No,Yes,0.6714540086786298
74.25,0,3707-GNWHM,False,Yes,False,Fiber optic,74.25,1,False,False,Month-to-month,Mailed check,False,False,74.25,False,Yes,Fiber optic0Month-to-month,False,Male,True,Yes,Yes,0.9137104339027753
89.1,0,1455-ESIQH,False,No,False,Fiber optic,89.1,1,False,True,Month-to-month,Electronic check,False,True,89.1,False,Yes,Fiber optic0Month-to-month,False,Male,True,Yes,Yes,0.9493015882777311
50.910714285714285,0,8008-HAWED,False,No phone service,False,DSL,50.75,14,True,True,Month-to-month,Electronic check,False,True,712.75,False,No,DSL0Month-to-month,False,Male,True,Yes,Yes,0.7683019938123647
105.025,0,7940-UQQUG,True,Yes,False,Fiber optic,104.4,64,False,True,One year,Bank transfer (automatic),True,True,6721.6,True,Yes,Fiber optic0One year,True,Female,True,No,Yes,0.5457781357990589
103.17234042553193,0,5630-IXDXV,False,Yes,True,Fiber optic,106.35,47,True,True,Month-to-month,Electronic check,False,True,4849.1,False,Yes,Fiber optic0Month-to-month,False,Female,True,No,Yes,0.7586658774047241
19.65,0,0970-QXPXW,False,No,False,No,19.65,1,False,False,Month-to-month,Mailed check,False,False,19.65,False,Yes,No0Month-to-month,False,Female,False,No,Yes,0.5818576771207633
116.54210526315791,0,9356-AXGMP,True,Yes,False,Fiber optic,110.7,38,True,True,One year,Electronic check,True,True,4428.6,False,Yes,Fiber optic0One year,True,Male,True,No,Yes,0.7558674935427732
78.38166666666666,1,5419-JKZNQ,True,Yes,False,Fiber optic,77.9,30,False,False,Month-to-month,Mailed check,False,False,2351.45,False,Yes,Fiber optic1Month-to-month,False,Male,False,No,Yes,0.6035763781546998
52.43333333333334,0,0311-QYWSS,False,No,False,DSL,49.45,6,False,False,Month-to-month,Electronic check,True,False,314.6,False,Yes,DSL0Month-to-month,False,Female,True,No,Yes,0.6723715101105303
53.605555555555554,1,1986-PHGZF,False,Yes,True,DSL,58.4,18,False,False,Month-to-month,Credit card (automatic),True,False,964.9,False,Yes,DSL1Month-to-month,False,Male,True,No,Yes,0.5881685904309474
83.75625,0,5989-PGKJB,False,No,True,Fiber optic,86.25,16,False,False,Month-to-month,Electronic check,False,True,1340.1,False,Yes,Fiber optic0Month-to-month,False,Female,True,No,Yes,0.7214337713321474
79.89166666666667,0,7401-RUBNK,True,No,False,Fiber optic,74.8,18,False,False,Month-to-month,Electronic check,True,False,1438.05,False,Yes,Fiber optic0Month-to-month,False,Female,False,No,Yes,0.5687093919142443
80.55,0,7439-DKZTW,False,No,False,Fiber optic,80.55,1,False,True,Month-to-month,Electronic check,False,False,80.55,False,Yes,Fiber optic0Month-to-month,False,Male,True,No,Yes,0.9433716045843952
93.18333333333334,1,5567-WSELE,True,Yes,False,Fiber optic,94.6,3,False,True,Month-to-month,Electronic check,False,True,279.55,False,Yes,Fiber optic1Month-to-month,False,Male,True,Yes,Yes,0.9552877664203361
19.75,0,9103-CXVOK,True,No,False,No,19.75,1,False,False,Month-to-month,Electronic check,False,False,19.75,True,Yes,No0Month-to-month,False,Male,False,No,Yes,0.5936114583591988
59.6,0,6218-KNUBD,False,No,True,DSL,59.45,6,False,True,Month-to-month,Electronic check,False,False,357.6,False,Yes,DSL0Month-to-month,False,Male,False,No,Yes,0.5069933253908886
60.08,0,4324-AHJKS,False,No,False,DSL,55.8,5,True,False,Month-to-month,Credit card (automatic),True,False,300.4,False,Yes,DSL0Month-to-month,False,Female,False,No,Yes,0.5838225269051172
96.8,0,9763-PDTKK,False,No,False,Fiber optic,94.4,4,True,False,Month-to-month,Bank transfer (automatic),True,True,387.2,False,Yes,Fiber optic0Month-to-month,True,Female,True,Yes,Yes,0.7505838635962292
79.72857142857143,0,3714-NTNFO,False,Yes,False,Fiber optic,84.5,49,False,False,Month-to-month,Electronic check,False,True,3906.7,False,Yes,Fiber optic0Month-to-month,False,Female,True,No,Yes,0.6138933623765901
76.675,1,5383-MMTWC,True,Yes,False,Fiber optic,84.0,8,False,False,Month-to-month,Electronic check,False,True,613.4,False,Yes,Fiber optic1Month-to-month,False,Female,True,Yes,Yes,0.9560882416444592
93.33888888888889,1,1608-GMEWB,False,Yes,False,Fiber optic,93.9,45,False,True,Month-to-month,Bank transfer (automatic),False,True,4200.25,False,Yes,Fiber optic1Month-to-month,False,Male,True,No,Yes,0.7986418851213845
109.50357142857142,1,7789-HKSBS,True,Yes,False,Fiber optic,105.2,42,True,True,One year,Bank transfer (automatic),True,True,4599.15,False,Yes,Fiber optic1One year,False,Female,True,No,Yes,0.6644066280936355
101.11071428571428,0,6615-NGGZJ,False,Yes,True,Fiber optic,100.55,14,False,True,Month-to-month,Electronic check,False,True,1415.55,False,Yes,Fiber optic0Month-to-month,False,Male,True,Yes,Yes,0.9105873542656989
53.78333333333333,0,8344-WFMFH,False,No,True,DSL,50.1,9,False,False,Month-to-month,Electronic check,False,False,484.05,True,Yes,DSL0Month-to-month,False,Male,True,No,Yes,0.5361721503979472
110.33809523809524,0,0115-TFERT,True,Yes,True,Fiber optic,111.2,21,True,True,Month-to-month,Electronic check,False,True,2317.1,False,Yes,Fiber optic0Month-to-month,True,Male,True,Yes,Yes,0.7981333182411663
87.59333333333333,0,6439-GTPCA,False,Yes,False,Fiber optic,87.25,45,True,False,Month-to-month,Electronic check,False,False,3941.7,False,Yes,Fiber optic0Month-to-month,True,Female,True,Yes,Yes,0.516819797476968
48.4,0,2969-QWUBZ,False,No phone service,True,DSL,51.4,2,False,True,Month-to-month,Electronic check,False,True,96.8,False,No,DSL0Month-to-month,False,Female,False,No,Yes,0.8587432423888391
70.49736842105263,0,8647-SDTWQ,True,Yes,False,Fiber optic,74.3,57,False,False,Month-to-month,Electronic check,False,False,4018.35,True,Yes,Fiber optic0Month-to-month,False,Male,True,No,Yes,0.641423901281159
35.22857142857143,0,8259-NFJTV,True,No phone service,False,DSL,34.65,7,False,False,Month-to-month,Mailed check,True,False,246.6,True,No,DSL0Month-to-month,True,Female,False,No,Yes,0.5318461965893052
79.77424242424243,1,8166-ZZTFS,True,Yes,True,DSL,80.55,66,True,True,Two year,Bank transfer (automatic),False,True,5265.1,False,Yes,DSL1Two year,False,Female,True,Yes,Yes,0.7718675577099624
66.32,0,6227-HWPWX,False,No,False,Fiber optic,69.0,15,False,False,Month-to-month,Bank transfer (automatic),False,False,994.8,True,Yes,Fiber optic0Month-to-month,False,Female,False,Yes,Yes,0.5110277168061905
96.76486486486488,1,6899-PPEEA,False,Yes,False,Fiber optic,96.55,37,False,True,Month-to-month,Electronic check,False,True,3580.3,False,Yes,Fiber optic1Month-to-month,False,Female,True,Yes,Yes,0.8198677157620694
101.26025641025642,1,0147-ESWWR,True,Yes,False,Fiber optic,101.25,39,False,True,Month-to-month,Electronic check,False,True,3949.15,False,Yes,Fiber optic1Month-to-month,True,Female,True,No,Yes,0.802981107197408
98.06851851851852,1,5331-RGMTT,True,Yes,False,Fiber optic,99.05,54,True,True,Month-to-month,Credit card (automatic),False,True,5295.7,False,Yes,Fiber optic1Month-to-month,False,Male,True,No,Yes,0.5906437888226501
113.29357142857143,0,1679-JRFBR,True,Yes,True,Fiber optic,108.15,70,True,True,One year,Credit card (automatic),True,True,7930.55,True,Yes,Fiber optic0One year,False,Female,True,No,Yes,0.5206278756672894
29.81851851851852,1,9057-MSWCO,True,No phone service,False,DSL,30.75,27,False,False,Month-to-month,Credit card (automatic),True,False,805.1,False,No,DSL1Month-to-month,False,Male,False,Yes,Yes,0.7626553800448949
92.81666666666666,1,5937-EORGB,True,Yes,False,Fiber optic,96.5,15,True,True,Month-to-month,Electronic check,True,False,1392.25,False,Yes,Fiber optic1Month-to-month,False,Male,True,No,Yes,0.6960456680896754
73.60571428571428,0,9821-POOTN,True,Yes,False,Fiber optic,75.2,35,False,False,Month-to-month,Electronic check,False,False,2576.2,False,Yes,Fiber optic0Month-to-month,False,Male,True,Yes,Yes,0.7532638652203937
59.875,0,6993-OHLXR,False,No,False,Fiber optic,68.95,2,False,False,Month-to-month,Electronic check,False,False,119.75,False,Yes,Fiber optic0Month-to-month,False,Female,False,Yes,Yes,0.784682800982851
19.55,0,2866-IKBTM,False,No,False,No,19.55,1,False,False,Month-to-month,Mailed check,False,False,19.55,False,Yes,No0Month-to-month,False,Female,False,No,Yes,0.5844394791255249
44.15,0,6145-NNPNO,False,No,False,DSL,44.15,1,False,False,Month-to-month,Bank transfer (automatic),False,False,44.15,False,Yes,DSL0Month-to-month,False,Female,False,No,Yes,0.6964560922767883
50.479166666666664,0,5311-IHLEI,False,No phone service,True,DSL,50.95,12,False,True,Month-to-month,Bank transfer (automatic),True,False,605.75,False,No,DSL0Month-to-month,True,Male,True,No,Yes,0.5321967787618831
76.140625,1,1226-IENZN,False,No,False,Fiber optic,78.75,16,False,False,Month-to-month,Electronic check,False,True,1218.25,False,Yes,Fiber optic1Month-to-month,False,Male,True,No,Yes,0.8246574980661593
105.9125,0,7089-IVVAZ,False,Yes,False,Fiber optic,103.35,8,False,True,Month-to-month,Bank transfer (automatic),True,True,847.3,False,Yes,Fiber optic0Month-to-month,True,Female,True,Yes,Yes,0.8589614668786493
27.383333333333336,0,8167-GJLRN,False,No phone service,False,DSL,30.4,3,False,False,Month-to-month,Electronic check,False,False,82.15,False,No,DSL0Month-to-month,True,Male,False,No,Yes,0.7358225036096696
79.1,1,8580-AECUZ,False,No,False,Fiber optic,79.1,1,False,True,Month-to-month,Electronic check,False,False,79.1,False,Yes,Fiber optic1Month-to-month,False,Male,True,Yes,Yes,0.8825962691651086
54.894444444444446,1,5707-ORNDZ,False,Yes,False,DSL,54.55,9,False,False,Month-to-month,Electronic check,True,False,494.05,False,Yes,DSL1Month-to-month,False,Male,False,Yes,Yes,0.6885044761725067
95.921875,0,3473-XIIIT,True,Yes,True,Fiber optic,100.0,16,False,True,Month-to-month,Electronic check,False,True,1534.75,False,Yes,Fiber optic0Month-to-month,False,Female,True,Yes,Yes,0.9106723226475482
74.72777777777777,0,3627-FCRDW,False,No,False,Fiber optic,71.0,9,False,False,Month-to-month,Electronic check,False,False,672.55,False,Yes,Fiber optic0Month-to-month,False,Female,False,Yes,Yes,0.7198627784019186
84.64285714285714,0,4559-UWIHT,True,Yes,True,Fiber optic,82.65,14,True,False,Month-to-month,Electronic check,False,False,1185.0,False,Yes,Fiber optic0Month-to-month,False,Male,True,No,Yes,0.8065486216389098
85.0,1,6230-BSUXY,False,No,False,Fiber optic,85.0,1,True,False,Month-to-month,Electronic check,False,True,85.0,False,Yes,Fiber optic1Month-to-month,False,Female,True,Yes,Yes,0.9320147048277655
104.13676470588236,0,2697-NQBPF,False,Yes,True,Fiber optic,105.35,34,False,True,Month-to-month,Electronic check,False,True,3540.65,False,Yes,Fiber optic0Month-to-month,True,Male,True,No,Yes,0.7651839024410795
89.2,0,6110-OHIHY,False,No,False,Fiber optic,79.25,3,False,True,Month-to-month,Electronic check,False,False,267.6,False,Yes,Fiber optic0Month-to-month,False,Male,False,Yes,Yes,0.9073380208593449
43.84166666666667,1,2235-DWLJU,False,No phone service,False,DSL,44.4,6,False,True,Month-to-month,Electronic check,False,True,263.05,False,No,DSL1Month-to-month,False,Female,True,No,Yes,0.8334120246894906
83.57121212121211,0,3550-SAHFP,False,Yes,False,Fiber optic,83.35,33,False,False,Month-to-month,Electronic check,False,True,2757.85,False,Yes,Fiber optic0Month-to-month,False,Female,True,Yes,Yes,0.7328575858315503
84.8,0,6877-TJMBR,True,No,False,Fiber optic,84.8,1,False,True,Month-to-month,Electronic check,False,False,84.8,False,Yes,Fiber optic0Month-to-month,True,Male,True,Yes,Yes,0.9203033715816299
78.875,0,4450-DLLMH,False,No,False,Fiber optic,71.3,2,False,False,Month-to-month,Credit card (automatic),False,False,157.75,False,Yes,Fiber optic0Month-to-month,False,Male,True,No,Yes,0.8726557888053773
97.774,1,5889-JTMUL,True,Yes,True,Fiber optic,95.05,50,True,True,Month-to-month,Electronic check,False,False,4888.7,False,Yes,Fiber optic1Month-to-month,False,Female,True,Yes,Yes,0.8270047246250463
76.35,0,6910-HADCM,False,No,False,Fiber optic,76.35,1,True,False,Month-to-month,Electronic check,False,False,76.35,False,Yes,Fiber optic0Month-to-month,False,Female,False,Yes,Yes,0.8806051661035201
84.85277777777777,0,9492-TOKRI,False,Yes,True,Fiber optic,90.0,18,False,True,Month-to-month,Credit card (automatic),False,False,1527.35,False,Yes,Fiber optic0Month-to-month,False,Female,True,Yes,Yes,0.7585832329717646
106.959,1,8152-UOBNY,False,Yes,True,Fiber optic,106.8,50,False,True,One year,Electronic check,False,True,5347.95,False,Yes,Fiber optic1One year,True,Female,True,No,Yes,0.6671033919124619
34.4625,0,3806-DXQOM,False,No phone service,True,DSL,33.65,4,False,False,Month-to-month,Electronic check,True,False,137.85,False,No,DSL0Month-to-month,False,Female,True,Yes,Yes,0.7408762018636983
90.1375,0,0112-QAWRZ,True,Yes,False,Fiber optic,90.8,16,True,True,Month-to-month,Bank transfer (automatic),False,False,1442.2,True,Yes,Fiber optic0Month-to-month,False,Male,True,No,Yes,0.7852197196985262
83.26,0,4143-OOBWZ,True,Yes,True,Fiber optic,81.3,5,False,False,Month-to-month,Electronic check,False,False,416.3,False,Yes,Fiber optic0Month-to-month,False,Male,True,Yes,Yes,0.8906620772224619
70.63636363636364,0,4704-ERYFC,True,No,False,Fiber optic,69.25,22,False,False,Month-to-month,Electronic check,False,False,1554.0,False,Yes,Fiber optic0Month-to-month,False,Female,True,Yes,Yes,0.6935234098309792
69.2,0,9728-FTTVZ,False,No,False,Fiber optic,69.2,1,False,False,Month-to-month,Electronic check,False,False,69.2,False,Yes,Fiber optic0Month-to-month,False,Female,True,Yes,Yes,0.9080949010033803
94.96585365853659,0,5274-XHAKY,True,Yes,True,Fiber optic,94.3,41,False,True,Month-to-month,Bank transfer (automatic),True,False,3893.6,True,Yes,Fiber optic0Month-to-month,False,Female,True,No,Yes,0.5682362510989897
84.83,0,2952-QAYZF,False,Yes,True,Fiber optic,85.3,5,True,False,Month-to-month,Electronic check,False,False,424.15,False,Yes,Fiber optic0Month-to-month,False,Male,True,Yes,Yes,0.8674347884253223
50.75,0,2103-ZRXFN,False,Yes,False,DSL,50.75,1,False,False,Month-to-month,Mailed check,False,False,50.75,False,Yes,DSL0Month-to-month,False,Male,False,No,Yes,0.7351171064220554
93.43333333333334,1,2446-BEGGB,False,Yes,True,Fiber optic,98.25,6,False,True,Month-to-month,Electronic check,False,True,560.6,False,Yes,Fiber optic1Month-to-month,False,Female,True,Yes,Yes,0.9309106688188836
84.25384615384615,0,0637-UBJRP,True,No,False,Fiber optic,84.05,13,False,False,Month-to-month,Electronic check,True,True,1095.3,True,Yes,Fiber optic0Month-to-month,False,Male,False,Yes,Yes,0.5639839726184555
109.07460317460317,0,2027-WKXMW,True,Yes,True,Fiber optic,108.75,63,True,True,Month-to-month,Electronic check,False,True,6871.7,False,Yes,Fiber optic0Month-to-month,True,Female,True,No,Yes,0.5945410580606023
67.86944444444445,0,8630-FJLIB,False,No,False,Fiber optic,69.8,18,False,False,Month-to-month,Electronic check,False,False,1221.65,False,Yes,Fiber optic0Month-to-month,False,Female,True,No,Yes,0.7192300391889457
81.85,1,6407-UTSLV,False,No,True,Fiber optic,83.8,2,False,True,Month-to-month,Bank transfer (automatic),False,False,163.7,False,Yes,Fiber optic1Month-to-month,False,Female,True,No,Yes,0.8464289033095862
54.870000000000005,0,3113-IWHLC,False,No,False,DSL,55.8,5,True,False,Month-to-month,Mailed check,True,False,274.35,False,Yes,DSL0Month-to-month,False,Male,True,No,Yes,0.5621052565661994
20.0,0,3807-XHCJH,True,No,False,No,20.0,1,False,False,Month-to-month,Electronic check,False,False,20.0,True,Yes,No0Month-to-month,False,Female,False,No,Yes,0.6097727928239687
54.275,0,5071-FBJFS,True,No,False,DSL,50.3,4,False,False,Month-to-month,Electronic check,True,False,217.1,True,Yes,DSL0Month-to-month,False,Female,False,No,Yes,0.6534527043818622
20.05,0,7096-UCLNH,False,No,False,No,20.05,1,False,False,Month-to-month,Mailed check,False,False,20.05,False,Yes,No0Month-to-month,False,Male,False,No,Yes,0.5463651125465657
20.5375,1,4160-AMJTL,False,No,False,No,19.65,8,False,False,Month-to-month,Electronic check,False,False,164.3,False,Yes,No1Month-to-month,False,Female,False,Yes,Yes,0.5081748500375
67.875,0,0508-OOLTO,True,No,False,Fiber optic,71.65,2,False,False,Month-to-month,Electronic check,False,False,135.75,True,Yes,Fiber optic0Month-to-month,False,Female,True,No,Yes,0.8930664230178536
106.7765625,0,2325-WINES,False,Yes,True,Fiber optic,104.05,32,True,True,One year,Credit card (automatic),False,True,3416.85,False,Yes,Fiber optic0One year,False,Female,True,No,Yes,0.5606194933296698
35.25,0,1740-CSDJP,False,No phone service,False,DSL,35.25,1,False,False,Month-to-month,Bank transfer (automatic),False,True,35.25,False,No,DSL0Month-to-month,False,Male,True,Yes,Yes,0.8279255303078595
18.275,0,4116-IQRFR,True,Yes,False,No,24.1,4,False,False,One year,Credit card (automatic),False,False,73.1,True,Yes,No0One year,False,Male,False,No,Yes,0.5312611350465718
75.47777777777777,0,4465-VDKIQ,False,No,True,Fiber optic,77.8,18,True,False,Month-to-month,Electronic check,False,False,1358.6,False,Yes,Fiber optic0Month-to-month,False,Female,False,No,Yes,0.612116281572048
19.75,0,1156-ZFYDO,False,No,False,No,19.75,1,False,False,Month-to-month,Electronic check,False,False,19.75,False,Yes,No0Month-to-month,False,Female,False,No,Yes,0.6832924355281995
109.16037735849056,0,6777-TGHTM,False,Yes,False,Fiber optic,106.95,53,True,True,One year,Credit card (automatic),True,True,5785.5,False,Yes,Fiber optic0One year,False,Female,True,Yes,Yes,0.5859860978465644
86.32777777777778,0,7831-QGOXH,False,Yes,False,Fiber optic,85.2,18,False,True,Month-to-month,Electronic check,False,False,1553.9,False,Yes,Fiber optic0Month-to-month,False,Female,True,Yes,Yes,0.8519146846415461
92.3409090909091,0,8782-LKFPK,False,Yes,False,Fiber optic,90.4,44,True,False,Month-to-month,Mailed check,False,True,4063.0,False,Yes,Fiber optic0Month-to-month,False,Male,True,No,Yes,0.5398623914580487
27.66111111111111,0,6543-CPZMK,True,No phone service,True,DSL,29.95,9,False,False,Month-to-month,Electronic check,False,False,248.95,True,No,DSL0Month-to-month,False,Male,True,Yes,Yes,0.6127974291628215
50.473333333333336,1,1324-NLTJE,False,Yes,False,DSL,55.0,15,False,False,Month-to-month,Credit card (automatic),False,False,757.1,False,Yes,DSL1Month-to-month,True,Female,False,Yes,Yes,0.640636695091792
86.51,0,5183-SNMJQ,False,No,False,Fiber optic,95.1,10,False,True,Month-to-month,Credit card (automatic),False,True,865.1,False,Yes,Fiber optic0Month-to-month,True,Male,True,No,Yes,0.7361756912118405
102.8,0,9681-OXGVC,False,Yes,False,Fiber optic,100.5,5,True,True,Month-to-month,Electronic check,False,True,514.0,False,Yes,Fiber optic0Month-to-month,False,Female,True,Yes,Yes,0.9635185836212
76.38000000000001,1,2656-FMOKZ,False,Yes,False,Fiber optic,74.45,15,False,False,Month-to-month,Mailed check,False,False,1145.7,False,Yes,Fiber optic1Month-to-month,False,Female,True,Yes,Yes,0.781429565357423
74.3,1,8775-ERLNB,True,Yes,False,Fiber optic,74.3,1,False,False,Month-to-month,Electronic check,False,False,74.3,False,Yes,Fiber optic1Month-to-month,False,Male,False,No,Yes,0.9255796648656668
73.5,0,9747-DDZOS,False,No,False,Fiber optic,73.5,1,True,False,Month-to-month,Bank transfer (automatic),False,False,73.5,False,Yes,Fiber optic0Month-to-month,False,Female,False,Yes,Yes,0.8363640564520219
83.11,1,6060-DRTNL,False,No,False,Fiber optic,84.85,5,True,True,Month-to-month,Mailed check,False,False,415.55,False,Yes,Fiber optic1Month-to-month,False,Female,True,Yes,Yes,0.8205926154248635
26.31833333333333,0,6609-MXJHJ,True,Yes,False,No,25.1,30,False,False,Two year,Mailed check,False,False,789.55,True,Yes,No0Two year,False,Female,True,No,Yes,0.5765179108075001
81.60138888888889,0,1910-FMXJM,True,No,False,Fiber optic,80.4,36,False,False,Month-to-month,Electronic check,False,True,2937.65,False,Yes,Fiber optic0Month-to-month,False,Female,False,No,Yes,0.5940840102012185
89.75555555555556,0,1173-NOEYG,True,Yes,False,Fiber optic,90.15,27,True,False,Month-to-month,Bank transfer (automatic),False,True,2423.4,False,Yes,Fiber optic0Month-to-month,False,Female,False,No,Yes,0.5203474287291268
99.75,0,0326-VDYXE,True,Yes,False,Fiber optic,97.65,70,True,True,One year,Electronic check,False,True,6982.5,False,Yes,Fiber optic0One year,False,Female,True,No,Yes,0.5047069486939897
80.43333333333334,0,9643-AVVWI,True,No,True,Fiber optic,80.0,3,False,False,Month-to-month,Electronic check,False,False,241.3,True,Yes,Fiber optic0Month-to-month,True,Female,True,No,Yes,0.8338764643524009
101.375,1,1013-QCWAM,True,Yes,True,Fiber optic,100.8,66,False,True,Month-to-month,Electronic check,False,True,6690.75,False,Yes,Fiber optic1Month-to-month,False,Female,True,No,Yes,0.6310333646470013
84.17777777777779,0,5022-KVDQT,False,Yes,False,Fiber optic,81.3,27,True,False,Month-to-month,Electronic check,False,False,2272.8,False,Yes,Fiber optic0Month-to-month,False,Male,True,No,Yes,0.6828902217355381
19.9,0,7878-RTCZG,False,No,False,No,19.9,1,False,False,Month-to-month,Mailed check,False,False,19.9,False,Yes,No0Month-to-month,False,Female,False,No,Yes,0.5748799912642567
90.53999999999999,0,2462-XIIJB,False,Yes,False,Fiber optic,92.5,5,True,True,Month-to-month,Electronic check,False,False,452.7,False,Yes,Fiber optic0Month-to-month,False,Male,True,Yes,Yes,0.9220336976597515
100.17777777777778,0,8769-KKTPH,True,Yes,False,Fiber optic,99.65,63,False,True,One year,Credit card (automatic),True,True,6311.2,True,Yes,Fiber optic0One year,False,Female,True,No,Yes,0.557437056483665
86.375,1,2860-RANUS,False,Yes,False,Fiber optic,85.8,20,False,False,Month-to-month,Credit card (automatic),False,True,1727.5,False,Yes,Fiber optic1Month-to-month,False,Female,True,Yes,Yes,0.8174362991815946
94.33913043478262,0,0634-SZPQA,False,Yes,False,Fiber optic,90.05,23,False,True,Month-to-month,Bank transfer (automatic),True,False,2169.8,False,Yes,Fiber optic0Month-to-month,False,Female,True,Yes,Yes,0.655452334499594
71.61999999999999,1,9947-OTFQU,False,No,True,Fiber optic,74.4,15,False,False,Month-to-month,Electronic check,False,False,1074.3,False,Yes,Fiber optic1Month-to-month,False,Male,True,Yes,Yes,0.7558731720744066
30.55,0,6656-JWRQX,False,No phone service,False,DSL,30.55,1,False,False,Month-to-month,Mailed check,False,False,30.55,False,No,DSL0Month-to-month,True,Female,False,No,Yes,0.6884971214010993
49.95384615384615,0,4581-LNWUM,False,No phone service,False,DSL,49.15,13,True,True,Month-to-month,Electronic check,False,True,649.4,False,No,DSL0Month-to-month,False,Female,False,No,Yes,0.7519596524792688
100.65106382978725,0,2750-BJLSB,False,No,False,Fiber optic,103.7,47,True,True,One year,Electronic check,True,True,4730.6,False,Yes,Fiber optic0One year,True,Female,True,No,Yes,0.5061698255900883
86.9,0,8212-DJRCH,True,No,False,Fiber optic,90.35,5,True,False,Month-to-month,Mailed check,True,True,434.5,True,Yes,Fiber optic0Month-to-month,False,Male,True,No,Yes,0.6838041294855878
84.71296296296296,1,8063-GBATB,False,Yes,False,Fiber optic,85.25,27,False,False,Month-to-month,Electronic check,False,True,2287.25,False,Yes,Fiber optic1Month-to-month,False,Female,True,Yes,Yes,0.8262631803381503
48.45,0,0623-GDISB,False,No,False,DSL,48.45,1,False,False,Month-to-month,Bank transfer (automatic),True,False,48.45,False,Yes,DSL0Month-to-month,False,Female,True,No,Yes,0.7392273968988701
70.5,0,1915-IOFGU,False,No,False,Fiber optic,70.5,1,False,False,Month-to-month,Electronic check,False,False,70.5,False,Yes,Fiber optic0Month-to-month,False,Female,False,Yes,Yes,0.8667370046918944
102.42179487179487,0,9801-GDWGV,False,Yes,True,Fiber optic,103.45,39,True,True,Month-to-month,Electronic check,False,True,3994.45,False,Yes,Fiber optic0Month-to-month,False,Female,True,Yes,Yes,0.8413769049217772
77.05555555555556,0,3094-JOJAI,False,Yes,False,Fiber optic,74.15,18,False,False,Month-to-month,Mailed check,False,False,1387.0,False,Yes,Fiber optic0Month-to-month,False,Male,False,No,Yes,0.6211230272570516
82.25,0,1981-INRFU,False,No,False,Fiber optic,79.75,2,False,True,Month-to-month,Electronic check,False,False,164.5,False,Yes,Fiber optic0Month-to-month,False,Female,True,Yes,Yes,0.9432322936429934
48.225,0,4671-LXRDQ,False,No,False,DSL,45.0,2,False,False,Month-to-month,Mailed check,False,False,96.45,False,Yes,DSL0Month-to-month,False,Male,True,Yes,Yes,0.6502721227005198
51.39545454545455,0,8108-UXRQN,True,No phone service,False,DSL,50.55,11,False,True,Month-to-month,Electronic check,True,True,565.35,True,No,DSL0Month-to-month,False,Female,False,No,Yes,0.7216216618431556
79.18076923076923,0,1346-UFHAX,False,Yes,False,Fiber optic,80.0,13,False,False,Month-to-month,Credit card (automatic),True,False,1029.35,False,Yes,Fiber optic0Month-to-month,False,Female,True,No,Yes,0.701512324090528
44.55833333333334,0,1213-NGCUN,False,No,False,DSL,49.65,6,False,False,Month-to-month,Bank transfer (automatic),False,False,267.35,False,Yes,DSL0Month-to-month,True,Female,True,Yes,Yes,0.6460855450453687
70.15,1,1846-XWOQN,False,No,False,Fiber optic,70.15,1,False,False,Month-to-month,Electronic check,False,False,70.15,False,Yes,Fiber optic1Month-to-month,False,Female,True,Yes,Yes,0.8882334121844628
19.625,0,0871-OPBXW,False,No,False,No,20.05,2,False,False,Month-to-month,Mailed check,False,False,39.25,False,Yes,No0Month-to-month,False,Female,True,No,Yes,0.5055784736468835
45.175,0,8348-HFYIV,False,No phone service,False,DSL,49.25,2,True,True,Month-to-month,Electronic check,False,True,90.35,False,No,DSL0Month-to-month,False,Male,True,Yes,Yes,0.9238523228060443
46.989999999999995,0,1208-NBVFH,True,No,False,DSL,49.6,20,True,False,Month-to-month,Electronic check,False,False,939.8,True,Yes,DSL0Month-to-month,False,Male,True,No,Yes,0.5331458730486233
47.23333333333333,0,4061-UKJWL,False,No,False,DSL,45.45,3,False,False,Month-to-month,Mailed check,False,False,141.7,False,Yes,DSL0Month-to-month,False,Male,False,No,Yes,0.5783723129884686
99.66724137931034,1,2675-DHUTR,True,Yes,True,Fiber optic,98.9,58,False,True,Month-to-month,Electronic check,False,True,5780.7,False,Yes,Fiber optic1Month-to-month,False,Male,True,No,Yes,0.5215941979862613
72.1,1,0021-IKXGC,False,Yes,False,Fiber optic,72.1,1,False,False,Month-to-month,Electronic check,False,False,72.1,False,Yes,Fiber optic1Month-to-month,False,Female,True,No,Yes,0.9386221962766603
98.26973684210526,1,4803-AXVYP,False,Yes,False,Fiber optic,99.55,38,False,True,Month-to-month,Electronic check,False,True,3734.25,False,Yes,Fiber optic1Month-to-month,True,Female,True,Yes,Yes,0.7290166181801095
74.925,0,8640-SDGKB,False,No,False,DSL,74.4,4,True,True,Month-to-month,Electronic check,False,True,299.7,False,Yes,DSL0Month-to-month,True,Male,True,Yes,Yes,0.5956573106098788
66.96000000000001,1,5956-VKDTT,True,Yes,False,Fiber optic,74.35,5,False,False,Month-to-month,Electronic check,False,False,334.8,False,Yes,Fiber optic1Month-to-month,False,Female,True,Yes,Yes,0.9376307579639832
89.55,0,0970-ETWGE,False,No,False,Fiber optic,89.55,1,False,True,Month-to-month,Electronic check,False,True,89.55,False,Yes,Fiber optic0Month-to-month,False,Male,True,Yes,Yes,0.9494557831801008
72.5,0,3453-RTHJQ,False,No,False,Fiber optic,69.1,6,False,False,Month-to-month,Electronic check,False,False,435.0,False,Yes,Fiber optic0Month-to-month,False,Male,True,No,Yes,0.8202887126638466
79.53461538461539,0,7018-WBJNK,False,No,False,Fiber optic,78.3,13,False,True,Month-to-month,Credit card (automatic),False,False,1033.95,True,Yes,Fiber optic0Month-to-month,False,Male,True,No,Yes,0.774445774788448
97.61666666666667,0,3049-SOLAY,True,Yes,False,Fiber optic,95.2,3,False,True,Month-to-month,Electronic check,False,True,292.85,False,Yes,Fiber optic0Month-to-month,False,Female,True,Yes,Yes,0.9690884048146825
108.38,0,0691-NIKRI,False,Yes,False,Fiber optic,105.95,40,True,True,One year,Credit card (automatic),False,True,4335.2,False,Yes,Fiber optic0One year,True,Female,True,No,Yes,0.5988895627828449
92.39615384615385,1,7156-MHUGY,False,No,False,Fiber optic,90.5,13,False,True,Month-to-month,Electronic check,False,True,1201.15,False,Yes,Fiber optic1Month-to-month,False,Male,True,Yes,Yes,0.8186720275356423
58.7125,0,5543-QDCRY,False,No,False,DSL,56.4,4,False,True,Month-to-month,Electronic check,False,False,234.85,False,Yes,DSL0Month-to-month,False,Male,True,No,Yes,0.7321345663839816
54.35,0,4349-GFQHK,False,Yes,False,DSL,54.35,1,True,False,Month-to-month,Electronic check,False,False,54.35,False,Yes,DSL0Month-to-month,False,Male,False,Yes,Yes,0.8159394364635739
95.16875,0,0265-PSUAE,True,No,False,Fiber optic,100.7,16,True,True,Month-to-month,Bank transfer (automatic),True,True,1522.7,True,Yes,Fiber optic0Month-to-month,False,Female,False,No,Yes,0.6509159876201415
65.965,0,6379-RXJRQ,True,No,False,Fiber optic,70.1,10,False,False,Month-to-month,Electronic check,False,False,659.65,False,Yes,Fiber optic0Month-to-month,False,Male,True,Yes,Yes,0.7655066679059567
91.82272727272726,1,5857-TYBCJ,True,Yes,False,Fiber optic,89.2,44,True,True,Month-to-month,Electronic check,False,False,4040.2,False,Yes,Fiber optic1Month-to-month,False,Male,True,No,Yes,0.81758184335392
42.490625,1,0786-VSSUD,False,No phone service,True,DSL,39.0,16,False,True,Month-to-month,Mailed check,False,False,679.85,False,No,DSL1Month-to-month,False,Male,True,Yes,Yes,0.5817346392128558
84.725,0,0697-ZMSWS,False,Yes,False,Fiber optic,85.65,4,False,False,Month-to-month,Electronic check,False,True,338.9,False,Yes,Fiber optic0Month-to-month,False,Male,True,Yes,Yes,0.910934420168998
97.15,0,3663-MITLP,False,No,True,Fiber optic,101.25,15,True,True,Month-to-month,Electronic check,False,True,1457.25,False,Yes,Fiber optic0Month-to-month,False,Female,True,Yes,Yes,0.8741157110381033
107.653125,0,5074-FBGHB,False,Yes,False,Fiber optic,104.65,64,True,True,One year,Credit card (automatic),False,True,6889.8,False,Yes,Fiber optic0One year,True,Male,True,No,Yes,0.5323654060878811
66.52857142857142,0,0274-JKUJR,True,No phone service,True,DSL,58.85,7,True,True,Month-to-month,Mailed check,True,True,465.7,True,No,DSL0Month-to-month,False,Male,False,No,Yes,0.6487338405921144
20.6,0,5049-GLYVG,False,No,False,No,20.6,1,False,False,Month-to-month,Mailed check,False,False,20.6,False,Yes,No0Month-to-month,False,Male,False,Yes,Yes,0.5272488537245276
49.9,0,1453-RZFON,False,No,False,DSL,49.9,1,False,False,Month-to-month,Mailed check,True,False,49.9,True,Yes,DSL0Month-to-month,False,Female,False,No,Yes,0.6694663617750887
25.25,1,0612-RTZZA,False,No phone service,False,DSL,25.25,1,False,False,Month-to-month,Electronic check,False,False,25.25,False,No,DSL1Month-to-month,False,Female,False,Yes,Yes,0.9823901201387161
78.30357142857143,1,2272-QAGFO,False,Yes,False,Fiber optic,74.3,14,False,False,Month-to-month,Electronic check,False,False,1096.25,False,Yes,Fiber optic1Month-to-month,False,Female,True,Yes,Yes,0.8494161808739352
95.33666666666666,0,1379-FRVEB,False,Yes,True,Fiber optic,91.0,15,False,True,Month-to-month,Electronic check,False,False,1430.05,True,Yes,Fiber optic0Month-to-month,False,Male,True,No,Yes,0.8393588305818571
74.40454545454546,0,1391-UBDAR,False,No,False,Fiber optic,72.9,11,True,False,Month-to-month,Electronic check,False,False,818.45,False,Yes,Fiber optic0Month-to-month,False,Male,False,No,Yes,0.6878101871202037
52.1,1,7580-UGXNC,False,No,True,DSL,54.85,2,False,False,Month-to-month,Mailed check,True,False,104.2,False,Yes,DSL1Month-to-month,False,Female,False,Yes,Yes,0.8081986604627108
76.225,0,5712-PTIWW,False,No,False,Fiber optic,79.85,2,True,False,Month-to-month,Electronic check,False,False,152.45,False,Yes,Fiber optic0Month-to-month,True,Male,True,Yes,Yes,0.852799258282074
93.5013888888889,0,0376-OIWME,True,No,False,Fiber optic,93.6,36,False,True,Month-to-month,Electronic check,True,True,3366.05,False,Yes,Fiber optic0Month-to-month,False,Male,True,No,Yes,0.6421970827207206
98.79677419354839,0,3009-JWMPU,False,Yes,False,Fiber optic,96.75,62,True,True,One year,Electronic check,False,True,6125.4,False,Yes,Fiber optic0One year,False,Male,True,Yes,Yes,0.5732036286692562
76.57142857142857,0,9921-ZVRHG,False,Yes,False,Fiber optic,80.45,14,True,False,Month-to-month,Electronic check,False,False,1072.0,False,Yes,Fiber optic0Month-to-month,False,Female,True,Yes,Yes,0.8218141418508647
44.107142857142854,0,4012-ZTHBR,True,No,False,DSL,44.95,21,False,False,Month-to-month,Electronic check,False,False,926.25,True,Yes,DSL0Month-to-month,False,Female,True,No,Yes,0.5145054537082263
80.15,0,6086-ESGRL,False,No,False,Fiber optic,80.15,1,False,False,Month-to-month,Credit card (automatic),False,True,80.15,False,Yes,Fiber optic0Month-to-month,False,Female,False,Yes,Yes,0.8638552689704466
108.78750000000001,0,7892-POOKP,True,Yes,False,Fiber optic,104.8,28,True,True,Month-to-month,Electronic check,False,True,3046.05,False,Yes,Fiber optic0Month-to-month,True,Female,True,Yes,Yes,0.7756804926737622
81.95,0,2004-OCQXK,False,No,False,Fiber optic,81.95,1,False,False,Month-to-month,Electronic check,False,True,81.95,False,Yes,Fiber optic0Month-to-month,False,Female,True,Yes,Yes,0.9304974606975706
96.46170212765956,0,6845-RGTYS,True,Yes,True,Fiber optic,98.75,47,True,True,Month-to-month,Electronic check,True,False,4533.7,False,Yes,Fiber optic0Month-to-month,False,Female,True,Yes,Yes,0.6070527696945855
56.2125,0,1548-ARAGG,True,Yes,True,DSL,58.5,4,False,False,Month-to-month,Mailed check,False,False,224.85,True,Yes,DSL0Month-to-month,True,Female,True,No,Yes,0.5451152634220876
71.22,0,6786-OBWQR,True,No,False,Fiber optic,80.85,5,False,True,Month-to-month,Electronic check,False,False,356.1,True,Yes,Fiber optic0Month-to-month,False,Female,True,No,Yes,0.8906429392245175
38.64545454545455,0,8158-WPEZG,False,No phone service,True,DSL,35.65,11,False,False,Month-to-month,Electronic check,False,False,425.1,False,No,DSL0Month-to-month,True,Male,True,No,Yes,0.5290361341291507
68.35,1,0221-WMXNQ,False,No,False,Fiber optic,75.35,4,False,False,Month-to-month,Electronic check,True,False,273.4,False,Yes,Fiber optic1Month-to-month,False,Male,False,No,Yes,0.7983828597157925
79.2,1,6567-HOOPW,False,No,False,Fiber optic,79.2,1,False,True,Month-to-month,Electronic check,False,False,79.2,False,Yes,Fiber optic1Month-to-month,False,Female,True,Yes,Yes,0.8922043332697307
93.5575,0,0829-XXPLX,False,No,False,Fiber optic,89.4,20,True,True,Month-to-month,Bank transfer (automatic),True,False,1871.15,False,Yes,Fiber optic0Month-to-month,False,Female,True,No,Yes,0.6083149863839343
58.325,0,3750-CKVKH,False,No,False,Fiber optic,67.75,2,False,False,Month-to-month,Electronic check,False,False,116.65,False,Yes,Fiber optic0Month-to-month,False,Male,True,Yes,Yes,0.8253035946529031
81.61666666666666,0,1212-GLHMD,False,No,False,Fiber optic,86.05,3,False,False,Month-to-month,Mailed check,True,True,244.85,False,Yes,Fiber optic0Month-to-month,False,Male,True,No,Yes,0.7468996177072296
96.12037037037037,0,3597-MVHJT,False,Yes,False,Fiber optic,95.6,27,False,True,Month-to-month,Bank transfer (automatic),False,True,2595.25,False,Yes,Fiber optic0Month-to-month,False,Female,True,No,Yes,0.7548042859608602
109.25851063829786,0,3384-CTMSF,True,Yes,True,Fiber optic,104.1,47,True,True,Month-to-month,Electronic check,False,True,5135.15,False,Yes,Fiber optic0Month-to-month,False,Male,True,No,Yes,0.6781674450895984
20.25,0,2081-KJSQF,False,No,False,No,20.25,1,False,False,Month-to-month,Mailed check,False,False,20.25,False,Yes,No0Month-to-month,False,Male,True,No,Yes,0.5796517939723996
92.68684210526315,0,5922-ABDVO,True,Yes,False,Fiber optic,89.65,19,True,False,Month-to-month,Mailed check,False,True,1761.05,False,Yes,Fiber optic0Month-to-month,False,Female,False,Yes,Yes,0.6405183665811611
105.47619047619048,0,7181-OQCUT,False,Yes,False,Fiber optic,103.85,21,True,True,Month-to-month,Mailed check,True,True,2215.0,False,Yes,Fiber optic0Month-to-month,False,Male,False,No,Yes,0.6586988163812104
111.67313432835822,0,2659-VXMWZ,True,Yes,True,Fiber optic,111.3,67,True,True,One year,Electronic check,True,True,7482.1,True,Yes,Fiber optic0One year,False,Male,True,Yes,Yes,0.5350509888263588
72.375,0,1907-YLNYW,False,No,False,DSL,66.7,8,True,False,Month-to-month,Electronic check,True,True,579.0,False,Yes,DSL0Month-to-month,False,Male,True,No,Yes,0.5587453797963631
93.5076923076923,0,0023-XUOPT,True,Yes,True,Fiber optic,94.1,13,True,True,Month-to-month,Electronic check,False,False,1215.6,False,Yes,Fiber optic0Month-to-month,False,Female,False,Yes,Yes,0.8216412761874498
51.8375,1,1636-NTNCO,False,No phone service,True,DSL,50.95,4,False,True,Month-to-month,Credit card (automatic),False,True,207.35,False,No,DSL1Month-to-month,False,Male,True,No,Yes,0.8030687165766437
64.85000000000001,0,4250-FDVOU,False,No,True,DSL,56.25,6,False,False,Month-to-month,Electronic check,True,False,389.1,False,Yes,DSL0Month-to-month,False,Female,False,Yes,Yes,0.5890393881961404
82.42,0,1569-TTNYJ,True,Yes,True,Fiber optic,78.75,5,False,False,Month-to-month,Electronic check,False,False,412.1,False,Yes,Fiber optic0Month-to-month,False,Male,True,Yes,Yes,0.9003414706675887
94.484,0,0148-DCDOS,False,Yes,False,Fiber optic,94.7,25,False,True,Month-to-month,Bank transfer (automatic),False,True,2362.1,False,Yes,Fiber optic0Month-to-month,False,Male,True,Yes,Yes,0.7473123041688591
85.58333333333333,0,3916-NRPAP,False,No,False,Fiber optic,85.7,3,True,False,Month-to-month,Credit card (automatic),False,True,256.75,False,Yes,Fiber optic0Month-to-month,False,Male,False,No,Yes,0.7827788618027652
56.79,0,7129-ACFOG,False,Yes,False,DSL,53.8,5,False,False,Month-to-month,Electronic check,True,False,283.95,False,Yes,DSL0Month-to-month,False,Female,True,No,Yes,0.7733971871289916
93.87567567567568,1,3990-QYKBE,True,Yes,False,Fiber optic,92.5,37,False,True,Month-to-month,Electronic check,False,True,3473.4,False,Yes,Fiber optic1Month-to-month,False,Male,True,Yes,Yes,0.798497852126706
77.40625,1,0537-QYZZN,True,Yes,False,Fiber optic,79.85,24,False,False,Month-to-month,Electronic check,True,False,1857.75,True,Yes,Fiber optic1Month-to-month,False,Male,True,No,Yes,0.6827429890124942
54.5,0,7246-ZGQDF,False,No,False,DSL,54.5,1,False,False,Month-to-month,Electronic check,True,False,54.5,True,Yes,DSL0Month-to-month,True,Female,False,No,Yes,0.7100884866600167
43.95,0,3085-QUOZK,False,No,False,DSL,43.95,1,False,False,Month-to-month,Mailed check,False,False,43.95,False,Yes,DSL0Month-to-month,False,Female,False,Yes,Yes,0.6779628862326885
72.65555555555555,0,0570-BFQHT,False,No,True,Fiber optic,80.55,9,True,False,Month-to-month,Electronic check,False,False,653.9,False,Yes,Fiber optic0Month-to-month,False,Female,False,No,Yes,0.6674739531748035
68.22142857142858,0,5044-LRQAQ,True,No,False,Fiber optic,69.2,7,False,False,Month-to-month,Bank transfer (automatic),False,False,477.55,False,Yes,Fiber optic0Month-to-month,False,Female,True,No,Yes,0.7606474755715623
81.05,0,2674-MIAHT,False,Yes,True,Fiber optic,80.3,4,False,False,Month-to-month,Mailed check,False,False,324.2,False,Yes,Fiber optic0Month-to-month,False,Female,True,No,Yes,0.8595515824003522
21.292857142857144,0,5215-LNLDJ,True,No phone service,False,DSL,24.7,7,False,False,Month-to-month,Electronic check,False,False,149.05,True,No,DSL0Month-to-month,False,Female,True,No,Yes,0.6268906912962198
42.75,0,2737-WFVYW,False,No phone service,False,DSL,45.25,2,False,True,Month-to-month,Electronic check,False,True,85.5,False,No,DSL0Month-to-month,False,Female,True,Yes,Yes,0.9198285795330926
83.31666666666666,0,4536-PLEQY,True,No,True,Fiber optic,85.05,12,False,False,Month-to-month,Credit card (automatic),False,True,999.8,False,Yes,Fiber optic0Month-to-month,False,Male,True,No,Yes,0.6972504100080693
105.51666666666667,0,0207-MDKNV,False,No,False,Fiber optic,105.1,15,True,True,Month-to-month,Electronic check,True,True,1582.75,False,Yes,Fiber optic0Month-to-month,True,Female,False,Yes,Yes,0.7023192648558291
105.64473684210526,1,3197-ARFOY,False,No,True,Fiber optic,105.0,19,False,True,Month-to-month,Mailed check,True,True,2007.25,False,Yes,Fiber optic1Month-to-month,True,Female,True,No,Yes,0.5413286221334439
90.125,1,5649-ANRML,False,No,True,Fiber optic,95.1,2,True,False,Month-to-month,Credit card (automatic),False,True,180.25,False,Yes,Fiber optic1Month-to-month,True,Male,True,Yes,Yes,0.8240497153460633
92.8375,1,0674-DGMAQ,True,Yes,True,Fiber optic,93.5,32,True,False,Month-to-month,Electronic check,False,True,2970.8,False,Yes,Fiber optic1Month-to-month,False,Male,True,No,Yes,0.7968453574065897
44.875,0,9588-OZDMQ,True,No,False,DSL,45.0,2,False,False,Month-to-month,Electronic check,False,False,89.75,False,Yes,DSL0Month-to-month,False,Female,True,No,Yes,0.7767393534864688
80.98333333333333,0,5095-AESKG,True,Yes,True,Fiber optic,91.5,3,False,False,Month-to-month,Credit card (automatic),False,True,242.95,False,Yes,Fiber optic0Month-to-month,False,Female,True,Yes,Yes,0.8803484872497148
102.171875,0,9432-RUVSL,False,No,False,Fiber optic,102.5,48,True,True,Two year,Credit card (automatic),True,True,4904.25,False,Yes,Fiber optic0Two year,True,Female,True,No,Yes,0.5469975776885246
63.379999999999995,0,6047-YHPVI,False,No,False,Fiber optic,69.7,5,False,False,Month-to-month,Electronic check,False,False,316.9,False,Yes,Fiber optic0Month-to-month,False,Male,True,Yes,Yes,0.8067900073206827
47.69285714285714,0,0601-WZHJF,True,No phone service,False,DSL,46.35,14,False,True,Month-to-month,Electronic check,False,True,667.7,False,No,DSL0Month-to-month,False,Male,False,Yes,Yes,0.6735863851629901
74.75,0,7296-PIXQY,True,No,False,Fiber optic,70.2,14,False,False,Month-to-month,Electronic check,False,False,1046.5,True,Yes,Fiber optic0Month-to-month,False,Female,False,No,Yes,0.6624470092706382
99.48125,0,0963-ZBDRN,False,No,False,Fiber optic,96.2,32,False,True,Month-to-month,Electronic check,False,True,3183.4,False,Yes,Fiber optic0Month-to-month,True,Male,True,Yes,Yes,0.6434297852654112
20.95,0,6728-WYQBC,False,No,False,No,20.95,1,False,False,Month-to-month,Bank transfer (automatic),False,False,20.95,False,Yes,No0Month-to-month,False,Male,False,No,Yes,0.5347672678072461
69.32142857142857,1,9334-GWGOW,True,Yes,False,Fiber optic,74.85,7,False,False,Month-to-month,Electronic check,False,False,485.25,False,Yes,Fiber optic1Month-to-month,False,Male,True,No,Yes,0.930163262652762
20.9,0,7434-SHXLS,False,No,False,No,20.9,1,False,False,Month-to-month,Mailed check,False,False,20.9,False,Yes,No0Month-to-month,False,Female,False,Yes,Yes,0.5395912225317142
75.875,0,3420-YJLQT,False,Yes,True,Fiber optic,79.55,2,False,False,Month-to-month,Electronic check,False,False,151.75,False,Yes,Fiber optic0Month-to-month,False,Female,False,No,Yes,0.8858034724245766
58.86428571428572,1,8399-YNDCH,False,No,False,DSL,60.05,21,True,True,Month-to-month,Bank transfer (automatic),False,False,1236.15,False,Yes,DSL1Month-to-month,False,Male,True,Yes,Yes,0.7421467831288513
91.05729166666667,1,2573-GYRUU,True,Yes,False,Fiber optic,91.05,48,True,False,Month-to-month,Credit card (automatic),False,True,4370.75,False,Yes,Fiber optic1Month-to-month,False,Male,True,No,Yes,0.8293387269006193
71.46666666666667,0,0641-EVBOJ,False,No,False,Fiber optic,82.3,3,False,False,Month-to-month,Mailed check,True,False,214.4,False,Yes,Fiber optic0Month-to-month,True,Male,True,No,Yes,0.6240862187248487
32.71,0,5882-CMAZQ,True,No phone service,True,DSL,34.25,5,False,False,Month-to-month,Electronic check,False,False,163.55,True,No,DSL0Month-to-month,True,Female,False,No,Yes,0.6689068081083018
59.8875,0,2235-ZGKPT,True,Yes,False,DSL,50.85,4,False,False,Month-to-month,Mailed check,False,False,239.55,True,Yes,DSL0Month-to-month,False,Female,False,Yes,Yes,0.6807437809333718
74.3375,0,4301-VVZKA,True,Yes,False,Fiber optic,75.4,16,False,False,Month-to-month,Electronic check,False,False,1189.4,False,Yes,Fiber optic0Month-to-month,False,Male,True,No,Yes,0.8274677283685268
104.04375,1,9889-TMAHG,False,No,False,Fiber optic,100.3,8,False,True,Month-to-month,Credit card (automatic),True,True,832.35,False,Yes,Fiber optic1Month-to-month,True,Male,False,Yes,Yes,0.779841859322571
77.425,1,0685-MLYYM,False,No,False,Fiber optic,70.75,2,False,False,Month-to-month,Electronic check,False,False,154.85,False,Yes,Fiber optic1Month-to-month,False,Female,False,Yes,Yes,0.8613304721000774
98.64428571428572,1,4238-JSSWH,True,Yes,False,Fiber optic,102.05,35,True,True,Month-to-month,Bank transfer (automatic),False,True,3452.55,False,Yes,Fiber optic1Month-to-month,False,Female,False,No,Yes,0.6282272464314086
19.05,0,1015-OWJKI,False,No,False,No,19.05,1,False,False,Month-to-month,Mailed check,False,False,19.05,False,Yes,No0Month-to-month,False,Male,False,No,Yes,0.5719306243731077
59.55,0,2853-CWQFQ,False,No,False,DSL,59.55,1,False,False,Month-to-month,Mailed check,False,True,59.55,True,Yes,DSL0Month-to-month,True,Male,True,No,Yes,0.6496451641634381
91.9875,0,5339-PXDVH,False,Yes,False,Fiber optic,90.65,4,False,True,Month-to-month,Electronic check,True,False,367.95,False,Yes,Fiber optic0Month-to-month,False,Male,False,No,Yes,0.8537016109748008
78.0848484848485,0,6538-POCHL,False,No,True,Fiber optic,79.0,33,True,False,Month-to-month,Credit card (automatic),False,False,2576.8,False,Yes,Fiber optic0Month-to-month,False,Male,True,No,Yes,0.5064347906254587
101.30624999999999,0,5480-TBGPH,True,No,True,Fiber optic,99.3,24,True,True,Month-to-month,Credit card (automatic),False,True,2431.35,False,Yes,Fiber optic0Month-to-month,False,Female,True,Yes,Yes,0.7401817228185811
80.55,0,0318-QUUOB,True,No,False,Fiber optic,80.55,1,False,True,Month-to-month,Electronic check,False,False,80.55,False,Yes,Fiber optic0Month-to-month,False,Male,True,Yes,Yes,0.9475386830813846
86.61428571428571,0,0682-USIXD,True,No,False,Fiber optic,86.05,21,False,True,Month-to-month,Electronic check,False,False,1818.9,False,Yes,Fiber optic0Month-to-month,True,Female,True,No,Yes,0.6949410193712677
70.10000000000001,0,9306-CPCBC,False,Yes,False,Fiber optic,74.25,3,False,False,Month-to-month,Electronic check,False,False,210.3,False,Yes,Fiber optic0Month-to-month,False,Female,True,Yes,Yes,0.9244292694239203
50.75,0,4317-VTEOA,False,No,True,DSL,50.75,1,False,False,Month-to-month,Electronic check,False,False,50.75,False,Yes,DSL0Month-to-month,False,Male,True,Yes,Yes,0.740974170508208
83.2030303030303,0,3023-GFLBR,True,Yes,False,Fiber optic,86.15,33,False,False,Month-to-month,Credit card (automatic),False,True,2745.7,True,Yes,Fiber optic0Month-to-month,False,Female,False,Yes,Yes,0.5085375894073872
90.26428571428572,0,7479-NITWS,False,Yes,False,Fiber optic,89.35,7,True,True,Month-to-month,Credit card (automatic),False,False,631.85,False,Yes,Fiber optic0Month-to-month,False,Male,True,Yes,Yes,0.8751952090310894
24.4,0,7365-BVCJH,False,No phone service,False,DSL,24.4,1,False,False,Month-to-month,Electronic check,False,False,24.4,False,No,DSL0Month-to-month,False,Male,True,No,Yes,0.7518517452768219
72.87777777777778,0,1262-OPMFY,True,No,False,Fiber optic,75.75,9,True,False,Month-to-month,Bank transfer (automatic),False,False,655.9,False,Yes,Fiber optic0Month-to-month,False,Female,True,Yes,Yes,0.7603360054945533
20.5,0,2002-MZHWP,False,No,False,No,20.5,1,False,False,Month-to-month,Mailed check,False,False,20.5,False,Yes,No0Month-to-month,False,Female,False,Yes,Yes,0.5551063894299572
107.75,0,5052-PNLOS,False,Yes,True,Fiber optic,105.35,3,True,True,Month-to-month,Bank transfer (automatic),False,True,323.25,False,Yes,Fiber optic0Month-to-month,False,Male,True,Yes,Yes,0.9556089917358602
105.93541666666665,0,8625-AZYZY,True,Yes,True,Fiber optic,104.65,24,True,True,Month-to-month,Electronic check,False,True,2542.45,False,Yes,Fiber optic0Month-to-month,False,Male,True,Yes,Yes,0.8540974382241685
18.85,0,8992-CEUEN,False,No,False,No,18.85,1,False,False,Month-to-month,Electronic check,False,False,18.85,False,Yes,No0Month-to-month,False,Female,False,No,Yes,0.7008983938248734
82.81333333333333,0,9529-OFXHY,False,Yes,False,Fiber optic,87.75,15,False,True,Month-to-month,Bank transfer (automatic),True,False,1242.2,False,Yes,Fiber optic0Month-to-month,False,Male,True,No,Yes,0.701087302101991
84.77916666666667,0,7517-LDMPS,False,No,True,Fiber optic,84.6,12,False,False,Month-to-month,Electronic check,False,True,1017.35,False,Yes,Fiber optic0Month-to-month,False,Female,True,No,Yes,0.7722111116261086
85.17903225806452,0,5650-YLIBA,False,Yes,True,Fiber optic,81.15,31,False,False,Month-to-month,Electronic check,False,False,2640.55,False,Yes,Fiber optic0Month-to-month,False,Male,True,No,Yes,0.6555167217646812
84.9483870967742,1,5216-WASFJ,True,Yes,False,Fiber optic,84.85,31,False,False,Month-to-month,Electronic check,False,True,2633.4,False,Yes,Fiber optic1Month-to-month,False,Female,True,No,Yes,0.8079144126535224
97.25500000000001,1,1028-FFNJK,True,Yes,False,Fiber optic,101.5,30,False,True,Month-to-month,Electronic check,False,True,2917.65,False,Yes,Fiber optic1Month-to-month,True,Male,True,No,Yes,0.6444728916563636
25.3,0,7242-QZLXF,False,No phone service,False,DSL,25.3,1,False,False,Month-to-month,Electronic check,False,False,25.3,True,No,DSL0Month-to-month,False,Male,True,Yes,Yes,0.7712358855658848
94.54117647058824,0,2979-SXESE,True,Yes,False,Fiber optic,94.4,17,True,True,Month-to-month,Electronic check,True,False,1607.2,True,Yes,Fiber optic0Month-to-month,False,Female,False,Yes,Yes,0.7154790725317186
106.21296296296296,1,3096-JRDSO,True,Yes,False,Fiber optic,104.3,27,False,True,Month-to-month,Bank transfer (automatic),True,True,2867.75,False,Yes,Fiber optic1Month-to-month,True,Female,True,Yes,Yes,0.6613290728133573
104.88499999999999,0,7209-JCUDS,False,No,False,Fiber optic,94.9,10,True,True,Month-to-month,Electronic check,False,True,1048.85,False,Yes,Fiber optic0Month-to-month,False,Male,True,Yes,Yes,0.8806832136068988
51.46875,0,1767-TGTKO,True,No,False,DSL,45.45,8,False,False,Month-to-month,Electronic check,False,False,411.75,True,Yes,DSL0Month-to-month,False,Female,True,No,Yes,0.5858974220162189
57.05,0,1251-KRREG,False,Yes,True,DSL,54.4,2,False,False,Month-to-month,Mailed check,False,False,114.1,False,Yes,DSL0Month-to-month,False,Male,True,Yes,Yes,0.6945539972131045
69.6,1,2636-ALXXZ,False,No,False,Fiber optic,69.6,1,False,False,Month-to-month,Electronic check,False,False,69.6,False,Yes,Fiber optic1Month-to-month,False,Female,True,Yes,Yes,0.8812067097921623
25.2,0,8260-NGFNY,False,No phone service,False,DSL,25.2,1,False,False,Month-to-month,Mailed check,False,False,25.2,False,No,DSL0Month-to-month,False,Female,False,Yes,Yes,0.63908569991655
106.40799999999999,1,6402-ZFPPI,False,Yes,True,Fiber optic,102.8,25,False,True,Month-to-month,Mailed check,True,True,2660.2,False,Yes,Fiber optic1Month-to-month,False,Female,True,Yes,Yes,0.7816729856365465
74.55714285714286,0,1396-QWFBJ,True,No,True,Fiber optic,74.05,21,False,False,Month-to-month,Bank transfer (automatic),False,False,1565.7,True,Yes,Fiber optic0Month-to-month,False,Female,True,Yes,Yes,0.6035836697497619
97.44555555555556,1,3898-GUYTS,False,Yes,True,Fiber optic,97.05,45,False,True,Month-to-month,Electronic check,True,False,4385.05,False,Yes,Fiber optic1Month-to-month,True,Female,True,No,Yes,0.671412934396243
73.19999999999999,0,0471-LVHGK,True,Yes,False,DSL,73.0,41,True,True,One year,Electronic check,False,True,3001.2,False,Yes,DSL0One year,False,Male,True,Yes,Yes,0.5941410858665851
98.14999999999999,1,6496-SLWHQ,False,Yes,True,Fiber optic,105.0,3,True,True,Month-to-month,Electronic check,False,True,294.45,False,Yes,Fiber optic1Month-to-month,False,Male,True,Yes,Yes,0.9299484868017859
77.15,1,3295-YVUSR,False,Yes,False,Fiber optic,72.6,2,False,False,Month-to-month,Mailed check,False,False,154.3,False,Yes,Fiber optic1Month-to-month,False,Male,True,No,Yes,0.9025908787934604
75.5875,0,4749-OJKQU,False,Yes,False,Fiber optic,75.65,4,False,False,Month-to-month,Electronic check,False,False,302.35,False,Yes,Fiber optic0Month-to-month,False,Female,True,No,Yes,0.918384324728857
56.55,0,0541-FITGH,True,No,False,DSL,62.15,2,False,False,Month-to-month,Mailed check,True,True,113.1,False,Yes,DSL0Month-to-month,False,Female,True,No,Yes,0.5374038908445633
101.84545454545454,1,0094-OIFMO,False,No,True,Fiber optic,95.0,11,False,True,Month-to-month,Electronic check,False,True,1120.3,False,Yes,Fiber optic1Month-to-month,False,Female,True,Yes,Yes,0.9426735593020615
75.06363636363636,0,1024-VRZHF,True,Yes,False,Fiber optic,74.95,11,False,False,Month-to-month,Electronic check,False,False,825.7,False,Yes,Fiber optic0Month-to-month,False,Male,True,Yes,Yes,0.8543241005100045
73.64999999999999,1,4140-MUHUG,False,No,False,Fiber optic,86.85,3,True,True,Month-to-month,Electronic check,False,False,220.95,False,Yes,Fiber optic1Month-to-month,False,Female,True,Yes,Yes,0.9059889298513785
74.9,0,6996-KNSML,False,No,False,Fiber optic,74.9,1,True,False,Month-to-month,Electronic check,False,False,74.9,False,Yes,Fiber optic0Month-to-month,False,Female,True,Yes,Yes,0.9234021693462569
49.9,0,1536-HBSWP,False,No,False,DSL,49.9,1,False,False,Month-to-month,Electronic check,False,False,49.9,False,Yes,DSL0Month-to-month,True,Female,True,No,Yes,0.7858697042367999
102.3529411764706,0,8397-MVTAZ,True,Yes,False,Fiber optic,100.05,34,True,True,Month-to-month,Electronic check,False,True,3480.0,False,Yes,Fiber optic0Month-to-month,False,Male,True,Yes,Yes,0.8317159215073393
96.19999999999999,0,9940-HPQPG,True,Yes,True,Fiber optic,91.75,9,True,False,Month-to-month,Bank transfer (automatic),True,False,865.8,False,Yes,Fiber optic0Month-to-month,False,Female,False,Yes,Yes,0.6248346204394123
95.53214285714286,0,6986-IXNDM,False,No,False,Fiber optic,92.9,14,False,True,Month-to-month,Electronic check,False,True,1337.45,False,Yes,Fiber optic0Month-to-month,False,Male,True,No,Yes,0.8458101263390417
57.55,1,7579-OOPEC,True,No,True,DSL,50.15,2,False,False,Month-to-month,Credit card (automatic),False,False,115.1,False,Yes,DSL1Month-to-month,False,Female,False,Yes,Yes,0.5014294995988409
69.7,0,0388-EOPEX,True,No,False,Fiber optic,74.4,2,False,False,Month-to-month,Electronic check,True,False,139.4,False,Yes,Fiber optic0Month-to-month,False,Female,True,Yes,Yes,0.8672006105197161
45.8,0,7825-GKXMW,False,No,False,DSL,45.8,1,False,False,Month-to-month,Electronic check,False,False,45.8,False,Yes,DSL0Month-to-month,False,Female,False,Yes,Yes,0.7666356287427053
69.92999999999999,1,0506-LVNGN,False,No,False,Fiber optic,75.55,5,True,False,Month-to-month,Credit card (automatic),False,False,349.65,False,Yes,Fiber optic1Month-to-month,False,Female,True,Yes,Yes,0.8811467090449824
100.1453125,0,8818-XYFCQ,True,Yes,False,Fiber optic,99.55,32,False,True,Month-to-month,Credit card (automatic),True,True,3204.65,True,Yes,Fiber optic0Month-to-month,False,Male,True,Yes,Yes,0.6712722537343402
19.9,0,2369-FEVNO,False,No,False,No,19.9,1,False,False,Month-to-month,Mailed check,False,False,19.9,False,Yes,No0Month-to-month,False,Male,True,No,Yes,0.5905610923615844
48.065000000000005,0,1958-RNRKS,True,Yes,False,DSL,49.9,30,False,False,Month-to-month,Electronic check,False,False,1441.95,False,Yes,DSL0Month-to-month,False,Male,False,No,Yes,0.5084886793084222
19.9,0,6654-QGBZZ,False,No,False,No,19.9,1,False,False,Month-to-month,Mailed check,False,False,19.9,False,Yes,No0Month-to-month,False,Female,False,No,Yes,0.5748799912642567
79.03611111111111,1,6877-LGWXO,True,No,False,Fiber optic,78.55,18,False,False,Month-to-month,Electronic check,False,True,1422.65,False,Yes,Fiber optic1Month-to-month,False,Male,False,Yes,Yes,0.7566896812394358
27.47307692307692,0,1442-BQPVU,False,No phone service,True,DSL,29.15,13,False,False,Month-to-month,Electronic check,False,False,357.15,False,No,DSL0Month-to-month,False,Female,False,No,Yes,0.5237150590786321
76.51666666666667,0,0404-SWRVG,False,Yes,False,Fiber optic,74.4,3,False,False,Month-to-month,Electronic check,False,False,229.55,False,Yes,Fiber optic0Month-to-month,False,Male,True,Yes,Yes,0.9246914481755804
31.683333333333334,0,3237-AJGEH,True,No phone service,False,DSL,31.0,3,False,False,Month-to-month,Mailed check,False,False,95.05,True,No,DSL0Month-to-month,True,Female,True,Yes,Yes,0.6782554097680282
83.93333333333334,1,3672-YITQD,True,Yes,False,Fiber optic,84.1,36,False,False,Month-to-month,Electronic check,False,True,3021.6,False,Yes,Fiber optic1Month-to-month,False,Male,True,Yes,Yes,0.7970536021417344
45.3,0,5552-ZNFSJ,False,No,False,DSL,45.3,1,False,False,Month-to-month,Electronic check,False,False,45.3,False,Yes,DSL0Month-to-month,False,Male,False,Yes,Yes,0.7492015775663071
73.36666666666666,0,4919-MOAVT,False,No,False,Fiber optic,69.65,3,False,False,Month-to-month,Electronic check,False,False,220.1,True,Yes,Fiber optic0Month-to-month,False,Male,False,Yes,Yes,0.7965559700851907
51.1575,0,3999-WRNGR,True,No phone service,True,DSL,49.75,60,False,True,Month-to-month,Electronic check,False,True,3069.45,True,No,DSL0Month-to-month,False,Female,True,No,Yes,0.5214384706839134
90.73333333333333,0,0378-TOVMS,False,No,False,Fiber optic,85.8,3,False,False,Month-to-month,Electronic check,False,True,272.2,False,Yes,Fiber optic0Month-to-month,True,Female,False,Yes,Yes,0.8175336512643752
91.3,1,3988-RQIXO,False,No,False,Fiber optic,91.3,1,False,True,Month-to-month,Electronic check,False,True,91.3,False,Yes,Fiber optic1Month-to-month,False,Female,True,Yes,Yes,0.9234585645352757
72.93125,1,2397-BRLOM,True,No,False,Fiber optic,80.45,8,False,True,Month-to-month,Credit card (automatic),False,False,583.45,True,Yes,Fiber optic1Month-to-month,False,Male,True,Yes,Yes,0.778657279495825
92.80102040816327,1,4554-YGZIH,True,Yes,True,Fiber optic,90.05,49,False,False,Month-to-month,Credit card (automatic),False,True,4547.25,False,Yes,Fiber optic1Month-to-month,False,Male,False,Yes,Yes,0.7796437919866853
69.1,1,3871-IKPYH,False,No,False,Fiber optic,69.1,1,False,False,Month-to-month,Electronic check,False,False,69.1,False,Yes,Fiber optic1Month-to-month,False,Male,False,Yes,Yes,0.8153476296750712
82.14375,1,5307-DZCVC,True,Yes,False,Fiber optic,85.95,32,False,True,Month-to-month,Credit card (automatic),False,False,2628.6,False,Yes,Fiber optic1Month-to-month,False,Female,True,Yes,Yes,0.6225151660712327
94.59705882352942,1,5935-FCCNB,False,Yes,False,Fiber optic,94.2,17,False,True,Month-to-month,Electronic check,False,True,1608.15,False,Yes,Fiber optic1Month-to-month,False,Female,True,No,Yes,0.8697807853432786
28.30625,0,4625-EWPTF,False,No phone service,False,DSL,30.45,8,False,False,Month-to-month,Electronic check,True,False,226.45,False,No,DSL0Month-to-month,False,Male,True,Yes,Yes,0.6948732974873018
45.88,0,7284-BUYEC,False,No phone service,True,DSL,50.95,5,False,True,Month-to-month,Credit card (automatic),False,True,229.4,False,No,DSL0Month-to-month,False,Female,True,No,Yes,0.8186369877536054
96.83055555555556,0,7780-OTDSO,True,Yes,False,Fiber optic,99.4,18,False,True,Month-to-month,Electronic check,True,True,1742.95,False,Yes,Fiber optic0Month-to-month,False,Male,True,Yes,Yes,0.8551482359422059
95.021875,1,1728-CXQBE,True,Yes,True,Fiber optic,94.25,64,True,False,Month-to-month,Electronic check,False,True,6081.4,False,Yes,Fiber optic1Month-to-month,False,Male,True,No,Yes,0.5276220673927196
58.29,0,4482-FTFFX,False,No,False,DSL,56.15,5,True,False,Month-to-month,Electronic check,False,False,291.45,False,Yes,DSL0Month-to-month,True,Male,False,No,Yes,0.5980372563970942
43.24166666666667,0,2957-LOLHO,False,No,False,DSL,45.4,12,False,False,Month-to-month,Bank transfer (automatic),False,False,518.9,False,Yes,DSL0Month-to-month,False,Male,True,Yes,Yes,0.5168288250877584
74.35,0,9840-EFJQB,False,No,True,Fiber optic,74.35,1,False,False,Month-to-month,Electronic check,False,False,74.35,False,Yes,Fiber optic0Month-to-month,False,Female,False,No,Yes,0.8692862267232062
95.1,1,5178-LMXOP,True,Yes,False,Fiber optic,95.1,1,False,True,Month-to-month,Electronic check,False,True,95.1,False,Yes,Fiber optic1Month-to-month,False,Male,True,Yes,Yes,0.9611685204370666
76.0,0,6960-HVYXR,False,Yes,False,Fiber optic,76.0,1,False,False,Month-to-month,Electronic check,False,False,76.0,False,Yes,Fiber optic0Month-to-month,False,Female,False,Yes,Yes,0.9184298906202714
70.8,0,0968-GSIKN,False,No,False,Fiber optic,70.8,1,False,False,Month-to-month,Mailed check,False,False,70.8,False,Yes,Fiber optic0Month-to-month,False,Female,True,Yes,Yes,0.8721092253186674
18.6,1,9137-NOQKA,False,No,False,No,19.2,2,False,False,Month-to-month,Electronic check,False,False,37.2,False,Yes,No1Month-to-month,False,Male,False,No,Yes,0.6982422481919981
102.17386363636363,1,9168-INPSZ,True,Yes,False,Fiber optic,104.15,44,True,True,Month-to-month,Electronic check,False,True,4495.65,False,Yes,Fiber optic1Month-to-month,True,Female,False,No,Yes,0.7649224918767401
81.30172413793103,1,5117-IFGPS,True,Yes,False,Fiber optic,84.3,29,False,False,Month-to-month,Electronic check,False,True,2357.75,False,Yes,Fiber optic1Month-to-month,False,Male,True,No,Yes,0.8209420725626142
80.3625,0,2203-GHNWN,True,Yes,False,Fiber optic,79.65,24,True,False,Month-to-month,Mailed check,False,False,1928.7,False,Yes,Fiber optic0Month-to-month,False,Female,True,No,Yes,0.6644601946319848
93.30000000000001,0,2823-LKABH,False,Yes,False,Fiber optic,95.05,18,True,False,Month-to-month,Bank transfer (automatic),False,True,1679.4,False,Yes,Fiber optic0Month-to-month,True,Female,True,No,Yes,0.6892150060305731
20.15,0,1934-SJVJK,False,No,False,No,20.15,1,False,False,Month-to-month,Mailed check,False,False,20.15,False,Yes,No0Month-to-month,False,Male,False,Yes,Yes,0.5431518622143509
50.825,0,8654-DHAOW,False,Yes,True,DSL,54.15,2,False,False,Month-to-month,Mailed check,False,False,101.65,False,Yes,DSL0Month-to-month,False,Female,False,No,Yes,0.6663809553328609
73.55,1,6513-EECDB,True,Yes,False,Fiber optic,73.55,1,False,False,Month-to-month,Electronic check,False,False,73.55,False,Yes,Fiber optic1Month-to-month,False,Male,True,Yes,Yes,0.9446041571359698
60.93679245283019,1,2634-HCZGT,True,Yes,False,DSL,60.05,53,False,False,One year,Electronic check,True,False,3229.65,False,Yes,DSL1One year,True,Male,True,Yes,Yes,0.7810360313819951
92.97037037037036,1,0576-WNXXC,True,Yes,True,Fiber optic,95.55,27,True,False,Month-to-month,Electronic check,False,True,2510.2,False,Yes,Fiber optic1Month-to-month,False,Male,True,Yes,Yes,0.8245846018329708
62.03333333333333,1,0022-TCJCI,False,No,False,DSL,62.7,45,True,False,One year,Credit card (automatic),True,True,2791.5,False,Yes,DSL1One year,False,Male,False,Yes,Yes,0.775305003547005
70.1462962962963,1,1989-PRJHP,True,Yes,False,Fiber optic,75.5,27,False,False,Month-to-month,Electronic check,False,False,1893.95,False,Yes,Fiber optic1Month-to-month,False,Male,True,Yes,Yes,0.7993994247992205
77.46764705882353,0,4626-OZDTJ,True,Yes,True,DSL,78.65,51,False,True,One year,Credit card (automatic),False,True,3950.85,False,Yes,DSL0One year,True,Female,True,No,Yes,0.5299039274891033
75.525,1,0650-BWOZN,False,No,True,Fiber optic,73.55,18,False,False,Month-to-month,Electronic check,False,False,1359.45,False,Yes,Fiber optic1Month-to-month,False,Female,True,No,Yes,0.7413994962885795
82.67631578947368,0,2240-HSJQD,False,Yes,True,Fiber optic,81.85,38,False,False,Month-to-month,Mailed check,False,False,3141.7,True,Yes,Fiber optic0Month-to-month,False,Male,True,No,Yes,0.5452893744890666
82.5,0,6941-PMGEP,False,No,False,Fiber optic,80.0,5,False,False,Month-to-month,Electronic check,False,True,412.5,False,Yes,Fiber optic0Month-to-month,False,Female,True,Yes,Yes,0.8875515171597097
85.8125,1,8802-UNOJF,False,No,True,Fiber optic,83.8,12,True,False,Month-to-month,Mailed check,False,False,1029.75,False,Yes,Fiber optic1Month-to-month,True,Male,True,Yes,Yes,0.5710495853755686
95.1470588235294,0,9658-WYUFB,False,Yes,True,Fiber optic,94.4,17,False,True,Month-to-month,Electronic check,True,False,1617.5,False,Yes,Fiber optic0Month-to-month,False,Female,True,Yes,Yes,0.7923217627482283
80.64999999999999,0,2114-MGINA,False,No,False,Fiber optic,89.8,14,False,True,Month-to-month,Mailed check,False,True,1129.1,False,Yes,Fiber optic0Month-to-month,False,Female,True,Yes,Yes,0.7390920422850932
88.5,0,2472-OVKUP,True,No,True,Fiber optic,91.0,6,True,False,Month-to-month,Electronic check,False,True,531.0,False,Yes,Fiber optic0Month-to-month,False,Male,True,Yes,Yes,0.8273645505390282
71.675,0,1618-CFHME,False,Yes,False,Fiber optic,75.9,2,False,False,Month-to-month,Electronic check,False,False,143.35,False,Yes,Fiber optic0Month-to-month,False,Female,True,Yes,Yes,0.935153588209774
55.13928571428572,0,8645-KWHJO,False,No phone service,False,DSL,55.0,14,True,True,Month-to-month,Electronic check,False,True,771.95,False,No,DSL0Month-to-month,True,Male,True,No,Yes,0.7139521737853677
95.43823529411765,1,7029-RPUAV,True,Yes,False,Fiber optic,100.45,17,True,True,Month-to-month,Credit card (automatic),False,True,1622.45,False,Yes,Fiber optic1Month-to-month,False,Male,True,Yes,Yes,0.7670625450110267
51.879999999999995,0,6921-OZMFH,True,Yes,False,DSL,55.7,5,False,False,Month-to-month,Mailed check,False,False,259.4,True,Yes,DSL0Month-to-month,True,Male,True,No,Yes,0.6071403251843495
40.6125,0,3748-FVMZZ,False,No phone service,False,DSL,40.05,4,False,False,Month-to-month,Electronic check,False,True,162.45,False,No,DSL0Month-to-month,True,Male,True,No,Yes,0.8179626083557593
50.1,0,4749-VFKVB,False,Yes,False,DSL,50.1,1,False,False,Month-to-month,Mailed check,False,False,50.1,False,Yes,DSL0Month-to-month,False,Female,True,Yes,Yes,0.8002339182553944
91.32962962962964,1,8058-DMYRU,False,Yes,True,Fiber optic,90.05,54,False,False,Month-to-month,Electronic check,False,True,4931.8,False,Yes,Fiber optic1Month-to-month,False,Male,True,No,Yes,0.6613279473423632
45.95,0,5103-MHMHY,False,No,False,DSL,45.95,1,False,False,Month-to-month,Mailed check,False,False,45.95,True,Yes,DSL0Month-to-month,False,Female,False,Yes,Yes,0.6834835999906097
99.46000000000001,0,4817-VYYWS,False,Yes,True,Fiber optic,100.2,30,False,True,Month-to-month,Electronic check,False,True,2983.8,False,Yes,Fiber optic0Month-to-month,False,Female,True,Yes,Yes,0.8179429534223596
106.85416666666667,0,6377-WHAOX,True,Yes,True,Fiber optic,106.15,60,True,True,Month-to-month,Electronic check,False,True,6411.25,False,Yes,Fiber optic0Month-to-month,False,Female,True,No,Yes,0.6981046951366029
93.98809523809524,1,4094-NSEDU,False,Yes,False,Fiber optic,94.25,21,False,True,Month-to-month,Electronic check,False,True,1973.75,False,Yes,Fiber optic1Month-to-month,False,Female,True,Yes,Yes,0.8492050293607185
69.2,0,7660-HDPJV,False,No,False,Fiber optic,69.2,1,False,False,Month-to-month,Electronic check,False,False,69.2,False,Yes,Fiber optic0Month-to-month,False,Female,True,Yes,Yes,0.9080949010033803
80.84625,1,7957-RYHQD,False,No,True,Fiber optic,79.2,40,False,False,Month-to-month,Credit card (automatic),True,False,3233.85,False,Yes,Fiber optic1Month-to-month,False,Female,True,Yes,Yes,0.5263722954655436
19.75,0,7239-HZZCX,False,No,False,No,19.75,1,False,False,Month-to-month,Mailed check,False,False,19.75,False,Yes,No0Month-to-month,False,Male,False,Yes,Yes,0.5552940267392393
77.53333333333333,0,2523-EWWZL,True,No,True,Fiber optic,76.1,27,False,False,Month-to-month,Electronic check,False,False,2093.4,False,Yes,Fiber optic0Month-to-month,False,Female,True,No,Yes,0.6352715540393649
29.85,0,7590-VHVEG,True,No phone service,True,DSL,29.85,1,False,False,Month-to-month,Electronic check,False,False,29.85,False,No,DSL0Month-to-month,False,Female,True,No,Yes,0.7767569207297261
55.0,0,3583-EKAPL,False,No,False,DSL,55.0,1,False,False,Month-to-month,Electronic check,False,True,55.0,False,Yes,DSL0Month-to-month,False,Male,True,Yes,Yes,0.8067216333516205
45.4,0,5692-FPTAH,False,No,False,DSL,45.4,1,False,False,Month-to-month,Mailed check,False,False,45.4,False,Yes,DSL0Month-to-month,False,Female,True,Yes,Yes,0.7299068194715639
95.06428571428572,1,6861-XWTWQ,True,Yes,False,Fiber optic,99.25,7,True,True,Month-to-month,Electronic check,False,True,665.45,False,Yes,Fiber optic1Month-to-month,False,Male,True,Yes,Yes,0.9315043291792334
105.1311111111111,0,9408-HRXRK,True,Yes,True,Fiber optic,105.15,45,False,True,Month-to-month,Electronic check,True,True,4730.9,True,Yes,Fiber optic0Month-to-month,False,Female,True,No,Yes,0.6841066341372254
83.3875,0,1565-RHDJD,False,Yes,True,Fiber optic,84.05,4,True,False,Month-to-month,Bank transfer (automatic),False,False,333.55,True,Yes,Fiber optic0Month-to-month,False,Female,False,Yes,Yes,0.7671428160766645
20.25,0,8203-XJZRC,False,No,False,No,20.25,1,False,False,Month-to-month,Mailed check,False,False,20.25,False,Yes,No0Month-to-month,False,Male,False,No,Yes,0.5398211076536981
101.53833333333334,0,9647-ERGBE,True,Yes,False,Fiber optic,100.05,30,True,True,Month-to-month,Electronic check,False,True,3046.15,True,Yes,Fiber optic0Month-to-month,False,Female,True,Yes,Yes,0.8268147477484592
39.098333333333336,1,9667-EQRXU,False,No phone service,False,DSL,40.3,30,True,True,Month-to-month,Electronic check,False,False,1172.95,False,No,DSL1Month-to-month,False,Female,True,Yes,Yes,0.5381330637474472
19.0,0,1423-BMPBQ,True,No,False,No,19.0,1,False,False,Month-to-month,Mailed check,False,False,19.0,True,Yes,No0Month-to-month,False,Female,True,No,Yes,0.5645888446401128
52.51666666666667,0,8963-JLGJT,False,No,False,DSL,55.9,3,True,False,Month-to-month,Mailed check,True,False,157.55,True,Yes,DSL0Month-to-month,False,Male,False,No,Yes,0.5687508856119655
96.70555555555556,0,9692-TUSXH,False,No,False,Fiber optic,96.05,18,False,True,Month-to-month,Electronic check,True,True,1740.7,False,Yes,Fiber optic0Month-to-month,False,Female,True,Yes,Yes,0.7754907245699822
20.6,0,3976-NLDEZ,False,No,False,No,20.6,1,False,False,Month-to-month,Mailed check,False,False,20.6,False,Yes,No0Month-to-month,False,Male,False,No,Yes,0.5272488537245277
35.9,0,2049-BAFNW,False,No phone service,False,DSL,35.9,1,True,False,Month-to-month,Mailed check,False,False,35.9,False,No,DSL0Month-to-month,True,Female,False,No,Yes,0.7453616616999569
54.37307692307692,0,9206-GVPEQ,True,No phone service,False,DSL,54.45,13,False,True,Month-to-month,Electronic check,True,True,706.85,False,No,DSL0Month-to-month,True,Male,True,Yes,Yes,0.6750603814127312
34.50833333333333,1,8070-AAWZP,True,No phone service,False,DSL,34.25,24,True,False,Month-to-month,Mailed check,False,False,828.2,False,No,DSL1Month-to-month,True,Male,False,No,Yes,0.7451082927908101
77.27916666666667,0,8637-XJIVR,False,Yes,False,Fiber optic,78.95,12,False,False,Month-to-month,Electronic check,True,False,927.35,False,Yes,Fiber optic0Month-to-month,False,Female,True,Yes,Yes,0.7755901406771748
50.05,0,8445-DNBAE,False,Yes,False,DSL,50.05,1,False,False,Month-to-month,Electronic check,False,False,50.05,True,Yes,DSL0Month-to-month,False,Male,True,No,Yes,0.8547362174690388
30.376315789473683,1,4976-LNFVV,True,No phone service,True,DSL,34.3,19,True,False,Month-to-month,Credit card (automatic),False,False,577.15,False,No,DSL1Month-to-month,False,Male,True,No,Yes,0.5964115896568892
121.4,0,1875-QIVME,True,Yes,False,Fiber optic,104.4,2,True,True,Month-to-month,Electronic check,False,True,242.8,False,Yes,Fiber optic0Month-to-month,True,Female,True,Yes,Yes,0.9144158494016132
69.11428571428571,1,9112-WSNPU,False,No,False,Fiber optic,70.55,35,False,False,Month-to-month,Electronic check,False,False,2419.0,False,Yes,Fiber optic1Month-to-month,False,Female,False,No,Yes,0.5006840204452098
48.5,0,5948-UJZLF,False,No,True,DSL,49.25,2,False,False,Month-to-month,Mailed check,False,False,97.0,False,Yes,DSL0Month-to-month,False,Male,False,No,Yes,0.5736847482645674
62.8,0,6260-ONULR,False,No,False,DSL,62.8,1,False,True,Month-to-month,Mailed check,False,True,62.8,False,Yes,DSL0Month-to-month,False,Male,True,No,Yes,0.6756492033586942
87.01290322580645,0,4911-BANWH,False,Yes,False,Fiber optic,86.55,31,False,True,Month-to-month,Credit card (automatic),False,False,2697.4,True,Yes,Fiber optic0Month-to-month,False,Female,True,Yes,Yes,0.6661526115177763
62.525,0,8404-GFGCZ,True,Yes,False,DSL,65.6,4,True,True,Month-to-month,Electronic check,False,False,250.1,False,Yes,DSL0Month-to-month,False,Male,False,No,Yes,0.5884343021306628
84.28888888888889,0,2691-NZETQ,False,Yes,False,Fiber optic,85.35,9,False,True,Month-to-month,Electronic check,False,False,758.6,False,Yes,Fiber optic0Month-to-month,False,Male,True,Yes,Yes,0.8854376443039483
20.2,0,5356-RHIPP,False,No,False,No,20.2,1,False,False,Month-to-month,Mailed check,False,False,20.2,False,Yes,No0Month-to-month,False,Male,True,Yes,Yes,0.5812991911348598
75.6875,0,5729-KLZAR,True,No,False,Fiber optic,80.85,4,False,False,Month-to-month,Electronic check,False,True,302.75,True,Yes,Fiber optic0Month-to-month,False,Female,False,Yes,Yes,0.823896559683231
89.25,0,7577-SWIFR,False,No,False,Fiber optic,89.25,1,False,True,Month-to-month,Electronic check,False,True,89.25,False,Yes,Fiber optic0Month-to-month,False,Male,True,No,Yes,0.9493442727261887
113.77788461538461,0,9249-FXSCK,False,Yes,True,Fiber optic,111.25,52,False,True,One year,Credit card (automatic),True,True,5916.45,False,Yes,Fiber optic0One year,True,Female,True,Yes,Yes,0.5655161663169096
75.41428571428571,1,8699-ASUFO,True,Yes,False,Fiber optic,74.4,7,False,False,Month-to-month,Mailed check,False,False,527.9,False,Yes,Fiber optic1Month-to-month,False,Male,True,Yes,Yes,0.9001866084664752
92.46538461538461,1,7402-EYFXX,False,Yes,False,Fiber optic,93.6,26,False,True,Month-to-month,Electronic check,False,True,2404.1,False,Yes,Fiber optic1Month-to-month,False,Male,True,No,Yes,0.7880667897385584
87.846,1,8739-WWKDU,False,Yes,True,Fiber optic,89.5,25,False,True,Month-to-month,Electronic check,False,False,2196.15,False,Yes,Fiber optic1Month-to-month,False,Male,True,Yes,Yes,0.7029957454955752
44.75,0,4373-VVHQL,False,No,False,DSL,44.75,1,False,False,Month-to-month,Electronic check,False,False,44.75,False,Yes,DSL0Month-to-month,False,Male,True,No,Yes,0.7938832672010884
61.19,0,3669-LVWZB,False,No phone service,True,DSL,51.0,5,False,True,Month-to-month,Mailed check,False,True,305.95,False,No,DSL0Month-to-month,False,Male,True,Yes,Yes,0.7654939033053995
71.45869565217392,1,3956-CJUST,False,No,False,Fiber optic,75.4,23,False,False,Month-to-month,Bank transfer (automatic),True,False,1643.55,False,Yes,Fiber optic1Month-to-month,False,Female,True,No,Yes,0.5596857691881187
105.06060606060606,0,5136-KCKGI,True,Yes,False,Fiber optic,103.7,33,True,True,One year,Mailed check,True,True,3467.0,True,Yes,Fiber optic0One year,False,Female,True,Yes,Yes,0.5625565470864616
71.67307692307692,0,9506-UXUSK,False,No,False,Fiber optic,70.15,13,False,False,Month-to-month,Electronic check,False,False,931.75,False,Yes,Fiber optic0Month-to-month,False,Male,True,No,Yes,0.7487888356330497
30.902272727272727,1,8919-FYFQZ,True,No phone service,True,DSL,30.35,44,False,False,Month-to-month,Electronic check,False,False,1359.7,False,No,DSL1Month-to-month,False,Male,True,Yes,Yes,0.6723581640044285
23.214285714285715,0,2346-DJQTB,False,No phone service,False,DSL,24.15,35,False,False,Month-to-month,Electronic check,False,False,812.5,False,No,DSL0Month-to-month,False,Female,False,No,Yes,0.5188197724592889
48.621428571428574,1,0015-UOCOJ,False,No,False,DSL,48.2,7,False,False,Month-to-month,Electronic check,True,False,340.35,False,Yes,DSL1Month-to-month,False,Female,True,No,Yes,0.5760127477963344
76.2,0,9444-JTXHZ,True,No,False,Fiber optic,76.2,1,True,False,Month-to-month,Electronic check,False,False,76.2,False,Yes,Fiber optic0Month-to-month,False,Male,False,Yes,Yes,0.8790328508165712
78.99285714285715,0,7912-SYRQT,False,Yes,False,Fiber optic,75.1,7,False,False,Month-to-month,Bank transfer (automatic),False,False,552.95,False,Yes,Fiber optic0Month-to-month,False,Female,True,Yes,Yes,0.8510569448871491
54.625,0,6844-DZKRF,False,No,False,DSL,50.2,2,False,False,Month-to-month,Credit card (automatic),False,False,109.25,False,Yes,DSL0Month-to-month,True,Male,True,No,Yes,0.6688762233020956
86.425,1,5561-NWEVX,True,Yes,False,Fiber optic,79.2,2,True,False,Month-to-month,Electronic check,False,False,172.85,False,Yes,Fiber optic1Month-to-month,False,Female,False,Yes,Yes,0.9286900813851412
93.55,1,9497-QCMMS,False,Yes,False,Fiber optic,93.55,1,False,True,Month-to-month,Electronic check,False,True,93.55,False,Yes,Fiber optic1Month-to-month,False,Male,True,Yes,Yes,0.9522579449076616
104.02916666666665,1,2034-CGRHZ,False,Yes,True,Fiber optic,102.95,24,True,True,Month-to-month,Credit card (automatic),False,True,2496.7,False,Yes,Fiber optic1Month-to-month,False,Male,True,Yes,Yes,0.8383732015498884
75.7,0,5196-SGOAK,False,No,True,Fiber optic,75.7,1,False,False,Month-to-month,Electronic check,False,False,75.7,False,Yes,Fiber optic0Month-to-month,False,Female,True,Yes,Yes,0.915204686051183
111.82843137254902,0,7245-JMTTQ,False,Yes,True,Fiber optic,111.5,51,True,True,One year,Electronic check,False,True,5703.25,False,Yes,Fiber optic0One year,True,Female,True,No,Yes,0.5317602461570755
68.71666666666667,0,8543-MSDMF,False,No,False,DSL,77.4,3,True,True,Month-to-month,Electronic check,True,True,206.15,False,Yes,DSL0Month-to-month,False,Male,True,No,Yes,0.5374105611659166
82.274,1,5371-VYLSX,False,Yes,True,Fiber optic,83.4,50,False,False,Month-to-month,Electronic check,True,False,4113.7,False,Yes,Fiber optic1Month-to-month,False,Female,True,No,Yes,0.6846287754322584
98.91774193548386,0,7774-OJSXI,False,Yes,True,Fiber optic,103.45,31,True,True,One year,Electronic check,False,True,3066.45,False,Yes,Fiber optic0One year,False,Male,True,Yes,Yes,0.6553305485479186
81.48333333333333,0,7952-OBOYL,False,No,False,Fiber optic,89.85,3,True,True,Month-to-month,Mailed check,False,False,244.45,False,Yes,Fiber optic0Month-to-month,True,Male,True,No,Yes,0.7904711650719459
101.82241379310345,1,3565-UNOCC,True,Yes,False,Fiber optic,99.05,29,True,True,Month-to-month,Bank transfer (automatic),False,True,2952.85,False,Yes,Fiber optic1Month-to-month,False,Female,True,Yes,Yes,0.8472141104857102
26.90833333333333,0,6624-JDRDS,False,No phone service,False,DSL,29.45,6,False,False,Month-to-month,Bank transfer (automatic),True,False,161.45,False,No,DSL0Month-to-month,False,Female,False,No,Yes,0.6091876152034996
102.98783783783784,0,1666-JXLKU,False,Yes,False,Fiber optic,100.05,37,True,True,Month-to-month,Electronic check,False,True,3810.55,False,Yes,Fiber optic0Month-to-month,False,Female,True,No,Yes,0.8371582490739399
79.725,0,9773-PEQBZ,False,Yes,True,Fiber optic,79.85,10,False,False,Month-to-month,Electronic check,False,False,797.25,False,Yes,Fiber optic0Month-to-month,False,Male,False,No,Yes,0.7448732342664764
62.9,0,4918-QLLIW,False,No,False,DSL,53.4,3,False,True,Month-to-month,Credit card (automatic),False,False,188.7,False,Yes,DSL0Month-to-month,False,Male,False,Yes,Yes,0.715026206989919
43.59166666666667,0,5392-AKEMH,False,No,False,DSL,45.05,12,False,False,Month-to-month,Electronic check,False,False,523.1,False,Yes,DSL0Month-to-month,False,Female,True,No,Yes,0.6189141026485612
68.5,0,6416-TVAIH,True,No,False,Fiber optic,68.5,1,False,False,Month-to-month,Electronic check,False,False,68.5,True,Yes,Fiber optic0Month-to-month,False,Male,True,Yes,Yes,0.893168880293029
79.025,0,8541-QVFKM,False,Yes,False,Fiber optic,73.5,8,False,False,Month-to-month,Electronic check,False,False,632.2,False,Yes,Fiber optic0Month-to-month,False,Female,True,No,Yes,0.8838909657138049
31.49285714285714,1,2826-DXLQO,True,No phone service,False,DSL,29.8,7,False,False,Month-to-month,Bank transfer (automatic),True,False,220.45,False,No,DSL1Month-to-month,False,Male,False,No,Yes,0.6958465647501454
84.20454545454545,0,2696-NARTR,False,No,False,Fiber optic,73.85,11,False,False,Month-to-month,Electronic check,False,False,926.25,False,Yes,Fiber optic0Month-to-month,True,Male,True,Yes,Yes,0.7394664182846377
45.30333333333333,0,8614-VGMMV,False,Yes,False,DSL,49.1,15,False,False,Month-to-month,Electronic check,False,False,679.55,False,Yes,DSL0Month-to-month,False,Female,True,Yes,Yes,0.7007619641420695
102.66,0,9601-BRXPO,True,Yes,False,Fiber optic,104.95,25,True,True,Month-to-month,Bank transfer (automatic),False,True,2566.5,False,Yes,Fiber optic0Month-to-month,True,Female,True,Yes,Yes,0.783382242531196
50.45666666666667,0,5073-WXOYN,False,No phone service,True,DSL,50.8,60,False,True,Month-to-month,Electronic check,False,True,3027.4,False,No,DSL0Month-to-month,False,Female,True,Yes,Yes,0.5458990156304607
98.45,0,7851-WZEKY,False,Yes,False,Fiber optic,95.15,2,False,True,Month-to-month,Electronic check,False,True,196.9,False,Yes,Fiber optic0Month-to-month,False,Female,True,Yes,Yes,0.9722755316859046
74.35,0,8372-JUXUI,False,Yes,False,Fiber optic,74.35,1,False,False,Month-to-month,Electronic check,False,False,74.35,True,Yes,Fiber optic0Month-to-month,False,Male,True,Yes,Yes,0.9371336789630978
96.29081632653062,1,5655-JSMZM,False,Yes,False,Fiber optic,96.2,49,False,True,Month-to-month,Electronic check,False,True,4718.25,False,Yes,Fiber optic1Month-to-month,False,Male,True,Yes,Yes,0.8414120669071942
97.69428571428573,0,9402-CXWPL,False,Yes,True,Fiber optic,98.9,70,False,True,One year,Electronic check,False,True,6838.6,False,Yes,Fiber optic0One year,False,Female,False,No,Yes,0.5997945271067419
73.46666666666667,0,4029-HPFVY,False,No,False,Fiber optic,70.3,3,False,False,Month-to-month,Mailed check,False,False,220.4,False,Yes,Fiber optic0Month-to-month,False,Male,True,No,Yes,0.8216052937045035
86.9328125,0,3707-LRWZD,False,Yes,False,Fiber optic,84.05,32,False,True,One year,Electronic check,False,False,2781.85,False,Yes,Fiber optic0One year,False,Female,False,Yes,Yes,0.6833837334525306
92.23818181818183,0,7271-AJDTL,True,Yes,True,Fiber optic,94.45,55,True,True,Month-to-month,Credit card (automatic),False,False,5073.1,False,Yes,Fiber optic0Month-to-month,False,Female,True,No,Yes,0.5195233044145232
110.975,0,3932-CMDTD,False,No,True,Fiber optic,105.65,4,True,True,One year,Electronic check,False,True,443.9,False,Yes,Fiber optic0One year,True,Female,True,Yes,Yes,0.7343429545139817
80.8,0,6457-USBER,False,No,False,Fiber optic,80.8,1,False,False,Month-to-month,Electronic check,False,True,80.8,False,Yes,Fiber optic0Month-to-month,False,Male,True,Yes,Yes,0.926411307631621
94.98235294117647,1,7668-XCFYV,True,Yes,False,Fiber optic,92.55,17,False,True,Month-to-month,Electronic check,False,True,1614.7,False,Yes,Fiber optic1Month-to-month,False,Female,True,No,Yes,0.8926501035203522
95.6,0,6356-ELRKD,False,No,False,Fiber optic,95.6,1,False,True,Month-to-month,Electronic check,True,True,95.6,False,Yes,Fiber optic0Month-to-month,False,Female,True,Yes,Yes,0.9435877923732731
101.04574468085106,0,6467-CHFZW,True,Yes,True,Fiber optic,99.35,47,False,True,Month-to-month,Electronic check,False,True,4749.15,True,Yes,Fiber optic0Month-to-month,False,Male,True,Yes,Yes,0.7033838964129618
92.02272727272727,0,2037-XJFUP,True,No,False,Fiber optic,95.8,33,True,True,One year,Electronic check,False,True,3036.75,False,Yes,Fiber optic0One year,False,Male,True,Yes,Yes,0.559008911160148
30.2,0,8665-UTDHZ,True,No phone service,True,DSL,30.2,1,False,False,Month-to-month,Electronic check,False,False,30.2,True,No,DSL0Month-to-month,False,Male,False,Yes,Yes,0.7194924332355961
96.16428571428571,1,0916-QOFDP,True,Yes,False,Fiber optic,95.8,14,False,True,Month-to-month,Electronic check,False,True,1346.3,True,Yes,Fiber optic1Month-to-month,False,Female,True,No,Yes,0.8764936251772307
91.07222222222222,0,9415-DPEWS,False,Yes,False,Fiber optic,88.35,18,False,True,Month-to-month,Electronic check,False,False,1639.3,False,Yes,Fiber optic0Month-to-month,True,Female,True,Yes,Yes,0.8030028472946404
80.75208333333333,0,3569-EDBPQ,False,Yes,False,Fiber optic,84.35,24,False,False,Month-to-month,Electronic check,True,False,1938.05,False,Yes,Fiber optic0Month-to-month,True,Female,True,No,Yes,0.5119330643483659
70.6,0,9617-INGJY,False,No,False,Fiber optic,70.6,1,False,False,Month-to-month,Mailed check,False,False,70.6,False,Yes,Fiber optic0Month-to-month,False,Male,True,No,Yes,0.8598537311225712
69.95,0,7153-OANIO,False,No,False,Fiber optic,69.95,1,False,False,Month-to-month,Electronic check,False,False,69.95,False,Yes,Fiber optic0Month-to-month,False,Male,False,Yes,Yes,0.8518691926772943
74.6,0,1866-OBPNR,True,No,True,Fiber optic,74.6,1,False,False,Month-to-month,Credit card (automatic),False,False,74.6,True,Yes,Fiber optic0Month-to-month,False,Male,False,No,Yes,0.8105242952696029
81.05727272727272,0,5536-SLHPM,True,Yes,False,Fiber optic,77.75,55,True,False,Month-to-month,Electronic check,False,False,4458.15,False,Yes,Fiber optic0Month-to-month,False,Female,True,Yes,Yes,0.6220319309115983
99.89428571428572,1,4958-XCBDQ,False,Yes,False,Fiber optic,101.4,35,True,True,Month-to-month,Electronic check,False,True,3496.3,False,Yes,Fiber optic1Month-to-month,False,Male,True,Yes,Yes,0.7807417834416154
102.45,0,7181-BQYBV,True,Yes,False,Fiber optic,102.45,1,True,True,Month-to-month,Electronic check,True,True,102.45,True,Yes,Fiber optic0Month-to-month,False,Female,True,Yes,Yes,0.9732652668418504
100.85499999999999,0,5138-WVKYJ,False,Yes,False,Fiber optic,98.55,10,False,True,Month-to-month,Electronic check,True,True,1008.55,False,Yes,Fiber optic0Month-to-month,False,Male,False,Yes,Yes,0.8408309560848446
100.58,1,4598-XLKNJ,True,No,True,Fiber optic,98.5,25,True,True,Month-to-month,Electronic check,False,True,2514.5,False,Yes,Fiber optic1Month-to-month,False,Female,True,Yes,Yes,0.8451202808155405
82.725,0,6474-FVJLC,False,Yes,False,Fiber optic,86.0,2,False,False,Month-to-month,Electronic check,False,True,165.45,False,Yes,Fiber optic0Month-to-month,False,Male,True,Yes,Yes,0.929819181764687
78.88863636363637,0,1121-QSIVB,False,Yes,True,DSL,77.55,44,False,True,One year,Mailed check,False,True,3471.1,True,Yes,DSL0One year,False,Female,True,No,Yes,0.6532858828622164
87.77162162162162,0,0048-LUMLS,True,No,False,Fiber optic,91.2,37,False,True,One year,Credit card (automatic),False,True,3247.55,True,Yes,Fiber optic0One year,False,Male,False,No,Yes,0.5237833282382636
100.43571428571428,1,5569-OUICF,True,Yes,False,Fiber optic,101.3,28,False,True,Month-to-month,Credit card (automatic),False,True,2812.2,False,Yes,Fiber optic1Month-to-month,True,Female,True,Yes,Yes,0.7187481089595127
95.11666666666666,1,3500-RMZLT,False,No,False,Fiber optic,96.3,15,True,False,Month-to-month,Mailed check,True,True,1426.75,False,Yes,Fiber optic1Month-to-month,True,Female,True,Yes,Yes,0.5632847385315606
79.62142857142857,1,1307-TVUFB,False,Yes,True,Fiber optic,79.35,42,False,False,Month-to-month,Bank transfer (automatic),False,False,3344.1,False,Yes,Fiber optic1Month-to-month,False,Male,True,No,Yes,0.7647567170781426
96.13157894736842,1,5144-TVGLP,False,Yes,False,Fiber optic,94.75,38,False,True,Month-to-month,Electronic check,False,True,3653.0,False,Yes,Fiber optic1Month-to-month,False,Male,False,No,Yes,0.7620699041624516
78.65,0,8945-GRKHX,False,No,False,Fiber optic,78.65,1,False,False,Month-to-month,Electronic check,False,True,78.65,True,Yes,Fiber optic0Month-to-month,False,Female,False,Yes,Yes,0.890719467649121
97.78695652173913,0,9133-AYJZG,False,Yes,True,Fiber optic,98.7,23,False,True,Month-to-month,Credit card (automatic),False,True,2249.1,False,Yes,Fiber optic0Month-to-month,False,Female,True,No,Yes,0.807414902696349
98.88611111111112,0,9512-UIBFX,True,No,False,Fiber optic,95.15,18,True,True,Month-to-month,Mailed check,False,True,1779.95,True,Yes,Fiber optic0Month-to-month,False,Male,False,Yes,Yes,0.6528784664649079
71.95,0,5600-KTXFM,True,No,False,Fiber optic,69.95,2,False,False,Month-to-month,Mailed check,False,False,143.9,True,Yes,Fiber optic0Month-to-month,False,Male,False,No,Yes,0.7582856837608986
69.75,1,5539-TMZLF,False,No,False,Fiber optic,69.75,1,False,False,Month-to-month,Electronic check,False,False,69.75,False,Yes,Fiber optic1Month-to-month,False,Male,True,Yes,Yes,0.8728081349365899
43.46666666666667,0,7593-JNWRU,True,No,False,DSL,44.6,6,False,False,Month-to-month,Bank transfer (automatic),False,False,260.8,True,Yes,DSL0Month-to-month,False,Male,True,Yes,Yes,0.6026105211731638
97.57692307692308,0,6559-PDZLR,False,No,False,Fiber optic,98.65,26,True,True,Month-to-month,Electronic check,False,True,2537.0,False,Yes,Fiber optic0Month-to-month,True,Male,True,No,Yes,0.6876739930038699
95.61875,0,8382-SHQEH,True,Yes,False,Fiber optic,84.9,8,False,False,Month-to-month,Electronic check,False,True,764.95,False,Yes,Fiber optic0Month-to-month,False,Female,True,Yes,Yes,0.9156229560362429
79.25,0,2868-MZAGQ,False,No,False,Fiber optic,79.25,1,False,False,Month-to-month,Electronic check,False,True,79.25,False,Yes,Fiber optic0Month-to-month,False,Male,True,Yes,Yes,0.9294249465069961
45.35,0,7754-IXRMC,False,No,False,DSL,45.35,1,False,False,Month-to-month,Mailed check,False,False,45.35,False,Yes,DSL0Month-to-month,False,Female,False,No,Yes,0.6773821955903482
59.51,0,9474-PHLYD,False,No,False,DSL,59.45,15,True,False,Month-to-month,Electronic check,False,True,892.65,False,Yes,DSL0Month-to-month,False,Female,True,Yes,Yes,0.529136919919629
72.41428571428571,0,2575-GFSOE,True,No,False,Fiber optic,69.0,7,False,False,Month-to-month,Electronic check,False,False,506.9,True,Yes,Fiber optic0Month-to-month,False,Female,True,Yes,Yes,0.8144432329218946
20.05,0,1349-WXNGG,False,No,False,No,20.05,1,False,False,Month-to-month,Bank transfer (automatic),False,False,20.05,False,Yes,No0Month-to-month,False,Male,False,Yes,Yes,0.5676176031508728
56.169444444444444,1,2195-VVRJF,True,No,False,DSL,59.1,18,False,False,Month-to-month,Credit card (automatic),True,True,1011.05,False,Yes,DSL1Month-to-month,False,Male,True,No,Yes,0.6144521151150504
44.9,0,4847-QNOKA,False,No,False,DSL,44.9,1,False,False,Month-to-month,Bank transfer (automatic),False,False,44.9,False,Yes,DSL0Month-to-month,False,Female,True,Yes,Yes,0.7468503397686579
33.44,0,6637-KYRCV,True,No phone service,True,DSL,30.5,5,False,False,Month-to-month,Electronic check,False,False,167.2,True,No,DSL0Month-to-month,False,Female,True,No,Yes,0.6681616548601277
104.63225806451612,0,5339-TJFEK,True,Yes,True,Fiber optic,105.5,62,False,True,Month-to-month,Electronic check,True,True,6487.2,True,Yes,Fiber optic0Month-to-month,False,Male,True,No,Yes,0.592902467483367
98.3,0,5382-SOYZL,False,Yes,False,Fiber optic,95.1,22,False,True,Month-to-month,Electronic check,False,True,2162.6,False,Yes,Fiber optic0Month-to-month,False,Male,True,No,Yes,0.8477387446257206
78.13571428571429,1,2205-YMZZJ,False,Yes,False,Fiber optic,84.8,7,False,True,Month-to-month,Electronic check,False,False,546.95,False,Yes,Fiber optic1Month-to-month,False,Male,True,Yes,Yes,0.9112554581009061
69.31944444444444,0,1769-GRUIK,False,No,False,Fiber optic,71.1,18,False,False,Month-to-month,Electronic check,False,False,1247.75,False,Yes,Fiber optic0Month-to-month,False,Female,True,No,Yes,0.7298442424800643
94.96000000000001,0,4548-SDBKE,False,Yes,False,Fiber optic,85.2,5,False,True,Month-to-month,Electronic check,False,False,474.8,False,Yes,Fiber optic0Month-to-month,False,Female,True,Yes,Yes,0.9475851190704907
20.925,1,5482-PLVPE,False,No phone service,False,DSL,24.35,2,False,False,Month-to-month,Electronic check,False,False,41.85,False,No,DSL1Month-to-month,False,Female,False,Yes,Yes,0.9835574992355329
85.70675675675676,1,7137-RYLPP,True,Yes,False,Fiber optic,85.7,37,False,True,Month-to-month,Electronic check,False,False,3171.15,False,Yes,Fiber optic1Month-to-month,False,Male,True,Yes,Yes,0.6852772951283396
91.95581395348837,0,5712-AHQNN,False,No,True,Fiber optic,91.65,43,True,True,Month-to-month,Electronic check,False,False,3954.1,False,Yes,Fiber optic0Month-to-month,False,Female,True,No,Yes,0.6228026226646269
61.15,0,1928-BXYIV,False,Yes,True,DSL,61.15,1,False,False,Month-to-month,Electronic check,True,False,61.15,False,Yes,DSL0Month-to-month,False,Male,False,No,Yes,0.6537937361792965
49.13333333333333,0,7240-ETPTR,True,No phone service,False,DSL,48.75,9,True,True,Month-to-month,Electronic check,False,True,442.2,False,No,DSL0Month-to-month,False,Female,True,Yes,Yes,0.8237532629663646
83.42045454545455,1,1394-SUIUH,True,No,True,Fiber optic,85.15,44,False,False,Month-to-month,Electronic check,True,False,3670.5,False,Yes,Fiber optic1Month-to-month,True,Female,True,No,Yes,0.5574110129417692
79.5,1,0869-PAPRP,True,No,False,Fiber optic,85.7,26,True,True,Month-to-month,Credit card (automatic),False,False,2067.0,False,Yes,Fiber optic1Month-to-month,False,Female,True,No,Yes,0.5964385586902352
68.10000000000001,0,3523-QRQLL,True,No,True,DSL,69.5,22,False,True,One year,Bank transfer (automatic),False,True,1498.2,True,Yes,DSL0One year,False,Female,True,Yes,Yes,0.7043333640098326
71.26041666666667,0,8550-XSXUQ,True,Yes,True,DSL,70.55,48,True,False,One year,Credit card (automatic),False,True,3420.5,False,Yes,DSL0One year,False,Male,True,No,Yes,0.6751684245659509
50.7,0,6888-SBYAI,False,No,False,DSL,50.7,1,False,False,Month-to-month,Mailed check,True,False,50.7,False,Yes,DSL0Month-to-month,False,Male,True,No,Yes,0.6920369158538642
66.005,0,7919-ZODZZ,True,No,True,DSL,65.9,10,True,False,One year,Mailed check,False,True,660.05,True,Yes,DSL0One year,False,Female,True,No,Yes,0.6487258694208201
104.447,1,2786-GCDPI,False,Yes,False,Fiber optic,104.95,50,True,True,Month-to-month,Electronic check,False,True,5222.35,False,Yes,Fiber optic1Month-to-month,True,Female,True,No,Yes,0.7527748175417759
90.69545454545454,1,6328-ZPBGN,False,Yes,False,Fiber optic,95.15,11,False,True,Month-to-month,Bank transfer (automatic),False,True,997.65,False,Yes,Fiber optic1Month-to-month,False,Female,True,Yes,Yes,0.8320729102938862
81.38888888888889,1,5357-TZHPP,False,Yes,False,Fiber optic,84.4,9,False,False,Month-to-month,Credit card (automatic),False,True,732.5,False,Yes,Fiber optic1Month-to-month,False,Male,True,Yes,Yes,0.9075232934431563
44.6,0,4146-SVFUD,False,No,False,DSL,44.6,1,False,False,Month-to-month,Mailed check,False,False,44.6,False,Yes,DSL0Month-to-month,False,Male,False,No,Yes,0.6562380152767758
106.62352941176471,1,9971-ZWPBF,True,Yes,True,Fiber optic,108.9,34,True,True,Month-to-month,Electronic check,False,True,3625.2,True,Yes,Fiber optic1Month-to-month,True,Male,True,No,Yes,0.5537355474023663
62.05,0,1541-ETJZO,False,Yes,False,DSL,62.05,1,True,False,Month-to-month,Mailed check,False,False,62.05,False,Yes,DSL0Month-to-month,True,Male,False,Yes,Yes,0.6026859843648305
85.68333333333334,0,5442-UTCVD,False,Yes,False,Fiber optic,91.85,3,True,False,Month-to-month,Electronic check,False,True,257.05,True,Yes,Fiber optic0Month-to-month,False,Male,False,Yes,Yes,0.8532221753071797
80.25,0,5494-HECPR,False,No,False,Fiber optic,80.25,1,False,True,Month-to-month,Electronic check,False,False,80.25,False,Yes,Fiber optic0Month-to-month,False,Female,True,Yes,Yes,0.9487867094682559
80.65526315789474,0,9866-QEVEE,False,Yes,False,Fiber optic,86.0,19,False,False,Month-to-month,Bank transfer (automatic),False,True,1532.45,False,Yes,Fiber optic0Month-to-month,False,Male,True,Yes,Yes,0.6969381411587913
104.31885245901638,0,2252-JHJGE,False,Yes,False,Fiber optic,104.0,61,True,True,One year,Electronic check,True,True,6363.45,False,Yes,Fiber optic0One year,False,Male,False,No,Yes,0.6359670996474588
46.53333333333333,0,7511-YMXVQ,False,No phone service,False,DSL,45.4,9,False,True,Month-to-month,Electronic check,False,True,418.8,False,No,DSL0Month-to-month,False,Male,True,Yes,Yes,0.7974094929197094
69.6,0,6502-MJQAE,False,No,False,Fiber optic,69.6,1,False,False,Month-to-month,Electronic check,False,False,69.6,False,Yes,Fiber optic0Month-to-month,False,Male,True,Yes,Yes,0.9016292875164951
44.81666666666667,0,8775-CEBBJ,False,No,False,DSL,44.2,9,False,False,Month-to-month,Bank transfer (automatic),False,False,403.35,False,Yes,DSL0Month-to-month,False,Female,True,Yes,Yes,0.5455771854841686
60.96875,0,1849-RJYIG,False,No,False,DSL,60.0,8,False,True,Month-to-month,Electronic check,True,False,487.75,False,Yes,DSL0Month-to-month,False,Female,True,No,Yes,0.5897629569006602
99.15,1,7748-UMTRK,False,Yes,False,Fiber optic,101.3,30,False,True,Month-to-month,Electronic check,False,True,2974.5,True,Yes,Fiber optic1Month-to-month,True,Female,True,No,Yes,0.628627415158562
105.825,0,1450-GALXR,False,Yes,False,Fiber optic,98.5,10,False,True,Month-to-month,Electronic check,False,True,1058.25,False,Yes,Fiber optic0Month-to-month,True,Female,True,Yes,Yes,0.9047543393956943
19.225,0,1777-JYQPJ,False,No phone service,False,DSL,24.3,2,False,False,Month-to-month,Mailed check,False,False,38.45,False,No,DSL0Month-to-month,False,Male,False,No,Yes,0.5508461687729582
51.24318181818182,0,2433-KMEAS,False,Yes,False,DSL,54.45,22,False,False,Month-to-month,Electronic check,True,False,1127.35,False,Yes,DSL0Month-to-month,False,Male,True,Yes,Yes,0.5308484316506497
83.55,0,6435-SRWBJ,False,Yes,False,Fiber optic,82.75,5,True,False,Month-to-month,Electronic check,False,False,417.75,False,Yes,Fiber optic0Month-to-month,True,Female,True,No,Yes,0.8616058473120846
74.9375,0,3855-ONCAR,True,No,False,Fiber optic,78.9,4,False,True,Month-to-month,Mailed check,False,False,299.75,True,Yes,Fiber optic0Month-to-month,False,Female,True,No,Yes,0.8734612010411553
85.16818181818182,0,9992-RRAMN,True,Yes,False,Fiber optic,85.1,22,False,False,Month-to-month,Electronic check,False,True,1873.7,False,Yes,Fiber optic0Month-to-month,False,Male,True,Yes,Yes,0.7656107653726344
68.025,0,6856-RAURS,False,Yes,False,Fiber optic,74.9,2,False,False,Month-to-month,Mailed check,False,False,136.05,False,Yes,Fiber optic0Month-to-month,False,Female,True,No,Yes,0.8964756574281093
97.95,0,8091-TTVAX,True,Yes,False,Fiber optic,100.35,58,True,True,One year,Credit card (automatic),False,True,5681.1,False,Yes,Fiber optic0One year,False,Male,False,No,Yes,0.5086224991040728
70.22619047619048,1,3398-ZOUAA,True,No,False,Fiber optic,69.1,21,False,False,Month-to-month,Electronic check,False,False,1474.75,False,Yes,Fiber optic1Month-to-month,False,Male,True,Yes,Yes,0.6739497657258915
53.55,1,4223-WOZCM,False,No,False,DSL,49.95,2,True,False,Month-to-month,Mailed check,False,False,107.1,False,Yes,DSL1Month-to-month,False,Male,False,No,Yes,0.895274742614115
86.17368421052632,1,1580-BMCMR,False,No,False,Fiber optic,87.3,19,False,False,Month-to-month,Electronic check,True,True,1637.3,False,Yes,Fiber optic1Month-to-month,False,Male,True,No,Yes,0.6783445317308046
86.52833333333334,1,6741-EGCBI,False,Yes,False,Fiber optic,90.5,30,False,False,Month-to-month,Credit card (automatic),True,True,2595.85,False,Yes,Fiber optic1Month-to-month,False,Male,True,No,Yes,0.5933998130346743
80.75,1,5644-PDMZC,False,Yes,True,Fiber optic,89.5,2,False,False,Month-to-month,Electronic check,False,True,161.5,False,Yes,Fiber optic1Month-to-month,False,Female,False,Yes,Yes,0.9419757924505247
89.95,1,8414-MYSHR,False,No,False,Fiber optic,91.4,5,False,True,Month-to-month,Electronic check,False,True,449.75,False,Yes,Fiber optic1Month-to-month,False,Male,True,Yes,Yes,0.9047772538590222
84.53382352941176,0,5498-TXHLF,True,Yes,False,Fiber optic,87.45,34,True,True,Month-to-month,Electronic check,False,False,2874.15,True,Yes,Fiber optic0Month-to-month,False,Female,False,Yes,Yes,0.6549419280639145
46.85,1,4816-JBHOV,False,No,False,DSL,44.7,2,False,False,Month-to-month,Electronic check,False,False,93.7,False,Yes,DSL1Month-to-month,False,Male,True,Yes,Yes,0.8260574333134473
69.9,0,5875-YPQFJ,False,No,False,Fiber optic,69.9,1,False,False,Month-to-month,Electronic check,False,False,69.9,False,Yes,Fiber optic0Month-to-month,False,Male,True,Yes,Yes,0.9029981132909055
78.5,1,8242-SOQUO,False,No,True,Fiber optic,84.7,5,False,True,Month-to-month,Electronic check,False,False,392.5,False,Yes,Fiber optic1Month-to-month,False,Female,True,No,Yes,0.8903458876354177
72.275,0,6166-ILMNY,False,No,False,Fiber optic,69.75,2,False,False,Month-to-month,Bank transfer (automatic),False,False,144.55,False,Yes,Fiber optic0Month-to-month,False,Female,False,Yes,Yes,0.7947780662304046
98.85,0,0754-UKWQP,False,No,False,Fiber optic,95.85,2,True,True,Month-to-month,Electronic check,False,True,197.7,False,Yes,Fiber optic0Month-to-month,False,Male,True,Yes,Yes,0.9552246294345706
44.7,0,9448-REEVD,True,No,False,DSL,44.7,1,False,False,Month-to-month,Credit card (automatic),False,False,44.7,False,Yes,DSL0Month-to-month,False,Male,False,Yes,Yes,0.665272594174494
79.11875,0,7993-PYKOF,True,No,False,Fiber optic,75.0,8,False,False,Month-to-month,Electronic check,True,False,632.95,False,Yes,Fiber optic0Month-to-month,False,Male,False,Yes,Yes,0.6589818247093665
46.27222222222222,0,6410-LEFEN,False,No,False,DSL,45.15,9,False,False,Month-to-month,Electronic check,False,False,416.45,False,Yes,DSL0Month-to-month,False,Female,False,Yes,Yes,0.565169564290448
108.06857142857143,0,3174-RKMOW,True,Yes,True,Fiber optic,109.95,35,True,True,Month-to-month,Electronic check,False,True,3782.4,True,Yes,Fiber optic0Month-to-month,True,Male,True,No,Yes,0.7286908971241498
71.94444444444444,0,5022-JNQEQ,True,No,False,Fiber optic,75.85,9,False,False,Month-to-month,Electronic check,False,False,647.5,True,Yes,Fiber optic0Month-to-month,True,Female,True,No,Yes,0.738206874664748
83.75,0,7218-HKQFK,True,No,False,Fiber optic,94.2,2,False,True,Month-to-month,Electronic check,False,True,167.5,False,Yes,Fiber optic0Month-to-month,True,Male,True,Yes,Yes,0.9084319720271983
96.79655172413793,0,0468-YRPXN,False,No,False,Fiber optic,98.8,29,True,True,Month-to-month,Credit card (automatic),False,True,2807.1,False,Yes,Fiber optic0Month-to-month,True,Male,True,No,Yes,0.5910199532421179
79.425,0,6331-LWDTQ,False,Yes,False,DSL,72.15,10,False,True,Month-to-month,Credit card (automatic),False,True,794.25,False,Yes,DSL0Month-to-month,False,Male,True,Yes,Yes,0.5159812561266012
102.06666666666666,1,0781-LKXBR,False,Yes,False,Fiber optic,100.5,9,True,True,Month-to-month,Electronic check,False,True,918.6,False,Yes,Fiber optic1Month-to-month,False,Male,True,Yes,Yes,0.955193030676251
100.12142857142858,1,8884-ADFVN,True,Yes,False,Fiber optic,101.95,7,True,True,Month-to-month,Electronic check,False,True,700.85,False,Yes,Fiber optic1Month-to-month,False,Male,True,Yes,Yes,0.9545522425514501
20.35,0,3590-TCXTB,False,No,False,No,20.35,1,False,False,Month-to-month,Mailed check,False,False,20.35,False,Yes,No0Month-to-month,False,Male,False,No,Yes,0.5363735408105963
97.325,0,9172-ANCRX,False,Yes,False,Fiber optic,98.7,10,False,True,Month-to-month,Electronic check,True,True,973.25,False,Yes,Fiber optic0Month-to-month,False,Female,True,Yes,Yes,0.9011437407769789
27.616666666666664,1,1078-TDCRN,True,No phone service,True,DSL,30.75,3,False,False,Month-to-month,Electronic check,False,False,82.85,False,No,DSL1Month-to-month,False,Female,True,No,Yes,0.7487509454498725
85.45555555555556,0,7363-QTBIW,True,No,False,Fiber optic,79.75,9,False,False,Month-to-month,Electronic check,False,True,769.1,False,Yes,Fiber optic0Month-to-month,False,Female,True,No,Yes,0.859808017973152
94.41428571428571,0,8357-EQXFO,False,No,False,Fiber optic,95.35,7,True,True,Month-to-month,Electronic check,False,True,660.9,False,Yes,Fiber optic0Month-to-month,False,Female,True,Yes,Yes,0.9084933599399241
104.7797619047619,0,9661-ACXBS,False,Yes,False,Fiber optic,105.2,42,True,True,Month-to-month,Electronic check,True,True,4400.75,False,Yes,Fiber optic0Month-to-month,False,Female,True,Yes,Yes,0.762682835905314
75.83636363636364,0,1867-BDVFH,True,Yes,False,Fiber optic,74.35,11,False,False,Month-to-month,Electronic check,False,False,834.2,True,Yes,Fiber optic0Month-to-month,False,Male,True,Yes,Yes,0.8422872770944294
94.88333333333333,0,4686-UXDML,False,Yes,True,Fiber optic,99.85,21,False,True,Month-to-month,Credit card (automatic),False,True,1992.55,False,Yes,Fiber optic0Month-to-month,False,Female,True,No,Yes,0.8282384400332589
75.825,0,9237-HQITU,False,No,False,Fiber optic,70.7,2,False,False,Month-to-month,Electronic check,False,False,151.65,False,Yes,Fiber optic0Month-to-month,False,Female,True,Yes,Yes,0.9072911878251546
67.0875,0,9408-SSNVZ,False,No,False,Fiber optic,70.15,4,False,False,Month-to-month,Electronic check,False,False,268.35,False,Yes,Fiber optic0Month-to-month,False,Female,True,Yes,Yes,0.8572181693372309
71.65,0,8380-PEFPE,False,No,False,Fiber optic,71.65,1,False,False,Month-to-month,Electronic check,False,False,71.65,True,Yes,Fiber optic0Month-to-month,False,Male,True,Yes,Yes,0.8998157975965946
70.3,0,0018-NYROU,True,No,False,Fiber optic,68.95,5,False,False,Month-to-month,Electronic check,False,False,351.5,False,Yes,Fiber optic0Month-to-month,False,Female,True,No,Yes,0.8550881595124664
80.43260869565218,0,0027-KWYKW,True,Yes,False,Fiber optic,83.75,23,False,True,Month-to-month,Electronic check,False,False,1849.95,True,Yes,Fiber optic0Month-to-month,False,Female,True,No,Yes,0.8014534634307645
89.03333333333333,0,4123-DVHPH,True,Yes,False,Fiber optic,88.05,9,False,False,Month-to-month,Electronic check,True,True,801.3,False,Yes,Fiber optic0Month-to-month,False,Male,True,No,Yes,0.811212006507718
103.04270833333334,0,2038-LLMLM,False,Yes,False,Fiber optic,103.85,48,True,True,Month-to-month,Electronic check,False,True,4946.05,False,Yes,Fiber optic0Month-to-month,True,Female,True,No,Yes,0.6833873205439912
92.56,0,3387-VATUS,False,Yes,False,Fiber optic,94.85,5,False,True,Month-to-month,Bank transfer (automatic),False,True,462.8,False,Yes,Fiber optic0Month-to-month,False,Male,True,Yes,Yes,0.9196212038828092
34.375,0,2485-ITVKB,True,No phone service,False,DSL,35.1,2,False,False,Month-to-month,Electronic check,False,True,68.75,False,No,DSL0Month-to-month,False,Female,True,Yes,Yes,0.8670366466447892
53.275,0,9734-UYXQI,False,Yes,False,DSL,49.4,2,False,False,Month-to-month,Electronic check,False,False,106.55,False,Yes,DSL0Month-to-month,False,Female,True,Yes,Yes,0.8397154073401317
79.5,0,2514-GINMM,False,No,False,Fiber optic,79.5,1,False,True,Month-to-month,Electronic check,False,False,79.5,False,Yes,Fiber optic0Month-to-month,False,Male,True,Yes,Yes,0.9449849683356697
50.15,0,1845-ZLLIG,False,No,True,DSL,50.15,1,False,False,Month-to-month,Mailed check,False,False,50.15,False,Yes,DSL0Month-to-month,False,Male,True,No,Yes,0.6496231488435269
71.93333333333334,0,6680-WKXRZ,False,Yes,False,Fiber optic,74.4,3,False,False,Month-to-month,Bank transfer (automatic),False,False,215.8,False,Yes,Fiber optic0Month-to-month,False,Female,False,Yes,Yes,0.8441004294141371
20.2,0,7839-QRKXN,False,No,False,No,20.2,1,False,False,Month-to-month,Mailed check,False,False,20.2,False,Yes,No0Month-to-month,False,Female,True,Yes,Yes,0.604759171937461
112.58928571428571,1,3957-LXOLK,False,Yes,True,Fiber optic,106.15,28,True,True,Month-to-month,Electronic check,False,True,3152.5,False,Yes,Fiber optic1Month-to-month,False,Female,True,Yes,Yes,0.8120905432432752
100.48333333333333,0,4658-HCOHW,True,No,True,Fiber optic,102.8,21,True,True,Month-to-month,Electronic check,False,True,2110.15,True,Yes,Fiber optic0Month-to-month,True,Female,True,Yes,Yes,0.7819837573828089
53.39,0,8217-QYOHV,False,No,False,DSL,55.75,5,False,False,Month-to-month,Mailed check,True,False,266.95,False,Yes,DSL0Month-to-month,True,Male,True,No,Yes,0.5019155468311853
95.3763157894737,0,2037-SGXHH,True,Yes,True,Fiber optic,94.65,38,True,True,Month-to-month,Electronic check,False,False,3624.3,True,Yes,Fiber optic0Month-to-month,False,Male,True,Yes,Yes,0.7424787844866242
84.48181818181818,0,3088-LHEFH,False,Yes,False,Fiber optic,79.0,11,False,False,Month-to-month,Bank transfer (automatic),True,False,929.3,False,Yes,Fiber optic0Month-to-month,False,Female,True,No,Yes,0.7359504111711902
24.45,0,9136-ALYBR,False,No phone service,False,DSL,24.45,1,False,False,Month-to-month,Mailed check,False,False,24.45,False,No,DSL0Month-to-month,False,Male,True,Yes,Yes,0.6599997210271462
29.186363636363637,0,0804-XBFBV,False,No phone service,False,DSL,25.2,11,False,False,Month-to-month,Electronic check,False,False,321.05,True,No,DSL0Month-to-month,False,Female,False,No,Yes,0.5082031038694993
86.54571428571428,0,6352-TWCAU,False,Yes,False,Fiber optic,86.45,35,False,True,Month-to-month,Electronic check,False,False,3029.1,False,Yes,Fiber optic0Month-to-month,False,Female,True,Yes,Yes,0.7697978881403894
22.375,0,6022-KOUQO,True,No phone service,False,DSL,29.05,2,False,False,Month-to-month,Bank transfer (automatic),False,False,44.75,True,No,DSL0Month-to-month,True,Female,False,No,Yes,0.6742464506040586
41.35,0,1728-BQDMA,False,No,False,DSL,44.45,2,False,False,Month-to-month,Electronic check,False,False,82.7,False,Yes,DSL0Month-to-month,False,Female,False,No,Yes,0.7832082245389307
83.08500000000001,0,8861-HGGKB,False,Yes,False,Fiber optic,86.45,10,False,False,Month-to-month,Electronic check,False,True,830.85,False,Yes,Fiber optic0Month-to-month,False,Female,False,Yes,Yes,0.7759471382370532
74.7,0,3765-JXVKY,False,No,True,Fiber optic,74.7,1,False,False,Month-to-month,Electronic check,False,False,74.7,False,Yes,Fiber optic0Month-to-month,False,Female,True,Yes,Yes,0.9153178585353562
85.76666666666667,0,8132-YPVBX,False,No,True,Fiber optic,85.95,6,False,False,Month-to-month,Mailed check,False,True,514.6,False,Yes,Fiber optic0Month-to-month,False,Female,True,No,Yes,0.7659082615059446
73.53333333333333,0,1320-HTRDR,False,Yes,False,Fiber optic,75.5,3,False,False,Month-to-month,Electronic check,False,False,220.6,False,Yes,Fiber optic0Month-to-month,False,Female,True,Yes,Yes,0.9273052198111069
89.44791666666667,1,8580-QVLOC,True,Yes,True,DSL,92.45,72,True,True,Two year,Credit card (automatic),True,True,6440.25,True,Yes,DSL1Two year,True,Female,False,Yes,Yes,0.5576788915199513
91.84,1,0093-EXYQL,False,No,False,Fiber optic,91.55,40,False,True,Month-to-month,Electronic check,False,True,3673.6,False,Yes,Fiber optic1Month-to-month,False,Female,True,No,Yes,0.733566080913731
84.09,0,2135-DQWAQ,False,No,True,Fiber optic,85.3,5,False,True,Month-to-month,Mailed check,False,False,420.45,False,Yes,Fiber optic0Month-to-month,False,Female,True,No,Yes,0.8284518625157595
95.0,0,0684-AOSIH,True,No,False,Fiber optic,95.0,1,False,True,Month-to-month,Electronic check,True,True,95.0,False,Yes,Fiber optic0Month-to-month,False,Male,True,Yes,Yes,0.9411369846974738
67.35,0,5832-XKAES,False,No,False,Fiber optic,69.8,2,False,False,Month-to-month,Credit card (automatic),False,False,134.7,False,Yes,Fiber optic0Month-to-month,False,Male,True,Yes,Yes,0.8429812354159927
36.2,0,7881-EVUAD,False,No phone service,True,DSL,42.6,2,False,False,Month-to-month,Electronic check,True,True,72.4,False,No,DSL0Month-to-month,False,Female,True,Yes,Yes,0.899886543546702
95.0608695652174,0,3934-HXCFZ,True,Yes,True,Fiber optic,99.25,23,True,True,Month-to-month,Electronic check,True,False,2186.4,False,Yes,Fiber optic0Month-to-month,False,Male,True,Yes,Yes,0.7423297483391088
33.01363636363636,0,4718-DHSMV,False,No phone service,False,DSL,35.8,11,False,True,Month-to-month,Mailed check,False,False,363.15,False,No,DSL0Month-to-month,False,Female,True,No,Yes,0.6882836876423675
94.62333333333332,0,9574-RKJIF,True,Yes,True,Fiber optic,94.4,30,False,True,Month-to-month,Electronic check,True,False,2838.7,True,Yes,Fiber optic0Month-to-month,False,Male,True,Yes,Yes,0.6223725737849255
78.18529411764706,0,3365-SAIGS,False,No,True,Fiber optic,83.55,17,False,True,Month-to-month,Electronic check,False,False,1329.15,False,Yes,Fiber optic0Month-to-month,False,Female,True,No,Yes,0.7772321134892608
26.083333333333332,0,6542-LWGXJ,True,No phone service,False,DSL,25.0,3,False,False,Month-to-month,Mailed check,False,False,78.25,False,No,DSL0Month-to-month,False,Male,False,No,Yes,0.5345676677138422
57.54736842105264,0,8096-LOIST,False,No,False,DSL,56.2,19,False,False,Month-to-month,Electronic check,False,True,1093.4,False,Yes,DSL0Month-to-month,False,Female,True,No,Yes,0.5147930583463438
86.36458333333333,0,0581-MDMPW,False,Yes,False,Fiber optic,88.95,24,True,True,Month-to-month,Credit card (automatic),False,False,2072.75,False,Yes,Fiber optic0Month-to-month,False,Female,True,No,Yes,0.7146266263861236
25.25,0,4195-NZGTA,False,No phone service,False,DSL,25.25,1,False,False,Month-to-month,Electronic check,False,False,25.25,False,No,DSL0Month-to-month,False,Female,False,No,Yes,0.73596047523286
19.85,0,0107-WESLM,False,No,False,No,19.85,1,False,False,Month-to-month,Electronic check,False,False,19.85,False,Yes,No0Month-to-month,False,Male,True,Yes,Yes,0.6946344504671833
52.8,0,5365-LLFYV,False,No,False,DSL,45.85,2,False,False,Month-to-month,Mailed check,False,False,105.6,False,Yes,DSL0Month-to-month,False,Female,True,No,Yes,0.6548961624630059
80.4125,0,7488-MXJIV,False,Yes,False,Fiber optic,85.65,4,False,True,Month-to-month,Electronic check,False,False,321.65,False,Yes,Fiber optic0Month-to-month,False,Female,True,Yes,Yes,0.9309384429909173
69.5,1,5186-SAMNZ,False,No,False,Fiber optic,69.5,1,False,False,Month-to-month,Bank transfer (automatic),False,False,69.5,False,Yes,Fiber optic1Month-to-month,False,Male,True,Yes,Yes,0.8220172368919858
55.1625,0,1575-KRZZE,False,No,True,DSL,55.2,4,False,False,Month-to-month,Electronic check,True,False,220.65,False,Yes,DSL0Month-to-month,False,Female,False,No,Yes,0.5816530272926435
80.51666666666667,0,7354-OIJLX,False,Yes,False,Fiber optic,75.85,9,False,False,Month-to-month,Electronic check,False,False,724.65,False,Yes,Fiber optic0Month-to-month,False,Male,True,No,Yes,0.86386288968625
79.53928571428571,0,0256-LTHVJ,True,No,False,Fiber optic,81.05,28,False,False,Month-to-month,Electronic check,False,True,2227.1,True,Yes,Fiber optic0Month-to-month,False,Female,True,Yes,Yes,0.6429085678713974
49.85,0,8064-RAVOH,False,No,False,DSL,49.85,1,True,False,Month-to-month,Electronic check,False,False,49.85,True,Yes,DSL0Month-to-month,False,Male,True,No,Yes,0.815102210913437
99.67380952380952,0,8708-XPXHZ,True,Yes,False,Fiber optic,94.2,42,False,True,Month-to-month,Electronic check,False,True,4186.3,True,Yes,Fiber optic0Month-to-month,False,Female,True,Yes,Yes,0.7941174759833269
80.22,0,6432-TWQLB,True,Yes,True,Fiber optic,85.4,5,False,False,Month-to-month,Electronic check,False,False,401.1,False,Yes,Fiber optic0Month-to-month,True,Male,True,Yes,Yes,0.8173253752645804
80.78636363636363,0,5879-SESNB,False,Yes,False,Fiber optic,75.25,11,False,False,Month-to-month,Electronic check,False,False,888.65,False,Yes,Fiber optic0Month-to-month,False,Female,False,No,Yes,0.7956405348474174
96.47058823529412,0,3853-LYGAM,False,Yes,False,Fiber optic,95.65,17,True,False,Month-to-month,Bank transfer (automatic),False,True,1640.0,False,Yes,Fiber optic0Month-to-month,True,Male,True,No,Yes,0.6985352145843877
93.93023255813954,0,5977-CKHON,True,Yes,False,Fiber optic,92.55,43,True,False,Month-to-month,Bank transfer (automatic),False,True,4039.0,True,Yes,Fiber optic0Month-to-month,False,Female,True,No,Yes,0.5943955036407864
75.42058823529412,0,1689-MRZQR,True,No,False,Fiber optic,78.3,34,False,True,Month-to-month,Electronic check,False,False,2564.3,True,Yes,Fiber optic0Month-to-month,False,Male,False,Yes,Yes,0.6217377084540121
96.5653846153846,1,2665-NPTGL,True,Yes,False,Fiber optic,98.1,26,True,True,Month-to-month,Bank transfer (automatic),False,True,2510.7,False,Yes,Fiber optic1Month-to-month,False,Female,True,No,Yes,0.7852235896234464
65.825,1,5276-KQWHG,False,No,False,Fiber optic,69.6,2,False,False,Month-to-month,Electronic check,False,False,131.65,False,Yes,Fiber optic1Month-to-month,False,Female,True,Yes,Yes,0.8586520272611032
94.66206896551724,1,1771-OADNZ,True,Yes,True,Fiber optic,95.9,29,True,False,Month-to-month,Electronic check,False,True,2745.2,False,Yes,Fiber optic1Month-to-month,False,Male,True,Yes,Yes,0.8300686478889353
33.410869565217396,1,1261-FWTTE,False,No phone service,False,DSL,34.65,23,False,False,Month-to-month,Bank transfer (automatic),False,True,768.45,False,No,DSL1Month-to-month,False,Male,True,No,Yes,0.8754372803797734
102.70374999999999,0,3352-ALMCK,False,Yes,True,Fiber optic,102.65,40,True,True,Month-to-month,Mailed check,False,True,4108.15,False,Yes,Fiber optic0Month-to-month,False,Male,True,No,Yes,0.7435202650589968
96.07181818181817,0,1264-BYWMS,False,Yes,False,Fiber optic,96.8,55,False,True,Month-to-month,Electronic check,False,True,5283.95,False,Yes,Fiber optic0Month-to-month,False,Male,True,Yes,Yes,0.643922098379594
79.61749999999999,0,0867-MKZVY,True,Yes,False,Fiber optic,82.4,20,False,False,Month-to-month,Electronic check,True,False,1592.35,False,Yes,Fiber optic0Month-to-month,False,Female,False,Yes,Yes,0.5790763820874903
76.4,1,3296-SILRA,True,No,True,Fiber optic,76.4,1,False,False,Month-to-month,Mailed check,False,False,76.4,False,Yes,Fiber optic1Month-to-month,False,Female,True,Yes,Yes,0.887398394041825
94.05,0,3130-ICDUP,False,Yes,False,Fiber optic,80.55,2,False,False,Month-to-month,Credit card (automatic),True,False,188.1,True,Yes,Fiber optic0Month-to-month,False,Female,False,No,Yes,0.8488642414646498
55.7,0,2043-WVTQJ,True,No,False,DSL,55.7,1,True,False,Month-to-month,Mailed check,True,False,55.7,False,Yes,DSL0Month-to-month,False,Male,False,No,Yes,0.6006495252229656
100.91428571428571,0,0080-OROZO,False,No,False,Fiber optic,99.25,35,True,True,One year,Electronic check,False,True,3532.0,False,Yes,Fiber optic0One year,True,Female,True,No,Yes,0.5116921073095604
109.98333333333333,0,6023-YEBUP,False,Yes,False,Fiber optic,100.95,3,True,True,Month-to-month,Electronic check,False,True,329.95,False,Yes,Fiber optic0Month-to-month,False,Male,True,Yes,Yes,0.9635107346915281
94.9825,1,1626-ERCMM,True,Yes,False,Fiber optic,94.55,20,False,True,Month-to-month,Electronic check,False,True,1899.65,False,Yes,Fiber optic1Month-to-month,False,Male,True,Yes,Yes,0.864975911878991
81.15,1,8010-EZLOU,False,Yes,True,Fiber optic,80.2,15,False,False,Month-to-month,Electronic check,False,False,1217.25,False,Yes,Fiber optic1Month-to-month,False,Male,True,Yes,Yes,0.8308372358448761
81.80499999999999,0,4817-QRJSX,False,Yes,True,Fiber optic,81.0,10,False,False,Month-to-month,Credit card (automatic),False,False,818.05,False,Yes,Fiber optic0Month-to-month,False,Female,True,Yes,Yes,0.7873541104643478
81.95,0,7356-IWLFW,True,Yes,True,Fiber optic,80.0,46,False,False,Month-to-month,Bank transfer (automatic),False,False,3769.7,True,Yes,Fiber optic0Month-to-month,False,Male,True,No,Yes,0.5165263355979879
90.83,0,5842-POCOP,True,No,False,Fiber optic,88.9,5,True,False,Month-to-month,Mailed check,True,True,454.15,False,Yes,Fiber optic0Month-to-month,False,Female,True,Yes,Yes,0.7578044679295063
75.01875,1,4480-QQRHC,False,No,False,Fiber optic,74.05,8,True,False,Month-to-month,Bank transfer (automatic),False,False,600.15,False,Yes,Fiber optic1Month-to-month,False,Female,True,No,Yes,0.8358234216787005
85.58676470588235,0,3192-LNKRK,True,No,False,Fiber optic,84.05,34,True,True,Month-to-month,Mailed check,False,False,2909.95,True,Yes,Fiber optic0Month-to-month,False,Male,True,No,Yes,0.5732944480093171
49.8,0,8757-TFHHJ,False,No,False,DSL,49.8,1,False,False,Month-to-month,Credit card (automatic),True,False,49.8,False,Yes,DSL0Month-to-month,False,Male,True,No,Yes,0.7240035682429784
91.875,0,5318-IXUZF,False,No,True,Fiber optic,87.15,2,False,True,Month-to-month,Bank transfer (automatic),False,False,183.75,False,Yes,Fiber optic0Month-to-month,False,Female,True,Yes,Yes,0.9084214744087012
71.35,0,8042-JVNFH,False,No,False,Fiber optic,71.35,1,False,False,Month-to-month,Mailed check,False,False,71.35,False,Yes,Fiber optic0Month-to-month,False,Male,True,Yes,Yes,0.8633750863156291
59.15,0,4662-EKDPQ,False,Yes,False,DSL,62.05,2,False,False,Month-to-month,Bank transfer (automatic),False,True,118.3,False,Yes,DSL0Month-to-month,False,Male,False,Yes,Yes,0.6276731670864962
90.75,0,0259-GBZSH,False,Yes,False,Fiber optic,85.65,2,False,True,Month-to-month,Electronic check,False,False,181.5,False,Yes,Fiber optic0Month-to-month,False,Male,True,Yes,Yes,0.9576157871838015
71.55,0,6140-QNRQQ,False,No,False,Fiber optic,71.55,1,False,False,Month-to-month,Mailed check,False,False,71.55,False,Yes,Fiber optic0Month-to-month,False,Male,True,Yes,Yes,0.8641877405179239
97.62244897959184,0,8610-WFCJF,True,Yes,False,Fiber optic,95.6,49,False,True,Month-to-month,Electronic check,False,True,4783.5,True,Yes,Fiber optic0Month-to-month,False,Female,True,Yes,Yes,0.6905974413455127
81.17999999999999,0,6347-DCUIK,False,Yes,False,Fiber optic,74.15,10,False,False,Month-to-month,Mailed check,False,False,811.8,False,Yes,Fiber optic0Month-to-month,False,Male,True,Yes,Yes,0.7973353909750862
51.45,0,6483-OATDN,True,No,False,DSL,51.3,8,False,False,Month-to-month,Credit card (automatic),True,False,411.6,True,Yes,DSL0Month-to-month,False,Male,True,No,Yes,0.5150110289507241
103.95,0,5947-SGKCL,True,Yes,True,Fiber optic,105.35,15,True,True,Month-to-month,Bank transfer (automatic),False,True,1559.25,True,Yes,Fiber optic0Month-to-month,False,Female,True,No,Yes,0.8916117720594168
92.30405405405405,0,7483-IQWIB,True,Yes,True,Fiber optic,92.95,37,True,True,Month-to-month,Electronic check,False,False,3415.25,True,Yes,Fiber optic0Month-to-month,False,Male,True,No,Yes,0.7322040942258907
84.95,0,8739-XNIKG,False,Yes,False,Fiber optic,84.0,5,False,True,Month-to-month,Electronic check,False,False,424.75,False,Yes,Fiber optic0Month-to-month,False,Female,True,No,Yes,0.9334919367827021
103.47755102040816,1,5628-RKIFK,False,Yes,False,Fiber optic,101.55,49,False,True,Month-to-month,Credit card (automatic),True,True,5070.4,False,Yes,Fiber optic1Month-to-month,False,Female,False,No,Yes,0.7297945173600965
91.4125,0,9565-DJPIB,False,Yes,True,Fiber optic,89.6,4,False,True,Month-to-month,Mailed check,False,False,365.65,True,Yes,Fiber optic0Month-to-month,False,Female,False,Yes,Yes,0.837113289045501
20.2,0,7310-EGVHZ,False,No,False,No,20.2,1,False,False,Month-to-month,Bank transfer (automatic),False,False,20.2,False,Yes,No0Month-to-month,False,Male,False,No,Yes,0.5627991516463853
103.29875,0,9412-GHEEC,False,Yes,False,Fiber optic,104.8,40,True,True,Month-to-month,Bank transfer (automatic),False,True,4131.95,False,Yes,Fiber optic0Month-to-month,True,Male,False,Yes,Yes,0.6109118596133406
92.70666666666666,0,3753-TSEMP,True,No,False,Fiber optic,88.15,15,False,True,Month-to-month,Electronic check,False,True,1390.6,False,Yes,Fiber optic0Month-to-month,False,Female,False,Yes,Yes,0.7967032382349338
39.6,1,3317-HRTNN,False,No phone service,False,DSL,45.7,5,False,True,Month-to-month,Electronic check,False,True,198.0,False,No,DSL1Month-to-month,False,Female,False,Yes,Yes,0.8840245420121637
90.31,0,5419-KLXBN,True,No,True,Fiber optic,89.15,25,True,True,Month-to-month,Bank transfer (automatic),False,False,2257.75,True,Yes,Fiber optic0Month-to-month,False,Female,True,Yes,Yes,0.58209931669566
102.14090909090909,1,3005-NFMTA,False,Yes,False,Fiber optic,98.8,55,False,True,Month-to-month,Electronic check,True,True,5617.75,False,Yes,Fiber optic1Month-to-month,False,Male,True,Yes,Yes,0.5981726244888685
19.9,0,2320-JRSDE,True,No,False,No,19.9,1,False,False,Month-to-month,Electronic check,False,False,19.9,True,Yes,No0Month-to-month,False,Female,True,Yes,Yes,0.6502964007123452
34.315384615384616,0,8066-POXGX,False,No phone service,False,DSL,35.1,13,False,False,Month-to-month,Electronic check,False,True,446.1,False,No,DSL0Month-to-month,False,Female,True,Yes,Yes,0.7374561679652709
88.12916666666666,0,5429-LWCMV,False,Yes,True,Fiber optic,89.15,12,False,False,Month-to-month,Electronic check,False,True,1057.55,False,Yes,Fiber optic0Month-to-month,False,Female,True,No,Yes,0.8271616712384313
41.12279411764706,0,3893-JRNFS,False,No phone service,False,DSL,39.9,68,True,False,Month-to-month,Bank transfer (automatic),False,True,2796.35,False,No,DSL0Month-to-month,False,Male,True,No,Yes,0.6703126225755128
78.834375,1,3703-KBKZP,False,Yes,False,Fiber optic,74.45,16,False,False,Month-to-month,Bank transfer (automatic),False,False,1261.35,False,Yes,Fiber optic1Month-to-month,False,Male,True,No,Yes,0.7563097667613303
95.66136363636365,0,4124-MMETB,False,Yes,False,Fiber optic,94.65,22,False,True,Month-to-month,Credit card (automatic),False,True,2104.55,False,Yes,Fiber optic0Month-to-month,False,Male,True,Yes,Yes,0.7951903584795846
25.05,1,0616-ATFGB,True,No phone service,False,DSL,25.05,1,False,False,Month-to-month,Electronic check,False,False,25.05,False,No,DSL1Month-to-month,False,Male,False,Yes,Yes,0.9595364903534519
89.39999999999999,0,9025-AOMKI,False,Yes,False,Fiber optic,93.55,6,False,True,Month-to-month,Bank transfer (automatic),False,True,536.4,False,Yes,Fiber optic0Month-to-month,False,Female,True,Yes,Yes,0.9076971461580425
19.4,0,7298-IZWLY,False,No,False,No,19.4,1,False,False,Month-to-month,Mailed check,False,False,19.4,False,Yes,No0Month-to-month,False,Female,True,No,Yes,0.6266300519074909
44.8,0,8705-WZCYL,False,No,False,DSL,44.8,1,False,False,Month-to-month,Electronic check,False,False,44.8,False,Yes,DSL0Month-to-month,False,Male,True,No,Yes,0.7938655088985876
69.5,0,0488-GSLFR,False,No,False,Fiber optic,69.5,1,False,False,Month-to-month,Electronic check,False,False,69.5,False,Yes,Fiber optic0Month-to-month,False,Female,True,Yes,Yes,0.9094807162300718
86.18050847457627,0,3313-QKNKB,True,Yes,False,Fiber optic,85.55,59,False,False,One year,Electronic check,False,True,5084.65,False,Yes,Fiber optic0One year,False,Male,False,Yes,Yes,0.5258715693802012
86.07765957446809,0,2195-ZRVAX,True,No,False,Fiber optic,85.3,47,True,False,Month-to-month,Electronic check,False,True,4045.65,False,Yes,Fiber optic0Month-to-month,False,Female,True,Yes,Yes,0.553474752018126
64.6,0,3717-OEAUQ,False,No,False,Fiber optic,70.7,2,False,False,Month-to-month,Mailed check,False,False,129.2,False,Yes,Fiber optic0Month-to-month,False,Male,False,No,Yes,0.7310859635703957
69.9,0,5542-TBBWB,False,No,False,Fiber optic,69.9,1,False,False,Month-to-month,Electronic check,False,False,69.9,False,Yes,Fiber optic0Month-to-month,False,Male,True,No,Yes,0.9029981132909055
70.9,0,0151-ONTOV,False,No,False,Fiber optic,70.9,1,False,False,Month-to-month,Mailed check,False,False,70.9,False,Yes,Fiber optic0Month-to-month,False,Female,False,Yes,Yes,0.8084004388160261
90.825,1,4929-XIHVW,True,No,False,Fiber optic,95.5,2,True,True,Month-to-month,Credit card (automatic),False,True,181.65,False,Yes,Fiber optic1Month-to-month,False,Male,True,No,Yes,0.875473558369215
50.85,0,9239-ZBZZV,False,No phone service,False,DSL,47.95,6,True,True,Month-to-month,Electronic check,False,True,305.1,False,No,DSL0Month-to-month,False,Female,True,Yes,Yes,0.8635282678452122
69.25,1,0679-IDSTG,True,No,False,Fiber optic,69.25,1,False,False,Month-to-month,Electronic check,False,False,69.25,True,Yes,Fiber optic1Month-to-month,False,Female,True,Yes,Yes,0.8489387600154112
99.23076923076923,1,3793-MMFUH,False,Yes,False,Fiber optic,95.05,13,False,True,Month-to-month,Electronic check,False,True,1290.0,False,Yes,Fiber optic1Month-to-month,False,Female,True,Yes,Yes,0.9395284729388034
80.05,0,8821-XNHVZ,True,No,False,Fiber optic,80.05,1,False,True,Month-to-month,Mailed check,False,False,80.05,True,Yes,Fiber optic0Month-to-month,False,Female,True,Yes,Yes,0.9204169585165456
69.85,1,5550-VFRLC,False,No,False,Fiber optic,69.85,1,False,False,Month-to-month,Electronic check,False,False,69.85,False,Yes,Fiber optic1Month-to-month,False,Female,True,Yes,Yes,0.8845163262990546
96.36666666666667,1,1389-CXMLU,False,Yes,False,Fiber optic,91.05,3,True,True,Month-to-month,Electronic check,False,False,289.1,False,Yes,Fiber optic1Month-to-month,False,Male,False,Yes,Yes,0.9428418260903341
25.525,0,5016-ETTFF,False,No phone service,False,DSL,29.5,10,True,False,Month-to-month,Mailed check,False,False,255.25,False,No,DSL0Month-to-month,False,Male,False,Yes,Yes,0.5350291868660233
49.55,0,8885-QSQBX,False,No,False,DSL,49.55,1,False,False,Month-to-month,Bank transfer (automatic),True,False,49.55,False,Yes,DSL0Month-to-month,False,Female,False,No,Yes,0.6832883343785084
25.05,1,9907-SWKKF,False,No phone service,False,DSL,25.05,1,False,False,Month-to-month,Mailed check,False,False,25.05,False,No,DSL1Month-to-month,False,Female,False,Yes,Yes,0.9726053981756428
103.74411764705883,0,0899-LIIBW,True,Yes,False,Fiber optic,100.85,34,True,True,Month-to-month,Electronic check,False,True,3527.3,False,Yes,Fiber optic0Month-to-month,False,Male,False,No,Yes,0.7510465288866549
43.95,0,5968-VXZLG,False,No,False,DSL,46.6,2,False,False,Month-to-month,Bank transfer (automatic),False,False,87.9,False,Yes,DSL0Month-to-month,False,Male,True,No,Yes,0.7336109537038505
75.39,0,3315-TOTBP,False,Yes,False,Fiber optic,76.0,15,False,False,Month-to-month,Mailed check,False,False,1130.85,False,Yes,Fiber optic0Month-to-month,False,Male,True,Yes,Yes,0.7447436308161541
18.9,0,9975-SKRNR,False,No,False,No,18.9,1,False,False,Month-to-month,Mailed check,False,False,18.9,False,Yes,No0Month-to-month,False,Male,False,No,Yes,0.5747250801388095
83.65,0,0220-EBGCE,False,No,False,Fiber optic,85.85,2,True,False,Month-to-month,Electronic check,False,True,167.3,False,Yes,Fiber optic0Month-to-month,False,Male,True,Yes,Yes,0.8996683477201749
44.778571428571425,0,8887-IPQNC,True,No,False,DSL,44.25,7,False,False,Month-to-month,Mailed check,False,False,313.45,False,Yes,DSL0Month-to-month,False,Female,True,No,Yes,0.5469424310351672
19.5,0,8566-YPRGL,False,No,False,No,19.5,1,False,False,Month-to-month,Mailed check,False,False,19.5,False,Yes,No0Month-to-month,False,Female,True,No,Yes,0.6243091548727644
84.34772727272728,0,5572-ZDXHY,False,No,True,Fiber optic,84.3,22,False,False,Month-to-month,Mailed check,False,True,1855.65,False,Yes,Fiber optic0Month-to-month,False,Female,True,Yes,Yes,0.562273768822724
36.6,0,7880-XSOJX,False,No phone service,True,DSL,42.4,4,False,False,Month-to-month,Mailed check,True,False,146.4,False,No,DSL0Month-to-month,True,Male,False,No,Yes,0.6676788068151558
82.72999999999999,0,9250-WYPLL,False,Yes,False,Fiber optic,75.55,5,False,False,Month-to-month,Electronic check,False,False,413.65,False,Yes,Fiber optic0Month-to-month,False,Female,False,Yes,Yes,0.8714700880808568
91.321875,0,0848-ZGQIJ,True,No,True,Fiber optic,94.65,16,False,True,Month-to-month,Bank transfer (automatic),False,True,1461.15,False,Yes,Fiber optic0Month-to-month,False,Female,True,No,Yes,0.7769589516546312
44.45,0,5858-EAFCZ,False,No,False,DSL,44.45,1,False,False,Month-to-month,Mailed check,False,False,44.45,False,Yes,DSL0Month-to-month,False,Male,False,No,Yes,0.6562902944388541
40.475,0,6519-CFDBX,False,No,False,DSL,45.4,2,False,False,Month-to-month,Electronic check,False,False,80.95,False,Yes,DSL0Month-to-month,False,Female,True,No,Yes,0.8391748201253796
50.575,0,6257-RJOHI,False,No,False,DSL,50.8,4,False,False,Month-to-month,Mailed check,False,False,202.3,False,Yes,DSL0Month-to-month,True,Male,True,No,Yes,0.5925596349455782
79.95,1,8988-ECPJR,True,Yes,True,Fiber optic,79.6,34,False,False,Month-to-month,Mailed check,False,False,2718.3,True,Yes,Fiber optic1Month-to-month,False,Female,True,Yes,Yes,0.5889988932297233
73.6,0,6390-DSAZX,False,No,False,Fiber optic,73.6,1,False,False,Month-to-month,Mailed check,True,False,73.6,True,Yes,Fiber optic0Month-to-month,False,Female,True,Yes,Yes,0.8151194144469553
73.82000000000001,0,5976-JCJRH,True,No,False,Fiber optic,70.3,10,False,False,Month-to-month,Electronic check,False,False,738.2,False,Yes,Fiber optic0Month-to-month,False,Male,True,Yes,Yes,0.790129224178384
102.83636363636364,1,2012-NWRPA,True,Yes,False,Fiber optic,99.55,11,True,True,Month-to-month,Electronic check,False,True,1131.2,False,Yes,Fiber optic1Month-to-month,False,Female,True,Yes,Yes,0.9592215185189342
71.06176470588235,0,6641-XRPSU,False,No,False,Fiber optic,70.0,34,False,False,Month-to-month,Credit card (automatic),False,False,2416.1,False,Yes,Fiber optic0Month-to-month,False,Female,True,Yes,Yes,0.5744281261881635
106.465,0,5299-RULOA,True,Yes,False,Fiber optic,100.25,10,False,True,Month-to-month,Electronic check,True,True,1064.65,True,Yes,Fiber optic0Month-to-month,False,Female,True,Yes,Yes,0.8983244352378869
70.725,0,8835-VSDSE,True,No,False,Fiber optic,70.7,2,False,False,Month-to-month,Electronic check,False,False,141.45,False,Yes,Fiber optic0Month-to-month,False,Female,True,Yes,Yes,0.9070904716752319
73.58846153846153,0,4860-IJUDE,False,No,False,Fiber optic,73.75,13,False,False,Month-to-month,Credit card (automatic),True,False,956.65,False,Yes,Fiber optic0Month-to-month,False,Male,True,No,Yes,0.6061395910384942
36.55,0,0836-SEYLU,True,No phone service,False,DSL,40.65,9,False,True,Month-to-month,Mailed check,False,False,328.95,False,No,DSL0Month-to-month,True,Male,False,Yes,Yes,0.6300356654365857
72.33181818181818,0,6416-YJTTB,False,No,False,Fiber optic,79.5,11,True,False,Month-to-month,Bank transfer (automatic),True,False,795.65,False,Yes,Fiber optic0Month-to-month,False,Male,True,No,Yes,0.5814213643548768
19.65,0,6141-OOXUQ,False,No,False,No,19.65,1,False,False,Month-to-month,Mailed check,False,False,19.65,False,Yes,No0Month-to-month,False,Male,False,Yes,Yes,0.5580317836115904
87.55,0,5018-GWURO,True,Yes,False,Fiber optic,85.6,56,False,True,Month-to-month,Bank transfer (automatic),False,False,4902.8,False,Yes,Fiber optic0Month-to-month,False,Female,True,No,Yes,0.5681862508549895
69.95,1,8000-REIQB,False,No,False,Fiber optic,69.95,1,False,False,Month-to-month,Electronic check,False,False,69.95,False,Yes,Fiber optic1Month-to-month,False,Female,True,Yes,Yes,0.8857855782949556
54.75625,0,5515-RUGKN,False,No,False,DSL,54.75,8,False,False,Month-to-month,Credit card (automatic),False,True,438.05,False,Yes,DSL0Month-to-month,False,Male,True,No,Yes,0.5779768770582036
71.35,0,3177-LASXD,False,No,False,Fiber optic,71.35,1,False,False,Month-to-month,Electronic check,False,False,71.35,False,Yes,Fiber optic0Month-to-month,False,Female,False,Yes,Yes,0.8706047001584549
96.43333333333332,1,9279-CJEOJ,False,Yes,False,Fiber optic,95.4,21,False,True,Month-to-month,Bank transfer (automatic),False,True,2025.1,False,Yes,Fiber optic1Month-to-month,False,Female,True,No,Yes,0.8329405236153041
92.40714285714286,1,8972-HJWNV,True,Yes,False,Fiber optic,84.55,7,False,False,Month-to-month,Electronic check,False,True,646.85,False,Yes,Fiber optic1Month-to-month,False,Female,True,Yes,Yes,0.966558322988809
78.5,1,6168-WFVVF,False,No,False,Fiber optic,70.3,3,False,False,Month-to-month,Electronic check,False,False,235.5,False,Yes,Fiber optic1Month-to-month,False,Female,True,Yes,Yes,0.8933282527576327
50.275,0,6923-EFPNL,False,Yes,False,DSL,51.75,4,False,False,Month-to-month,Credit card (automatic),False,False,201.1,False,Yes,DSL0Month-to-month,False,Male,False,Yes,Yes,0.688719962682614
94.94375,0,5168-MSWXT,True,No,False,Fiber optic,94.75,8,True,True,Month-to-month,Electronic check,False,True,759.55,True,Yes,Fiber optic0Month-to-month,False,Male,True,No,Yes,0.8885721240855455
96.334,1,7480-QNVZJ,False,Yes,False,Fiber optic,95.7,50,False,True,Month-to-month,Electronic check,False,True,4816.7,False,Yes,Fiber optic1Month-to-month,False,Male,True,Yes,Yes,0.8235304801346398
70.0875,1,7044-YAACC,True,No,False,Fiber optic,70.2,4,False,False,Month-to-month,Electronic check,False,False,280.35,False,Yes,Fiber optic1Month-to-month,False,Male,True,No,Yes,0.893033311818804
50.1,0,0248-IPDFW,False,Yes,False,DSL,50.1,1,False,False,Month-to-month,Electronic check,False,False,50.1,False,Yes,DSL0Month-to-month,False,Female,True,No,Yes,0.8626398054050207
95.675,0,7526-BEZQB,False,Yes,False,Fiber optic,96.05,12,False,True,Month-to-month,Electronic check,False,True,1148.1,False,Yes,Fiber optic0Month-to-month,False,Male,True,Yes,Yes,0.9081298795449929
113.51136363636364,1,9835-ZIITK,True,Yes,True,Fiber optic,110.85,66,True,True,One year,Electronic check,False,True,7491.75,False,Yes,Fiber optic1One year,True,Male,True,Yes,Yes,0.6056100783079764
96.04615384615384,1,1597-LHYNC,False,Yes,True,Fiber optic,95.0,26,False,False,Month-to-month,Electronic check,True,True,2497.2,False,Yes,Fiber optic1Month-to-month,False,Female,True,Yes,Yes,0.8213624663429782
95.44722222222222,1,4039-HEUNW,True,Yes,True,Fiber optic,96.5,36,False,True,Month-to-month,Electronic check,False,True,3436.1,False,Yes,Fiber optic1Month-to-month,False,Male,True,Yes,Yes,0.7746184319638879
67.52142857142857,0,1077-HUUJM,False,No,False,Fiber optic,71.05,7,False,False,Month-to-month,Electronic check,False,False,472.65,True,Yes,Fiber optic0Month-to-month,False,Female,True,No,Yes,0.7962853162077648
45.03888888888889,1,3346-BRMIS,True,No phone service,False,DSL,48.35,18,True,True,Month-to-month,Electronic check,False,True,810.7,False,No,DSL1Month-to-month,False,Female,True,Yes,Yes,0.871836999843229
98.91166666666666,1,6543-XRMYR,False,Yes,True,Fiber optic,99.7,30,False,True,Month-to-month,Electronic check,False,True,2967.35,False,Yes,Fiber optic1Month-to-month,False,Female,True,Yes,Yes,0.8152786428463616
67.63333333333334,1,3966-HRMZA,False,No,False,Fiber optic,75.05,3,True,False,Month-to-month,Mailed check,False,False,202.9,False,Yes,Fiber optic1Month-to-month,False,Female,False,No,Yes,0.8101416705360968
106.00975609756097,0,9851-QXEEQ,False,Yes,True,Fiber optic,104.7,41,True,True,Month-to-month,Electronic check,False,True,4346.4,False,Yes,Fiber optic0Month-to-month,False,Male,True,Yes,Yes,0.8007304541392034
99.18409090909091,0,5980-NOPLP,True,Yes,False,Fiber optic,96.1,44,False,True,Month-to-month,Electronic check,False,True,4364.1,False,Yes,Fiber optic0Month-to-month,False,Female,True,Yes,Yes,0.7935397921864459
100.18571428571428,0,8161-QYMTT,False,Yes,False,Fiber optic,94.1,7,False,True,Month-to-month,Electronic check,False,True,701.3,False,Yes,Fiber optic0Month-to-month,False,Male,True,No,Yes,0.9382196621714112
109.1853448275862,0,2000-MPKCA,False,Yes,True,Fiber optic,107.75,58,True,True,One year,Electronic check,True,True,6332.75,False,Yes,Fiber optic0One year,False,Female,True,No,Yes,0.5902000544765834
40.175,0,2842-JTCCU,False,No,False,DSL,46.05,2,False,False,Month-to-month,Bank transfer (automatic),False,False,80.35,False,Yes,DSL0Month-to-month,False,Male,False,Yes,Yes,0.7296391551726469
84.60000000000001,0,2789-HQBOU,False,No,False,Fiber optic,80.35,3,False,False,Month-to-month,Electronic check,False,True,253.8,False,Yes,Fiber optic0Month-to-month,False,Male,True,No,Yes,0.9089546948722131
73.0,1,1977-STDKI,False,No,True,Fiber optic,73.0,1,False,False,Month-to-month,Electronic check,False,False,73.0,False,Yes,Fiber optic1Month-to-month,False,Female,True,Yes,Yes,0.9068670138087582
89.89999999999999,0,2845-HSJCY,True,Yes,False,Fiber optic,87.25,14,True,False,Month-to-month,Electronic check,False,True,1258.6,True,Yes,Fiber optic0Month-to-month,False,Female,True,Yes,Yes,0.8423329657083591
20.55,0,9708-KFDBY,False,No,False,No,20.55,1,False,False,Month-to-month,Credit card (automatic),False,False,20.55,False,Yes,No0Month-to-month,False,Male,False,No,Yes,0.5618031258491831
89.35,0,4273-MBHYA,False,No,False,Fiber optic,89.35,1,False,True,Month-to-month,Electronic check,False,True,89.35,True,Yes,Fiber optic0Month-to-month,False,Female,True,No,Yes,0.9488441128221132
20.65,0,2480-JZOSN,True,No,False,No,20.65,1,False,False,Month-to-month,Mailed check,False,False,20.65,False,Yes,No0Month-to-month,False,Female,True,No,Yes,0.6262842706538508
73.575,0,7571-YXDAD,False,Yes,False,Fiber optic,74.9,2,False,False,Month-to-month,Credit card (automatic),False,False,147.15,False,Yes,Fiber optic0Month-to-month,False,Female,False,Yes,Yes,0.8717875590936135
50.6,0,2947-DOMLJ,False,No,False,DSL,50.6,1,False,False,Month-to-month,Mailed check,True,False,50.6,True,Yes,DSL0Month-to-month,False,Male,False,Yes,Yes,0.6435307573616967
75.55,0,5043-TRZWM,False,No,False,Fiber optic,75.55,1,True,False,Month-to-month,Electronic check,False,False,75.55,False,Yes,Fiber optic0Month-to-month,False,Female,False,No,Yes,0.8812418172513606
80.33846153846154,0,5998-VVEJY,False,Yes,False,Fiber optic,80.5,26,False,False,Month-to-month,Electronic check,False,False,2088.8,False,Yes,Fiber optic0Month-to-month,True,Male,True,Yes,Yes,0.6116973217952034
85.946875,1,1268-ASBGA,True,Yes,False,Fiber optic,85.35,16,False,False,Month-to-month,Credit card (automatic),False,True,1375.15,False,Yes,Fiber optic1Month-to-month,False,Female,True,Yes,Yes,0.8472756966481455
50.728571428571435,0,1848-LBZHY,True,No,False,DSL,50.3,7,False,False,Month-to-month,Bank transfer (automatic),True,False,355.1,False,Yes,DSL0Month-to-month,False,Female,True,No,Yes,0.54984545908877
100.30416666666667,0,7079-QRCBC,False,Yes,False,Fiber optic,98.75,24,True,True,Month-to-month,Electronic check,False,True,2407.3,False,Yes,Fiber optic0Month-to-month,False,Female,True,Yes,Yes,0.8581765624837062
56.675,0,5493-SDRDQ,False,No,False,DSL,55.1,2,True,False,Month-to-month,Mailed check,True,False,113.35,False,Yes,DSL0Month-to-month,False,Male,True,Yes,Yes,0.6652989107012544
69.61666666666666,0,7379-POKDZ,True,No,False,Fiber optic,70.3,3,False,False,Month-to-month,Electronic check,False,False,208.85,False,Yes,Fiber optic0Month-to-month,False,Male,True,Yes,Yes,0.8796537993855303
42.15,0,5669-SRAIP,False,No phone service,False,DSL,39.5,5,True,False,Month-to-month,Electronic check,False,True,210.75,False,No,DSL0Month-to-month,False,Female,False,Yes,Yes,0.7906148765251036
105.32272727272726,0,8429-XIBUM,False,Yes,False,Fiber optic,101.35,22,False,True,Month-to-month,Bank transfer (automatic),True,True,2317.1,False,Yes,Fiber optic0Month-to-month,False,Male,True,Yes,Yes,0.7398046937267109
90.75,0,2725-KXXWT,True,No,False,Fiber optic,90.75,1,False,True,Month-to-month,Electronic check,False,True,90.75,False,Yes,Fiber optic0Month-to-month,False,Male,True,Yes,Yes,0.9539328516541121
91.20555555555556,0,1194-HVAIF,True,Yes,False,Fiber optic,95.0,27,False,True,Month-to-month,Credit card (automatic),False,True,2462.55,False,Yes,Fiber optic0Month-to-month,False,Female,False,No,Yes,0.6602305842599557
95.55,0,2990-HWIML,False,No,False,Fiber optic,89.5,6,False,True,Month-to-month,Electronic check,False,True,573.3,False,Yes,Fiber optic0Month-to-month,False,Female,True,Yes,Yes,0.9195020404622826
75.77083333333333,0,6178-KFNHS,False,Yes,False,Fiber optic,78.3,12,False,False,Month-to-month,Electronic check,True,False,909.25,True,Yes,Fiber optic0Month-to-month,False,Female,True,Yes,Yes,0.7585873824960223
86.31071428571428,0,1670-SVOWZ,True,No,True,Fiber optic,89.65,14,False,False,Month-to-month,Credit card (automatic),False,True,1208.35,True,Yes,Fiber optic0Month-to-month,True,Female,True,Yes,Yes,0.5733254346513027
73.15625,0,5839-SUYVZ,False,No,False,Fiber optic,74.55,16,False,False,Month-to-month,Credit card (automatic),False,False,1170.5,False,Yes,Fiber optic0Month-to-month,True,Male,True,No,Yes,0.5973444979224228
64.83421052631579,0,0297-RBCSG,False,No,True,DSL,65.35,19,False,False,One year,Bank transfer (automatic),False,True,1231.85,False,Yes,DSL0One year,True,Male,True,No,Yes,0.5286174208515118
96.17857142857143,0,3811-VBYBZ,False,Yes,True,Fiber optic,99.8,7,False,True,Month-to-month,Electronic check,False,True,673.25,False,Yes,Fiber optic0Month-to-month,False,Male,True,Yes,Yes,0.9379214981123081
86.70769230769231,1,1564-NTYXF,False,Yes,False,Fiber optic,82.0,13,False,False,Month-to-month,Electronic check,False,True,1127.2,False,Yes,Fiber optic1Month-to-month,False,Female,True,Yes,Yes,0.8958621052571786
89.69186046511628,1,2856-NNASM,False,No,False,Fiber optic,89.55,43,False,True,Month-to-month,Mailed check,False,True,3856.75,False,Yes,Fiber optic1Month-to-month,False,Male,True,Yes,Yes,0.6506242056196825
94.595,0,6212-ATMLK,False,Yes,False,Fiber optic,95.7,50,False,True,Month-to-month,Electronic check,False,True,4729.75,False,Yes,Fiber optic0Month-to-month,False,Female,True,No,Yes,0.6818180007322425
43.54,0,3580-REOAC,False,No,False,DSL,44.85,10,False,False,Month-to-month,Credit card (automatic),False,False,435.4,False,Yes,DSL0Month-to-month,False,Male,True,Yes,Yes,0.5448483017429638
76.89047619047619,1,3714-JTVOV,True,No,False,Fiber optic,74.15,42,False,False,Month-to-month,Credit card (automatic),True,False,3229.4,False,Yes,Fiber optic1Month-to-month,False,Female,True,Yes,Yes,0.6071976372885752
79.9625,0,0793-TWELN,False,Yes,False,Fiber optic,80.15,4,False,False,Month-to-month,Electronic check,True,False,319.85,False,Yes,Fiber optic0Month-to-month,False,Female,True,No,Yes,0.8720210708353637
70.51923076923077,1,2398-YPMUR,True,No,False,Fiber optic,70.15,13,False,False,Month-to-month,Electronic check,False,False,916.75,False,Yes,Fiber optic1Month-to-month,False,Female,True,Yes,Yes,0.7761778927671722
85.41666666666667,1,1980-KXVPM,False,Yes,False,Fiber optic,75.05,3,False,False,Month-to-month,Credit card (automatic),False,False,256.25,False,Yes,Fiber optic1Month-to-month,False,Female,True,Yes,Yes,0.9184516556252701
82.76818181818182,1,4824-GUCBY,False,No,True,Fiber optic,81.7,22,False,False,Month-to-month,Electronic check,True,False,1820.9,False,Yes,Fiber optic1Month-to-month,False,Female,False,No,Yes,0.5318313617900943
49.95,0,0430-IHCDJ,False,Yes,False,DSL,49.0,15,False,False,Month-to-month,Electronic check,False,False,749.25,False,Yes,DSL0Month-to-month,False,Male,True,No,Yes,0.6263386011383419
24.0125,0,5650-VDUDS,False,No phone service,False,DSL,24.25,4,False,False,Month-to-month,Mailed check,False,False,96.05,False,No,DSL0Month-to-month,False,Female,True,Yes,Yes,0.602788311090839
56.48846153846154,0,4640-UHDOS,True,No,False,DSL,55.95,13,False,False,Month-to-month,Electronic check,False,True,734.35,True,Yes,DSL0Month-to-month,False,Female,False,Yes,Yes,0.5001476280912163
99.221875,1,1075-BGWOH,True,Yes,False,Fiber optic,98.75,16,True,True,Month-to-month,Electronic check,False,True,1587.55,False,Yes,Fiber optic1Month-to-month,False,Male,True,Yes,Yes,0.901119895442883
83.07000000000001,0,4547-KQRTM,False,Yes,True,Fiber optic,80.05,10,False,False,Month-to-month,Bank transfer (automatic),False,False,830.7,False,Yes,Fiber optic0Month-to-month,False,Female,True,Yes,Yes,0.7913962567093628
45.55,0,3566-HJGPK,False,No,False,DSL,45.55,1,False,False,Month-to-month,Mailed check,False,False,45.55,False,Yes,DSL0Month-to-month,False,Male,True,No,Yes,0.7101898643264432
36.233333333333334,0,4430-UZIPO,False,No phone service,True,DSL,36.85,3,False,False,Month-to-month,Mailed check,False,False,108.7,False,No,DSL0Month-to-month,True,Male,True,Yes,Yes,0.6632870527300825
43.38,0,6633-MPWBS,False,No,False,DSL,49.2,5,False,False,Month-to-month,Electronic check,False,False,216.9,False,Yes,DSL0Month-to-month,True,Male,True,Yes,Yes,0.7406456063367315
81.225,0,0637-KVDLV,False,Yes,False,Fiber optic,76.5,2,False,False,Month-to-month,Electronic check,False,False,162.45,False,Yes,Fiber optic0Month-to-month,False,Male,True,Yes,Yes,0.9377349968046954
82.83125,0,9367-WXLCH,False,Yes,False,Fiber optic,84.5,8,False,False,Month-to-month,Bank transfer (automatic),False,True,662.65,False,Yes,Fiber optic0Month-to-month,False,Male,False,Yes,Yes,0.7343242033241543
100.43088235294118,0,6116-RFVHN,True,Yes,False,Fiber optic,100.45,34,True,True,Month-to-month,Electronic check,False,True,3414.65,False,Yes,Fiber optic0Month-to-month,False,Female,True,No,Yes,0.850390212739789
85.90652173913043,1,2504-DSHIH,True,Yes,False,Fiber optic,86.8,23,False,False,Month-to-month,Electronic check,False,True,1975.85,False,Yes,Fiber optic1Month-to-month,False,Male,False,No,Yes,0.800588367254101
97.90352112676055,1,2674-MLXMN,False,Yes,True,Fiber optic,99.65,71,False,True,Month-to-month,Credit card (automatic),False,True,6951.15,False,Yes,Fiber optic1Month-to-month,False,Female,True,No,Yes,0.6929709156625259
99.23695652173912,1,1751-NCDLI,True,Yes,False,Fiber optic,98.85,46,True,True,Month-to-month,Electronic check,False,True,4564.9,False,Yes,Fiber optic1Month-to-month,False,Male,True,No,Yes,0.897703329230095
70.59295774647887,1,9470-YFUYI,True,No,True,DSL,71.0,71,False,True,One year,Bank transfer (automatic),True,False,5012.1,False,Yes,DSL1One year,True,Male,True,No,Yes,0.5210658475098424
48.723076923076924,0,7470-MCQTK,True,No phone service,False,DSL,48.75,13,True,True,Month-to-month,Bank transfer (automatic),False,True,633.4,False,No,DSL0Month-to-month,False,Female,True,Yes,Yes,0.7207425171235187
19.95,0,6286-SUUWT,False,No,False,No,19.95,1,False,False,Month-to-month,Mailed check,False,False,19.95,False,Yes,No0Month-to-month,False,Male,False,No,Yes,0.549460242552599
82.43125,0,7994-UYIVZ,True,Yes,False,Fiber optic,85.65,8,False,False,Month-to-month,Bank transfer (automatic),False,True,659.45,False,Yes,Fiber optic0Month-to-month,False,Male,True,No,Yes,0.8199009934284487
70.0,0,5583-SXDAG,True,No,False,Fiber optic,70.0,1,False,False,Month-to-month,Electronic check,False,False,70.0,False,Yes,Fiber optic0Month-to-month,False,Male,False,Yes,Yes,0.8620777090513092
89.9,0,3027-ZTDHO,False,No,False,Fiber optic,89.9,1,False,True,Month-to-month,Electronic check,False,True,89.9,False,Yes,Fiber optic0Month-to-month,False,Male,True,Yes,Yes,0.9496298728379898
88.0529411764706,1,1792-UXAFY,False,No,True,Fiber optic,89.15,17,True,True,Month-to-month,Electronic check,False,False,1496.9,False,Yes,Fiber optic1Month-to-month,False,Female,True,Yes,Yes,0.6635057250115022
94.33970588235294,0,6393-WRYZE,True,Yes,False,Fiber optic,97.65,34,False,True,Month-to-month,Electronic check,False,True,3207.55,False,Yes,Fiber optic0Month-to-month,False,Female,True,Yes,Yes,0.8298626762574772
23.75,1,8263-JQAIK,False,No phone service,False,DSL,24.45,2,False,False,Month-to-month,Mailed check,False,False,47.5,False,No,DSL1Month-to-month,False,Male,True,Yes,Yes,0.9321122237643101
84.185,0,7929-DMBCV,True,No,False,Fiber optic,81.0,20,True,False,Month-to-month,Mailed check,False,False,1683.7,False,Yes,Fiber optic0Month-to-month,True,Female,True,No,Yes,0.5346498771299979
97.36388888888888,1,1658-BYGOY,False,Yes,False,Fiber optic,95.45,18,False,True,Month-to-month,Electronic check,False,True,1752.55,False,Yes,Fiber optic1Month-to-month,False,Male,True,Yes,Yes,0.8870663375038174
93.99444444444445,0,3096-GKWEB,True,Yes,False,Fiber optic,94.75,18,False,True,Month-to-month,Electronic check,False,True,1691.9,False,Yes,Fiber optic0Month-to-month,False,Male,True,No,Yes,0.8810271794891081
83.74358974358974,0,6986-IJDHX,True,No,True,Fiber optic,86.3,39,False,True,Month-to-month,Mailed check,False,False,3266.0,True,Yes,Fiber optic0Month-to-month,False,Male,True,Yes,Yes,0.5335851651790545
101.81315789473685,0,7825-ECJRF,False,No,False,Fiber optic,106.6,19,True,True,Month-to-month,Electronic check,True,True,1934.45,False,Yes,Fiber optic0Month-to-month,True,Female,True,Yes,Yes,0.7660604960022122
111.55,1,1400-MMYXY,True,Yes,True,Fiber optic,105.9,3,True,True,Month-to-month,Electronic check,False,True,334.65,False,Yes,Fiber optic1Month-to-month,False,Male,True,Yes,Yes,0.969042145882508
40.050000000000004,0,3945-GFWQL,False,No,False,DSL,44.55,12,False,False,Month-to-month,Electronic check,False,False,480.6,True,Yes,DSL0Month-to-month,False,Female,True,Yes,Yes,0.6783928276822324
89.625,1,4695-WJZUE,False,Yes,False,Fiber optic,88.55,2,True,False,Month-to-month,Electronic check,False,True,179.25,False,Yes,Fiber optic1Month-to-month,False,Female,True,Yes,Yes,0.9620485616030628
61.9,0,7394-LWLYN,False,No,False,Fiber optic,70.15,2,False,False,Month-to-month,Electronic check,False,False,123.8,False,Yes,Fiber optic0Month-to-month,False,Female,True,No,Yes,0.8709771421721959
73.05555555555556,0,5895-QSXOD,False,No,False,Fiber optic,70.05,9,False,False,Month-to-month,Mailed check,False,False,657.5,False,Yes,Fiber optic0Month-to-month,False,Male,False,No,Yes,0.5880064373528824
30.016666666666666,0,5156-UMKOW,False,No phone service,True,DSL,29.65,3,False,False,Month-to-month,Mailed check,False,False,90.05,True,No,DSL0Month-to-month,False,Female,False,No,Yes,0.6043183718391183
104.80952380952381,0,1343-EHPYB,True,Yes,True,Fiber optic,103.4,63,True,True,Month-to-month,Electronic check,False,True,6603.0,False,Yes,Fiber optic0Month-to-month,False,Male,True,Yes,Yes,0.7056425104979598
43.9125,1,1271-SJBGZ,False,No phone service,False,DSL,43.65,12,True,False,Month-to-month,Electronic check,False,True,526.95,False,No,DSL1Month-to-month,True,Male,True,Yes,Yes,0.5729678736415875
73.640625,1,7503-QQRVF,True,No,True,Fiber optic,74.3,16,False,False,Month-to-month,Credit card (automatic),False,False,1178.25,False,Yes,Fiber optic1Month-to-month,False,Male,True,Yes,Yes,0.7052451241662789
82.5576923076923,0,5226-NOZFC,False,No,True,Fiber optic,85.75,26,False,True,Month-to-month,Electronic check,False,False,2146.5,False,Yes,Fiber optic0Month-to-month,False,Male,True,No,Yes,0.633650509588665
103.63936170212766,1,8634-MPHTR,True,Yes,False,Fiber optic,100.05,47,True,True,Month-to-month,Electronic check,False,True,4871.05,False,Yes,Fiber optic1Month-to-month,False,Male,True,Yes,Yes,0.925087751325973
76.515,0,5606-AMZBO,True,Yes,False,Fiber optic,78.15,10,False,False,Month-to-month,Credit card (automatic),True,False,765.15,False,Yes,Fiber optic0Month-to-month,False,Female,True,No,Yes,0.7544532229371872
57.660714285714285,1,8495-PRWFH,False,Yes,False,DSL,55.65,42,True,False,Month-to-month,Electronic check,False,False,2421.75,False,Yes,DSL1Month-to-month,False,Female,False,No,Yes,0.8468097253845855
104.1236842105263,0,8378-LKJAF,True,Yes,False,Fiber optic,101.15,38,True,True,Month-to-month,Credit card (automatic),False,True,3956.7,True,Yes,Fiber optic0Month-to-month,False,Male,True,No,Yes,0.7672368361459456
69.65,1,4871-JTKJF,False,No,False,Fiber optic,69.65,1,False,False,Month-to-month,Electronic check,False,False,69.65,False,Yes,Fiber optic1Month-to-month,False,Female,True,Yes,Yes,0.8818845002689957
91.42999999999999,1,8337-UPOAQ,True,Yes,False,Fiber optic,89.8,10,True,False,Month-to-month,Electronic check,False,True,914.3,False,Yes,Fiber optic1Month-to-month,False,Male,True,Yes,Yes,0.9346033247863809
82.21206896551725,0,6311-UEUME,False,No,False,Fiber optic,78.9,29,False,True,Month-to-month,Electronic check,False,False,2384.15,False,Yes,Fiber optic0Month-to-month,False,Female,True,Yes,Yes,0.7290943470130284
68.25,0,3376-BMGFE,False,No,False,Fiber optic,70.9,4,False,False,Month-to-month,Bank transfer (automatic),False,False,273.0,False,Yes,Fiber optic0Month-to-month,False,Female,True,Yes,Yes,0.8140169408038399
52.425000000000004,0,0096-BXERS,True,Yes,False,DSL,50.35,6,False,False,Month-to-month,Electronic check,False,False,314.55,False,Yes,DSL0Month-to-month,False,Female,False,No,Yes,0.6998423484622311
75.57857142857142,1,5599-HVLTW,False,Yes,False,Fiber optic,80.35,14,True,False,Month-to-month,Bank transfer (automatic),False,False,1058.1,False,Yes,Fiber optic1Month-to-month,False,Female,True,No,Yes,0.828346067039453
77.5923076923077,0,5228-EXCET,False,No,False,Fiber optic,80.85,13,False,False,Month-to-month,Electronic check,False,True,1008.7,False,Yes,Fiber optic0Month-to-month,False,Male,True,Yes,Yes,0.7774494408043214
92.94500000000001,0,2657-VPXTA,True,No,False,Fiber optic,88.85,10,False,True,Month-to-month,Electronic check,False,True,929.45,True,Yes,Fiber optic0Month-to-month,False,Female,True,No,Yes,0.878277610762678
20.05,0,8749-CLJXC,False,No,False,No,20.05,1,False,False,Month-to-month,Mailed check,False,False,20.05,False,Yes,No0Month-to-month,False,Male,False,No,Yes,0.5463651125465656
93.3,0,6521-YYTYI,False,Yes,False,Fiber optic,93.3,1,False,True,Month-to-month,Electronic check,False,True,93.3,True,Yes,Fiber optic0Month-to-month,False,Male,True,Yes,Yes,0.9667304454272682
76.88076923076923,0,5899-MQZZL,False,Yes,False,Fiber optic,75.0,13,False,False,Month-to-month,Mailed check,False,False,999.45,False,Yes,Fiber optic0Month-to-month,False,Female,True,Yes,Yes,0.7809405298605078
72.075,0,7760-OYPDY,False,No,False,Fiber optic,80.65,2,False,True,Month-to-month,Electronic check,False,False,144.15,False,Yes,Fiber optic0Month-to-month,False,Female,True,Yes,Yes,0.9306263157733768
49.9,0,1406-PUQVY,False,No,True,DSL,49.9,1,False,False,Month-to-month,Electronic check,False,False,49.9,True,Yes,DSL0Month-to-month,False,Male,True,No,Yes,0.7509923114651504
42.55,1,3798-EPWRR,False,No,False,DSL,43.95,2,False,False,Month-to-month,Electronic check,False,False,85.1,False,Yes,DSL1Month-to-month,False,Female,False,No,Yes,0.862213779382603
93.93780487804878,1,5439-WIKXB,True,No,True,Fiber optic,94.55,41,False,True,Month-to-month,Electronic check,False,True,3851.45,False,Yes,Fiber optic1Month-to-month,False,Male,True,No,Yes,0.756162106467081
70.6,1,8309-IEYJD,False,No,False,Fiber optic,70.6,1,False,False,Month-to-month,Mailed check,False,False,70.6,False,Yes,Fiber optic1Month-to-month,False,Female,True,No,Yes,0.8423018632678729
45.85,0,3165-HDOEW,True,No,False,DSL,45.85,1,False,False,Month-to-month,Mailed check,False,False,45.85,True,Yes,DSL0Month-to-month,False,Male,True,Yes,Yes,0.6972812143493105
86.69999999999999,0,3223-WZWJM,False,Yes,False,Fiber optic,83.95,26,False,False,Month-to-month,Electronic check,False,True,2254.2,False,Yes,Fiber optic0Month-to-month,False,Male,True,Yes,Yes,0.7211604066587092
45.55,0,3097-NNSPB,False,No,True,DSL,49.05,2,False,False,Month-to-month,Credit card (automatic),False,False,91.1,False,Yes,DSL0Month-to-month,False,Female,True,Yes,Yes,0.7147419024377767
35.55,0,0841-NULXI,False,No phone service,False,DSL,35.55,1,False,False,Month-to-month,Electronic check,False,True,35.55,False,No,DSL0Month-to-month,False,Male,True,Yes,Yes,0.8741860862355829
89.57162162162163,0,2824-MYYBN,True,Yes,False,Fiber optic,95.25,37,False,True,Month-to-month,Electronic check,False,True,3314.15,True,Yes,Fiber optic0Month-to-month,False,Female,True,No,Yes,0.8028285508022756
81.05,0,2018-QKYGT,True,No,False,Fiber optic,81.05,1,False,False,Month-to-month,Electronic check,False,True,81.05,True,Yes,Fiber optic0Month-to-month,False,Male,True,No,Yes,0.9239802287284054
112.75,0,2731-GJRDG,False,Yes,False,Fiber optic,109.55,32,True,True,One year,Bank transfer (automatic),True,True,3608.0,False,Yes,Fiber optic0One year,True,Female,True,No,Yes,0.706863926131079
46.510000000000005,0,2075-RMJIK,True,No,False,DSL,49.4,5,False,False,Month-to-month,Mailed check,True,False,232.55,True,Yes,DSL0Month-to-month,False,Female,True,No,Yes,0.6290587953020871
105.10000000000001,0,0329-GTIAJ,False,No,True,Fiber optic,97.9,3,False,True,Month-to-month,Electronic check,False,True,315.3,False,Yes,Fiber optic0Month-to-month,True,Female,True,Yes,Yes,0.930210846468012
88.97222222222223,0,2027-CWDNU,True,No,False,Fiber optic,85.6,18,False,False,Month-to-month,Electronic check,False,True,1601.5,True,Yes,Fiber optic0Month-to-month,True,Male,True,No,Yes,0.6491764743103161
108.61442307692307,1,9278-VZKCD,True,Yes,True,Fiber optic,109.1,52,True,True,Month-to-month,Electronic check,True,True,5647.95,False,Yes,Fiber optic1Month-to-month,False,Female,True,No,Yes,0.6199109318771464
52.11666666666667,0,5600-PDUJF,False,No,False,DSL,49.5,6,False,False,Month-to-month,Credit card (automatic),False,False,312.7,False,Yes,DSL0Month-to-month,True,Male,True,No,Yes,0.557903046434972
76.4984375,0,9465-RWMXL,True,Yes,False,Fiber optic,78.9,32,True,False,Month-to-month,Electronic check,False,False,2447.95,False,Yes,Fiber optic0Month-to-month,False,Male,True,Yes,Yes,0.7175976980066662
83.85,0,5569-KGJHX,True,Yes,False,Fiber optic,85.35,9,False,True,Month-to-month,Bank transfer (automatic),False,False,754.65,True,Yes,Fiber optic0Month-to-month,False,Female,True,Yes,Yes,0.8509028620536284
84.1,0,2034-GDRCN,False,No,False,Fiber optic,90.4,2,False,True,Month-to-month,Electronic check,False,True,168.2,False,Yes,Fiber optic0Month-to-month,False,Female,True,Yes,Yes,0.9348194299691537
100.92125,0,0093-XWZFY,False,Yes,True,Fiber optic,104.5,40,True,True,Month-to-month,Credit card (automatic),False,True,4036.85,False,Yes,Fiber optic0Month-to-month,False,Male,True,Yes,Yes,0.7825727546205405
84.525,0,1602-IJQQE,False,Yes,False,Fiber optic,75.35,4,False,False,Month-to-month,Electronic check,False,False,338.1,False,Yes,Fiber optic0Month-to-month,False,Female,False,Yes,Yes,0.891182439291542
51.88333333333333,0,4398-HSCJH,False,Yes,False,DSL,63.6,3,False,True,Month-to-month,Electronic check,False,False,155.65,False,Yes,DSL0Month-to-month,True,Female,True,Yes,Yes,0.6754126744544626
33.6,0,6917-IAYHD,False,No phone service,True,DSL,33.6,1,False,False,Month-to-month,Mailed check,False,False,33.6,True,No,DSL0Month-to-month,True,Male,False,No,Yes,0.6441850844418319
71.9962962962963,1,9365-SRSZE,True,No,False,Fiber optic,70.55,27,False,False,Month-to-month,Electronic check,False,False,1943.9,False,Yes,Fiber optic1Month-to-month,False,Male,True,No,Yes,0.6613689482390174
108.17019230769232,0,4484-GLZOU,True,Yes,True,Fiber optic,105.05,52,True,True,Month-to-month,Electronic check,False,True,5624.85,False,Yes,Fiber optic0Month-to-month,False,Female,True,Yes,Yes,0.6424250831393294
102.37118644067796,0,4523-WXCEF,True,Yes,True,Fiber optic,101.1,59,False,True,Month-to-month,Electronic check,False,True,6039.9,False,Yes,Fiber optic0Month-to-month,False,Female,False,Yes,Yes,0.5971053956869865
79.9,0,1285-OKIPP,False,No,False,Fiber optic,79.9,1,False,False,Month-to-month,Electronic check,False,True,79.9,False,Yes,Fiber optic0Month-to-month,False,Male,False,Yes,Yes,0.8885062436432164
44.4,0,0415-MOSGF,False,No,False,DSL,44.4,1,False,False,Month-to-month,Mailed check,False,False,44.4,False,Yes,DSL0Month-to-month,False,Female,False,Yes,Yes,0.677891118987217
106.29838709677419,0,7572-KPVKK,False,Yes,False,Fiber optic,104.05,62,True,True,Two year,Electronic check,False,True,6590.5,True,Yes,Fiber optic0Two year,True,Male,True,No,Yes,0.5150536492063181
84.88673469387754,1,9681-KYGYB,True,Yes,True,Fiber optic,88.2,49,True,False,Month-to-month,Electronic check,True,False,4159.45,False,Yes,Fiber optic1Month-to-month,False,Male,True,No,Yes,0.6890709375331493
73.65,1,8473-VUVJN,False,Yes,False,Fiber optic,73.65,1,False,False,Month-to-month,Electronic check,False,False,73.65,False,Yes,Fiber optic1Month-to-month,False,Male,True,Yes,Yes,0.9392618018927402
69.4,0,7908-QCBCA,True,No,False,Fiber optic,69.4,1,False,False,Month-to-month,Mailed check,False,False,69.4,False,Yes,Fiber optic0Month-to-month,False,Female,True,Yes,Yes,0.8735860533817055
99.99807692307692,0,7714-YXSMB,False,Yes,False,Fiber optic,100.5,26,True,True,Month-to-month,Bank transfer (automatic),False,True,2599.95,False,Yes,Fiber optic0Month-to-month,False,Female,True,No,Yes,0.7977666652483367
99.09848484848484,1,1932-UEDCX,True,Yes,True,Fiber optic,100.6,33,False,True,Month-to-month,Bank transfer (automatic),False,True,3270.25,False,Yes,Fiber optic1Month-to-month,False,Male,True,No,Yes,0.7233088674701537
19.4,0,9629-NHXFW,True,No,False,No,19.4,1,False,False,Month-to-month,Mailed check,False,False,19.4,True,Yes,No0Month-to-month,False,Female,True,No,Yes,0.5560099061200615
81.2,0,3797-FKOGQ,False,Yes,False,Fiber optic,86.2,11,False,False,Month-to-month,Electronic check,False,True,893.2,True,Yes,Fiber optic0Month-to-month,False,Male,False,No,Yes,0.7235118036358104
47.640625,0,2810-FTLEM,False,No,False,DSL,50.15,16,False,False,Month-to-month,Electronic check,True,False,762.25,False,Yes,DSL0Month-to-month,False,Female,True,Yes,Yes,0.5561662395953164
94.11785714285715,0,6284-KMNUF,True,Yes,False,Fiber optic,98.0,56,False,True,One year,Electronic check,True,True,5270.6,False,Yes,Fiber optic0One year,False,Female,True,No,Yes,0.6694866109796392
76.35,0,8943-URTMR,False,No,False,Fiber optic,79.65,2,False,True,Month-to-month,Mailed check,False,False,152.7,False,Yes,Fiber optic0Month-to-month,False,Female,True,Yes,Yes,0.9056196685950288
80.84,0,5685-IIXLY,True,No,True,Fiber optic,83.6,5,False,False,Month-to-month,Electronic check,False,True,404.2,True,Yes,Fiber optic0Month-to-month,False,Female,True,Yes,Yes,0.8513309509224921
97.2625,0,3585-ISXZP,False,Yes,False,Fiber optic,95.65,8,False,True,Month-to-month,Bank transfer (automatic),False,True,778.1,False,Yes,Fiber optic0Month-to-month,False,Female,False,Yes,Yes,0.8635422811230427
38.8375,0,7396-VJUZB,True,No,False,DSL,45.25,4,False,False,Month-to-month,Mailed check,False,False,155.35,True,Yes,DSL0Month-to-month,False,Male,False,No,Yes,0.6610528343374423
51.86224489795919,0,7614-QVWQL,True,No phone service,True,DSL,51.8,49,False,True,One year,Bank transfer (automatic),False,True,2541.25,True,No,DSL0One year,False,Male,True,Yes,Yes,0.5382977737149554
77.5625,0,2359-KMGLI,False,Yes,True,Fiber optic,80.25,24,False,False,Month-to-month,Electronic check,False,False,1861.5,False,Yes,Fiber optic0Month-to-month,False,Male,True,Yes,Yes,0.6911891089125763
78.94166666666666,0,3096-IZETN,False,No,False,Fiber optic,78.1,12,False,False,Month-to-month,Bank transfer (automatic),False,True,947.3,False,Yes,Fiber optic0Month-to-month,False,Female,False,Yes,Yes,0.6631656535263049
33.333333333333336,0,2011-TRQYE,False,No phone service,True,DSL,33.5,18,True,False,Month-to-month,Credit card (automatic),False,False,600.0,False,No,DSL0Month-to-month,False,Male,True,Yes,Yes,0.5006730223828251
96.88333333333334,1,7268-IGMFD,False,Yes,False,Fiber optic,93.9,18,True,True,Month-to-month,Bank transfer (automatic),False,False,1743.9,False,Yes,Fiber optic1Month-to-month,True,Male,False,No,Yes,0.6117711576718198
77.82073170731708,0,2669-QVCRG,False,Yes,False,Fiber optic,81.3,41,False,False,Month-to-month,Credit card (automatic),True,False,3190.65,False,Yes,Fiber optic0Month-to-month,False,Female,True,No,Yes,0.5463472729817689
98.72173913043478,1,7641-EUYET,True,Yes,True,Fiber optic,100.7,46,True,True,Month-to-month,Electronic check,True,False,4541.2,True,Yes,Fiber optic1Month-to-month,False,Male,True,Yes,Yes,0.6792257868708877
91.33500000000001,0,9909-IDLEK,True,Yes,True,Fiber optic,96.8,20,False,True,Month-to-month,Mailed check,False,False,1826.7,True,Yes,Fiber optic0Month-to-month,True,Male,False,No,Yes,0.5297933975469211
91.648,1,6595-YGXIT,False,Yes,True,Fiber optic,88.95,25,False,True,Month-to-month,Electronic check,False,False,2291.2,False,Yes,Fiber optic1Month-to-month,False,Male,True,Yes,Yes,0.7491133227358864
74.32000000000001,1,3420-ZDBMA,False,No,False,Fiber optic,71.45,5,False,False,Month-to-month,Mailed check,False,False,371.6,False,Yes,Fiber optic1Month-to-month,False,Male,True,No,Yes,0.8416146226439044
50.9,0,3946-MHCZW,False,No,False,DSL,50.9,1,True,False,Month-to-month,Mailed check,False,False,50.9,False,Yes,DSL0Month-to-month,False,Male,False,Yes,Yes,0.6732529032254565
93.01,0,4236-XPXAV,True,No,True,Fiber optic,99.15,5,False,True,Month-to-month,Mailed check,False,True,465.05,True,Yes,Fiber optic0Month-to-month,True,Female,True,Yes,Yes,0.8444456636846156
79.55,0,1761-AEZZR,False,No,False,Fiber optic,79.55,1,False,True,Month-to-month,Electronic check,False,False,79.55,False,Yes,Fiber optic0Month-to-month,False,Male,True,Yes,Yes,0.9449126329812978
31.35,0,5868-CZJDR,False,No phone service,True,DSL,31.35,1,False,False,Month-to-month,Mailed check,False,False,31.35,True,No,DSL0Month-to-month,False,Male,True,Yes,Yes,0.7060773214808758
49.5,0,4065-JJAVA,False,No,True,DSL,49.5,1,False,False,Month-to-month,Electronic check,False,False,49.5,False,Yes,DSL0Month-to-month,False,Female,False,No,Yes,0.7163935793160633
104.215625,0,2809-ZMYOQ,False,Yes,False,Fiber optic,101.35,32,True,True,Month-to-month,Electronic check,False,True,3334.9,False,Yes,Fiber optic0Month-to-month,False,Female,True,No,Yes,0.8287548669886617
79.81666666666666,0,3191-CSNMG,True,No,False,Fiber optic,80.7,3,False,True,Month-to-month,Electronic check,False,False,239.45,True,Yes,Fiber optic0Month-to-month,False,Female,True,No,Yes,0.925694823067814
55.7,0,3995-WFCSM,False,No,False,DSL,60.85,2,True,False,Month-to-month,Electronic check,False,True,111.4,False,Yes,DSL0Month-to-month,False,Female,False,No,Yes,0.6818352430848489
78.35806451612903,0,8819-IMISP,False,Yes,True,Fiber optic,80.45,31,False,False,Month-to-month,Electronic check,False,False,2429.1,False,Yes,Fiber optic0Month-to-month,False,Male,True,No,Yes,0.6561485184572646
30.566666666666666,0,4592-IWTJI,True,No phone service,False,DSL,29.7,3,False,False,Month-to-month,Credit card (automatic),True,False,91.7,True,No,DSL0Month-to-month,False,Female,False,Yes,Yes,0.657200048686935
71.825,0,7198-GLXTC,False,No,False,Fiber optic,79.0,2,False,True,Month-to-month,Electronic check,False,False,143.65,False,Yes,Fiber optic0Month-to-month,False,Male,False,Yes,Yes,0.8897591150608725
24.2,0,5351-QESIO,False,No phone service,False,DSL,24.2,1,False,False,Month-to-month,Mailed check,False,False,24.2,True,No,DSL0Month-to-month,False,Male,False,No,Yes,0.6033102561097744
81.8515625,1,6259-WJQLC,False,Yes,False,Fiber optic,81.1,32,True,False,Month-to-month,Credit card (automatic),False,False,2619.25,False,Yes,Fiber optic1Month-to-month,False,Male,True,No,Yes,0.6453414522582096
108.18333333333332,1,5956-YHHRX,False,Yes,True,Fiber optic,104.35,21,True,True,Month-to-month,Electronic check,False,True,2271.85,False,Yes,Fiber optic1Month-to-month,False,Male,True,No,Yes,0.892604956979855
77.55322580645162,0,3814-MLAXC,False,Yes,False,Fiber optic,79.85,31,False,False,Month-to-month,Credit card (automatic),False,False,2404.15,False,Yes,Fiber optic0Month-to-month,True,Female,True,Yes,Yes,0.5511539652094539
38.597368421052636,0,5204-QZXPU,False,No phone service,False,DSL,39.65,19,True,True,Month-to-month,Electronic check,False,False,733.35,False,No,DSL0Month-to-month,False,Male,True,Yes,Yes,0.7143497486894623
94.63461538461539,0,0952-KMEEH,False,Yes,False,Fiber optic,98.15,13,False,True,Month-to-month,Mailed check,True,True,1230.25,False,Yes,Fiber optic0Month-to-month,False,Male,False,Yes,Yes,0.7179367898493597
57.35,0,1226-UDFZR,False,No,True,DSL,49.6,2,False,False,Month-to-month,Mailed check,False,False,114.7,False,Yes,DSL0Month-to-month,False,Female,True,Yes,Yes,0.6386078025593723
106.1125,1,1374-DMZUI,False,Yes,False,Fiber optic,94.3,4,False,True,Month-to-month,Electronic check,False,True,424.45,False,Yes,Fiber optic1Month-to-month,False,Female,True,Yes,Yes,0.9897163115514517
76.85,0,6918-UMQCG,False,No,False,Fiber optic,80.2,5,False,True,Month-to-month,Electronic check,False,False,384.25,False,Yes,Fiber optic0Month-to-month,False,Female,False,No,Yes,0.8522281564850199
71.07222222222222,0,4116-TZAQJ,False,No,False,Fiber optic,74.25,9,False,False,Month-to-month,Credit card (automatic),True,False,639.65,False,Yes,Fiber optic0Month-to-month,False,Female,True,Yes,Yes,0.6634675353505748
93.35333333333332,1,9402-ORRAH,False,No,False,Fiber optic,91.5,15,False,True,Month-to-month,Electronic check,False,True,1400.3,False,Yes,Fiber optic1Month-to-month,False,Female,True,No,Yes,0.8188384574087758
68.55,0,6923-JHPMP,False,No,False,Fiber optic,80.45,2,True,False,Month-to-month,Electronic check,True,False,137.1,False,Yes,Fiber optic0Month-to-month,False,Female,True,No,Yes,0.8331264435444583
102.14024390243902,1,1866-RZZQS,False,Yes,False,Fiber optic,98.4,41,True,True,Month-to-month,Electronic check,False,True,4187.75,False,Yes,Fiber optic1Month-to-month,False,Male,True,Yes,Yes,0.9049938543215388
82.34285714285714,0,6551-GNYDG,True,No,False,Fiber optic,80.9,14,False,False,Month-to-month,Bank transfer (automatic),False,True,1152.8,True,Yes,Fiber optic0Month-to-month,False,Female,True,No,Yes,0.7256341766388601
84.25,0,5091-HFAZW,False,No,True,Fiber optic,91.15,2,False,True,Month-to-month,Electronic check,True,False,168.5,False,Yes,Fiber optic0Month-to-month,False,Female,True,No,Yes,0.8690165267313251
102.5,0,0365-BZUWY,True,Yes,True,Fiber optic,102.55,17,True,True,Month-to-month,Electronic check,False,True,1742.5,False,Yes,Fiber optic0Month-to-month,False,Male,True,No,Yes,0.9111535040469732
108.63799999999999,1,2144-BFDSO,True,Yes,True,Fiber optic,108.75,50,True,True,Month-to-month,Bank transfer (automatic),True,True,5431.9,False,Yes,Fiber optic1Month-to-month,False,Female,False,No,Yes,0.5553573290728563
99.04583333333333,0,7982-VCELR,False,No,True,Fiber optic,94.8,36,False,True,Month-to-month,Credit card (automatic),False,True,3565.65,False,Yes,Fiber optic0Month-to-month,False,Female,True,No,Yes,0.6606099184306715
102.7595238095238,0,0654-HMSHN,True,Yes,True,Fiber optic,104.4,21,True,True,Month-to-month,Electronic check,False,True,2157.95,True,Yes,Fiber optic0Month-to-month,False,Male,False,Yes,Yes,0.8166691768158364
45.75,0,7359-PTSXY,False,No,False,DSL,45.75,1,False,False,Month-to-month,Electronic check,False,False,45.75,False,Yes,DSL0Month-to-month,False,Male,False,Yes,Yes,0.7488402561040486
91.02250000000001,0,0611-DFXKO,True,No,False,Fiber optic,89.0,20,False,True,Month-to-month,Mailed check,False,True,1820.45,False,Yes,Fiber optic0Month-to-month,False,Male,True,Yes,Yes,0.7190792226705431
86.0,1,4844-JJWUY,False,No,True,Fiber optic,86.0,1,False,False,Month-to-month,Electronic check,False,True,86.0,False,Yes,Fiber optic1Month-to-month,False,Female,True,Yes,Yes,0.9319274959287716
70.4,0,4759-TRPLW,False,No,False,Fiber optic,70.4,1,False,False,Month-to-month,Electronic check,False,False,70.4,False,Yes,Fiber optic0Month-to-month,False,Male,False,Yes,Yes,0.8545462895218525
96.55,0,6088-BXMRG,True,Yes,True,Fiber optic,98.85,32,False,True,Month-to-month,Electronic check,False,True,3089.6,True,Yes,Fiber optic0Month-to-month,False,Female,True,No,Yes,0.8065730734475653
93.91666666666667,1,3951-NJCVI,True,Yes,False,Fiber optic,95.05,42,False,True,Month-to-month,Electronic check,False,True,3944.5,False,Yes,Fiber optic1Month-to-month,False,Female,True,No,Yes,0.8589652888743584
73.6125,1,1197-BVMVG,False,Yes,False,Fiber optic,74.45,4,False,False,Month-to-month,Electronic check,False,False,294.45,False,Yes,Fiber optic1Month-to-month,False,Female,True,No,Yes,0.9486916075429782
93.64285714285714,0,3874-EQOEP,False,Yes,False,Fiber optic,95.0,7,False,True,Month-to-month,Mailed check,False,True,655.5,False,Yes,Fiber optic0Month-to-month,False,Male,False,Yes,Yes,0.8395799216393571
95.625,1,3319-DWOEP,True,No,False,Fiber optic,95.75,6,True,True,Month-to-month,Electronic check,False,True,573.75,False,Yes,Fiber optic1Month-to-month,False,Male,True,Yes,Yes,0.9303520658343142
94.99666666666667,1,1112-CUNAO,False,Yes,True,Fiber optic,89.85,15,False,False,Month-to-month,Electronic check,False,True,1424.95,False,Yes,Fiber optic1Month-to-month,False,Female,False,Yes,Yes,0.8948444419516659
50.45,0,8280-MQRQN,False,No,False,DSL,50.45,1,True,False,Month-to-month,Mailed check,False,False,50.45,False,Yes,DSL0Month-to-month,False,Female,True,Yes,Yes,0.7474990989390998
108.08913043478262,1,7576-JMYWV,True,Yes,True,Fiber optic,110.2,46,False,True,Month-to-month,Electronic check,True,True,4972.1,True,Yes,Fiber optic1Month-to-month,True,Female,True,No,Yes,0.6005779071365898
69.65,1,8062-YBDOE,False,No,False,Fiber optic,69.65,1,False,False,Month-to-month,Electronic check,False,False,69.65,False,Yes,Fiber optic1Month-to-month,False,Male,True,Yes,Yes,0.8713750943250463
110.33790322580644,0,2272-JKMSI,True,Yes,True,Fiber optic,110.8,62,True,True,One year,Electronic check,False,True,6840.95,True,Yes,Fiber optic0One year,True,Female,True,No,Yes,0.5040768622464207
43.575,0,2495-INZWQ,False,No phone service,False,DSL,44.55,4,False,True,Month-to-month,Electronic check,False,True,174.3,False,No,DSL0Month-to-month,False,Male,True,Yes,Yes,0.8819903955343739
88.29583333333333,0,7613-LLQFO,False,Yes,False,Fiber optic,84.45,12,False,True,Month-to-month,Electronic check,False,False,1059.55,False,Yes,Fiber optic0Month-to-month,False,Male,True,Yes,Yes,0.8828490692206262
73.4625,1,0644-OQMDK,False,No,False,Fiber optic,70.65,4,False,False,Month-to-month,Electronic check,False,False,293.85,False,Yes,Fiber optic1Month-to-month,False,Male,True,No,Yes,0.8929933528153075
74.79523809523809,0,1228-ZLNBX,False,Yes,False,Fiber optic,75.3,21,False,False,Month-to-month,Mailed check,False,False,1570.7,False,Yes,Fiber optic0Month-to-month,False,Male,False,No,Yes,0.5730417640500464
105.30232558139535,0,9600-NAXZN,False,Yes,True,Fiber optic,101.4,43,False,True,Month-to-month,Electronic check,False,True,4528.0,False,Yes,Fiber optic0Month-to-month,False,Male,True,Yes,Yes,0.7635228984834733
51.42916666666667,0,7176-WIONM,True,No phone service,False,DSL,49.85,12,True,True,Month-to-month,Bank transfer (automatic),False,True,617.15,False,No,DSL0Month-to-month,False,Female,True,No,Yes,0.7152875114032593
108.6025,1,4716-HHKQH,True,Yes,True,Fiber optic,107.05,20,False,True,Month-to-month,Electronic check,False,True,2172.05,False,Yes,Fiber optic1Month-to-month,True,Male,False,No,Yes,0.7475083116484342
89.03115942028985,1,1891-FZYSA,True,Yes,True,Fiber optic,89.95,69,False,True,Month-to-month,Electronic check,False,False,6143.15,False,Yes,Fiber optic1Month-to-month,False,Male,True,Yes,Yes,0.5459079351886297
81.36666666666666,0,5122-CYFXA,False,No,True,DSL,75.3,3,False,True,Month-to-month,Electronic check,False,True,244.1,False,Yes,DSL0Month-to-month,True,Female,True,No,Yes,0.5948643203438486
68.975,0,3721-CNEYS,False,No,False,Fiber optic,70.95,2,False,False,Month-to-month,Electronic check,False,False,137.95,False,Yes,Fiber optic0Month-to-month,False,Female,True,Yes,Yes,0.8971004361472485
19.8,0,4892-VLANZ,False,No,False,No,19.8,1,False,False,Month-to-month,Mailed check,False,False,19.8,False,Yes,No0Month-to-month,False,Male,False,Yes,Yes,0.5538802874842008
69.08552631578948,0,9767-FFLEM,False,No,False,Fiber optic,69.5,38,False,False,Month-to-month,Credit card (automatic),False,False,2625.25,False,Yes,Fiber optic0Month-to-month,False,Male,True,No,Yes,0.5736318179568051
20.2,0,2955-PSXOE,False,No,False,No,20.2,1,False,False,Month-to-month,Bank transfer (automatic),False,False,20.2,False,Yes,No0Month-to-month,False,Female,True,Yes,Yes,0.6251528493632189
46.162962962962965,0,2212-LYASK,True,No phone service,True,DSL,45.85,27,True,False,One year,Credit card (automatic),False,True,1246.4,True,No,DSL0One year,False,Male,True,No,Yes,0.5402071736441924
92.16020408163266,1,7481-ATQQS,False,Yes,False,Fiber optic,90.85,49,True,False,Month-to-month,Credit card (automatic),False,True,4515.85,False,Yes,Fiber optic1Month-to-month,False,Female,True,Yes,Yes,0.823349648298309
98.65634920634922,0,7549-MYGPK,True,Yes,True,Fiber optic,100.55,63,True,True,Month-to-month,Electronic check,True,False,6215.35,True,Yes,Fiber optic0Month-to-month,False,Female,True,Yes,Yes,0.5744526701377891
70.85,1,0812-WUPTB,True,No,False,Fiber optic,70.85,1,False,False,Month-to-month,Mailed check,False,False,70.85,False,Yes,Fiber optic1Month-to-month,False,Male,False,Yes,Yes,0.7949286537412656
65.21666666666667,0,4957-TREIR,False,No,False,DSL,64.4,3,False,True,Month-to-month,Credit card (automatic),True,False,195.65,False,Yes,DSL0Month-to-month,True,Male,True,No,Yes,0.5265774162108731
80.0625,1,3372-KWFBM,False,Yes,False,Fiber optic,86.6,16,False,True,Month-to-month,Electronic check,False,False,1281.0,False,Yes,Fiber optic1Month-to-month,False,Male,True,Yes,Yes,0.784837249165629
54.3,0,6907-FLBER,False,Yes,True,DSL,54.3,1,False,False,Month-to-month,Electronic check,False,False,54.3,False,Yes,DSL0Month-to-month,False,Male,False,No,Yes,0.7527248713647533
45.3,0,7568-PODML,False,No phone service,False,DSL,45.3,1,False,True,Month-to-month,Mailed check,False,True,45.3,False,No,DSL0Month-to-month,False,Male,True,Yes,Yes,0.8642419795791687
106.2,0,2081-VEYEH,False,No,True,Fiber optic,107.95,3,True,True,Month-to-month,Electronic check,False,True,318.6,False,Yes,Fiber optic0Month-to-month,True,Male,True,No,Yes,0.9383978345439102
110.0234375,1,3757-NJYBX,True,Yes,True,Fiber optic,106.35,32,True,True,Month-to-month,Bank transfer (automatic),False,True,3520.75,False,Yes,Fiber optic1Month-to-month,False,Male,False,Yes,Yes,0.6664252556193574
42.63,0,0799-DDIHE,True,No,False,DSL,46.3,15,False,False,Month-to-month,Electronic check,False,False,639.45,True,Yes,DSL0Month-to-month,False,Female,False,No,Yes,0.544070869172879
92.77857142857142,0,9919-KNPOO,True,Yes,False,Fiber optic,94.3,21,False,True,Month-to-month,Electronic check,False,True,1948.35,False,Yes,Fiber optic0Month-to-month,False,Female,True,No,Yes,0.8653008565136597
73.0,0,8185-UPYBR,True,Yes,False,Fiber optic,75.5,6,False,False,Month-to-month,Electronic check,False,False,438.0,False,Yes,Fiber optic0Month-to-month,False,Male,True,Yes,Yes,0.8921566891463883
88.71428571428571,0,4355-CVPVS,True,No,False,Fiber optic,88.9,56,False,True,One year,Bank transfer (automatic),False,True,4968.0,True,Yes,Fiber optic0One year,False,Female,False,No,Yes,0.5144506227491006
101.01923076923077,0,7315-WYOAW,False,Yes,False,Fiber optic,100.75,13,False,True,Month-to-month,Electronic check,False,True,1313.25,False,Yes,Fiber optic0Month-to-month,True,Male,False,No,Yes,0.8380033611695472
81.59722222222223,0,0365-GXEZS,True,No,False,Fiber optic,78.2,18,True,False,Month-to-month,Electronic check,False,False,1468.75,False,Yes,Fiber optic0Month-to-month,True,Male,False,No,Yes,0.5550290793707049
50.43333333333334,0,8364-TRMMK,False,Yes,False,DSL,50.65,3,False,False,Month-to-month,Mailed check,False,False,151.3,False,Yes,DSL0Month-to-month,False,Female,True,Yes,Yes,0.7577922862150842
86.140625,0,6127-ISGTU,True,Yes,False,Fiber optic,84.95,16,False,True,Month-to-month,Electronic check,False,False,1378.25,False,Yes,Fiber optic0Month-to-month,False,Female,True,Yes,Yes,0.8747415120927822
83.205,0,1624-WOIWJ,False,No,False,Fiber optic,84.7,10,False,True,Month-to-month,Mailed check,True,False,832.05,False,Yes,Fiber optic0Month-to-month,False,Female,True,Yes,Yes,0.6853469818617235
70.25,0,3244-DCJWY,False,No,False,Fiber optic,70.25,1,False,False,Month-to-month,Electronic check,False,False,70.25,False,Yes,Fiber optic0Month-to-month,False,Female,True,Yes,Yes,0.9125514880472322
72.51666666666667,0,6204-IEUXJ,False,No,False,Fiber optic,80.1,3,True,False,Month-to-month,Credit card (automatic),False,False,217.55,False,Yes,Fiber optic0Month-to-month,True,Female,False,Yes,Yes,0.6946275737436023
19.4,0,2220-IAHLS,False,No,False,No,19.4,1,False,False,Month-to-month,Credit card (automatic),False,False,19.4,False,Yes,No0Month-to-month,False,Female,False,No,Yes,0.6196095803361649
72.9108695652174,0,4816-LXZYW,False,Yes,True,Fiber optic,79.15,23,False,False,Month-to-month,Electronic check,False,False,1676.95,False,Yes,Fiber optic0Month-to-month,False,Female,True,Yes,Yes,0.7309256961257207
81.29509803921569,1,8623-TMRBY,True,Yes,True,Fiber optic,84.2,51,True,False,Month-to-month,Electronic check,False,False,4146.05,True,Yes,Fiber optic1Month-to-month,False,Male,True,Yes,Yes,0.6805099240039819
82.40294117647058,0,2955-BJZHG,True,No,False,Fiber optic,80.85,17,False,True,Month-to-month,Electronic check,False,False,1400.85,True,Yes,Fiber optic0Month-to-month,False,Male,False,Yes,Yes,0.7110261607288277
96.8,0,9546-CQJSU,False,Yes,False,Fiber optic,91.4,2,True,True,Month-to-month,Electronic check,False,False,193.6,False,Yes,Fiber optic0Month-to-month,False,Female,True,Yes,Yes,0.9630776836644532
48.85641025641026,0,4450-YOOHP,False,No phone service,False,DSL,50.65,39,True,True,Month-to-month,Credit card (automatic),False,True,1905.4,False,No,DSL0Month-to-month,False,Female,True,No,Yes,0.7348848102856038
72.55277777777778,0,9903-LYSAB,True,Yes,False,Fiber optic,73.15,18,False,False,Month-to-month,Electronic check,False,False,1305.95,False,Yes,Fiber optic0Month-to-month,False,Male,True,No,Yes,0.8154128577212296
86.55483870967741,0,9777-WJJPR,True,Yes,False,Fiber optic,88.65,31,True,True,Month-to-month,Credit card (automatic),False,False,2683.2,False,Yes,Fiber optic0Month-to-month,False,Male,False,No,Yes,0.5609807634394062
84.72638888888889,0,2362-IBOOY,False,Yes,False,Fiber optic,84.75,36,False,False,Month-to-month,Electronic check,False,True,3050.15,False,Yes,Fiber optic0Month-to-month,False,Male,True,Yes,Yes,0.7163922039086255
92.34,0,8481-YYXWG,False,No,True,Fiber optic,89.35,5,False,False,Month-to-month,Electronic check,False,True,461.7,False,Yes,Fiber optic0Month-to-month,True,Female,True,Yes,Yes,0.8203002730255785
70.65,0,1122-JWTJW,True,No,False,Fiber optic,70.65,1,False,False,Month-to-month,Mailed check,False,False,70.65,True,Yes,Fiber optic0Month-to-month,False,Male,True,Yes,Yes,0.8567793431078626
97.3,0,9057-SIHCH,False,Yes,False,Fiber optic,96.6,3,False,True,Month-to-month,Electronic check,False,True,291.9,False,Yes,Fiber optic0Month-to-month,False,Female,True,Yes,Yes,0.9672435780142977
95.13125000000001,0,9058-MJLZC,False,No,False,Fiber optic,94.6,24,False,True,Month-to-month,Electronic check,True,True,2283.15,False,Yes,Fiber optic0Month-to-month,False,Female,True,No,Yes,0.6813803753275801
88.63090909090909,1,0533-BNWKF,True,Yes,True,Fiber optic,85.45,55,True,False,Month-to-month,Electronic check,False,False,4874.7,False,Yes,Fiber optic1Month-to-month,False,Female,True,Yes,Yes,0.5541480022403962
54.75,0,4074-SJFFA,False,No,False,DSL,54.75,1,False,False,Month-to-month,Mailed check,False,True,54.75,False,Yes,DSL0Month-to-month,False,Female,True,Yes,Yes,0.7483968256684842
84.65,0,7503-ZGUZJ,False,Yes,False,Fiber optic,84.65,1,False,True,Month-to-month,Mailed check,False,False,84.65,False,Yes,Fiber optic0Month-to-month,False,Male,True,Yes,Yes,0.9369231612547518
103.88536585365854,1,2845-AFFTX,True,Yes,False,Fiber optic,99.8,41,True,True,Month-to-month,Electronic check,False,True,4259.3,False,Yes,Fiber optic1Month-to-month,False,Male,True,Yes,Yes,0.9177969164765825
19.3,0,4667-OHGKG,False,No,False,No,19.3,1,False,False,Month-to-month,Mailed check,False,False,19.3,False,Yes,No0Month-to-month,False,Male,True,Yes,Yes,0.6058711532177851
95.81,0,0564-MUUQK,True,Yes,False,Fiber optic,95.5,20,True,False,Month-to-month,Bank transfer (automatic),False,True,1916.2,True,Yes,Fiber optic0Month-to-month,True,Female,True,No,Yes,0.6678060793856451
110.77121212121212,1,3336-JORSO,False,Yes,True,Fiber optic,110.45,33,True,True,Month-to-month,Electronic check,False,True,3655.45,False,Yes,Fiber optic1Month-to-month,True,Female,True,Yes,Yes,0.5895664481721591
84.384375,1,4514-GFCFI,False,Yes,False,Fiber optic,84.75,16,False,True,Month-to-month,Electronic check,False,False,1350.15,False,Yes,Fiber optic1Month-to-month,False,Female,True,Yes,Yes,0.785010493692989
96.475,0,0880-TKATG,True,Yes,False,Fiber optic,101.15,4,True,True,Month-to-month,Electronic check,False,True,385.9,True,Yes,Fiber optic0Month-to-month,False,Male,False,Yes,Yes,0.9409300952631533
90.825,0,0133-BMFZO,False,No,True,Fiber optic,86.25,2,False,False,Month-to-month,Electronic check,True,False,181.65,False,Yes,Fiber optic0Month-to-month,True,Female,True,Yes,Yes,0.7983277873159609
45.19915254237288,0,2478-EEWWM,True,No phone service,False,DSL,44.3,59,False,True,Month-to-month,Electronic check,False,True,2666.75,False,No,DSL0Month-to-month,False,Male,True,No,Yes,0.5623217562425757
79.15,0,2254-DLXRI,False,Yes,True,Fiber optic,79.15,1,False,False,Month-to-month,Mailed check,False,False,79.15,False,Yes,Fiber optic0Month-to-month,False,Female,True,No,Yes,0.9109138241398881
19.3,0,0761-AETCS,False,No,False,No,19.3,1,False,False,Month-to-month,Electronic check,False,False,19.3,False,Yes,No0Month-to-month,False,Female,False,Yes,Yes,0.6932010640845588
98.87777777777778,0,7943-RQCHR,False,Yes,False,Fiber optic,94.75,9,False,True,Month-to-month,Electronic check,False,True,889.9,False,Yes,Fiber optic0Month-to-month,False,Female,True,Yes,Yes,0.9320636414743629
93.85365853658537,0,2359-KLTEK,True,No,False,Fiber optic,94.9,41,True,True,Month-to-month,Bank transfer (automatic),False,True,3848.0,True,Yes,Fiber optic0Month-to-month,False,Female,True,No,Yes,0.6485914335503273
50.65,0,6905-NIQIN,False,No,True,DSL,50.65,1,False,False,Month-to-month,Mailed check,False,False,50.65,False,Yes,DSL0Month-to-month,False,Male,False,Yes,Yes,0.5870156867405045
80.37777777777778,0,0872-NXJYS,False,No,False,Fiber optic,79.55,9,False,False,Month-to-month,Electronic check,False,True,723.4,False,Yes,Fiber optic0Month-to-month,False,Female,True,Yes,Yes,0.8379433175741643
76.5,0,6424-ELEYH,True,Yes,False,Fiber optic,74.75,3,False,False,Month-to-month,Credit card (automatic),False,False,229.5,False,Yes,Fiber optic0Month-to-month,False,Female,True,Yes,Yes,0.9140282938858713
74.3,0,2468-SJFLM,False,No,False,Fiber optic,74.3,1,False,False,Month-to-month,Mailed check,False,False,74.3,False,Yes,Fiber optic0Month-to-month,True,Male,True,No,Yes,0.8294133676591536
80.54583333333333,0,8800-JOOCF,False,Yes,False,Fiber optic,84.05,12,False,True,Month-to-month,Electronic check,False,False,966.55,True,Yes,Fiber optic0Month-to-month,False,Female,True,No,Yes,0.8663805409218666
53.95,0,9732-KPKBW,False,No,False,DSL,53.95,1,False,False,Month-to-month,Electronic check,True,False,53.95,False,Yes,DSL0Month-to-month,True,Male,True,Yes,Yes,0.7404049708686757
41.51111111111111,0,3255-GRXMG,False,No,False,DSL,45.65,18,False,False,Month-to-month,Credit card (automatic),False,False,747.2,True,Yes,DSL0Month-to-month,False,Male,True,No,Yes,0.5145012585532535
93.04655172413793,0,2082-OJVTK,True,Yes,False,Fiber optic,89.2,29,True,False,Month-to-month,Electronic check,False,True,2698.35,True,Yes,Fiber optic0Month-to-month,False,Male,True,Yes,Yes,0.6827044020954518
72.7,0,2983-ZANRP,True,No,True,Fiber optic,73.55,2,False,False,Month-to-month,Bank transfer (automatic),False,False,145.4,True,Yes,Fiber optic0Month-to-month,False,Female,True,Yes,Yes,0.8577697610111749
24.8,0,1024-GUALD,True,No phone service,False,DSL,24.8,1,False,False,Month-to-month,Electronic check,False,False,24.8,False,No,DSL0Month-to-month,False,Female,True,Yes,Yes,0.7593415338682631
101.19054054054054,1,6029-WTIPC,False,Yes,False,Fiber optic,101.1,37,True,True,Month-to-month,Electronic check,False,True,3744.05,False,Yes,Fiber optic1Month-to-month,False,Male,True,Yes,Yes,0.8263124279495377
69.35,0,3428-XZMAZ,False,No,False,Fiber optic,69.35,1,False,False,Month-to-month,Electronic check,False,False,69.35,False,Yes,Fiber optic0Month-to-month,False,Male,True,Yes,Yes,0.9004142827929313
75.14999999999999,1,1658-TJVOA,False,No,False,Fiber optic,74.1,6,False,False,Month-to-month,Electronic check,True,False,450.9,False,Yes,Fiber optic1Month-to-month,False,Female,True,No,Yes,0.8536283135178917
45.65,0,2135-RXIHG,False,No,False,DSL,45.65,1,False,False,Month-to-month,Electronic check,False,False,45.65,False,Yes,DSL0Month-to-month,False,Male,True,Yes,Yes,0.7933914023639128
110.18499999999999,0,4329-YPDDQ,False,No,True,Fiber optic,108.2,20,True,True,Month-to-month,Bank transfer (automatic),True,True,2203.7,False,Yes,Fiber optic0Month-to-month,True,Male,True,No,Yes,0.559081030560337
19.7,0,6615-ZGEDR,False,No,False,No,19.7,1,False,False,Month-to-month,Mailed check,False,False,19.7,False,Yes,No0Month-to-month,False,Male,False,Yes,Yes,0.556677874402946
90.87142857142857,1,2378-HTWFW,False,Yes,False,Fiber optic,91.0,35,False,False,Month-to-month,Credit card (automatic),True,True,3180.5,False,Yes,Fiber optic1Month-to-month,False,Male,False,No,Yes,0.5283748472288656
45.96619718309859,0,7110-BDTWG,True,No phone service,False,DSL,47.05,71,True,False,Two year,Electronic check,False,True,3263.6,False,No,DSL0Two year,True,Female,True,No,Yes,0.522715549467262
49.25,1,9661-MHUMO,True,No,False,DSL,49.25,1,False,False,Month-to-month,Credit card (automatic),False,False,49.25,True,Yes,DSL1Month-to-month,True,Male,True,Yes,Yes,0.7442065301677724
98.71551724137932,1,4902-OHLSK,False,Yes,False,Fiber optic,98.65,29,False,True,Month-to-month,Electronic check,False,True,2862.75,False,Yes,Fiber optic1Month-to-month,True,Female,False,Yes,Yes,0.6780789280626186
74.0,0,2482-CZGBB,False,No,False,Fiber optic,70.0,10,False,False,Month-to-month,Electronic check,False,False,740.0,False,Yes,Fiber optic0Month-to-month,False,Male,True,Yes,Yes,0.7753687331692348
69.13333333333334,0,4983-CCWMC,False,No,False,Fiber optic,69.6,3,False,False,Month-to-month,Mailed check,False,False,207.4,False,Yes,Fiber optic0Month-to-month,False,Male,True,No,Yes,0.8066678897121802
102.08235294117648,0,4097-YODCF,False,Yes,True,Fiber optic,103.8,34,False,True,One year,Electronic check,True,True,3470.8,True,Yes,Fiber optic0One year,False,Male,True,No,Yes,0.681521881900501
79.84268292682927,1,2479-BRAMR,True,Yes,False,Fiber optic,83.75,41,True,False,Month-to-month,Bank transfer (automatic),True,False,3273.55,False,Yes,Fiber optic1Month-to-month,False,Male,True,Yes,Yes,0.6705846251538945
71.65,1,8644-XLFBW,False,No,False,Fiber optic,71.65,1,False,False,Month-to-month,Electronic check,False,False,71.65,False,Yes,Fiber optic1Month-to-month,False,Male,True,Yes,Yes,0.8942750534697144
84.72222222222223,1,8058-JMEQO,False,Yes,False,Fiber optic,84.45,9,False,False,Month-to-month,Electronic check,False,True,762.5,False,Yes,Fiber optic1Month-to-month,False,Female,True,Yes,Yes,0.9333955748332815
95.6413043478261,0,4829-AUOAX,False,Yes,False,Fiber optic,96.05,46,False,True,Month-to-month,Bank transfer (automatic),False,True,4399.5,False,Yes,Fiber optic0Month-to-month,False,Female,False,Yes,Yes,0.5612725861507659
48.050000000000004,1,8648-PFRMP,False,No phone service,False,DSL,46.35,14,False,True,Month-to-month,Electronic check,False,True,672.7,False,No,DSL1Month-to-month,False,Female,True,No,Yes,0.8394516387120917
77.53076923076922,0,6985-HAYWX,True,Yes,True,Fiber optic,79.3,26,False,False,Month-to-month,Bank transfer (automatic),False,False,2015.8,False,Yes,Fiber optic0Month-to-month,False,Female,False,No,Yes,0.5208780058508533
51.65,0,9462-MJUAW,False,Yes,False,DSL,50.4,4,False,False,Month-to-month,Mailed check,False,False,206.6,False,Yes,DSL0Month-to-month,False,Male,False,Yes,Yes,0.6546384097813793
77.88333333333334,0,2325-NBPZG,False,No,False,Fiber optic,74.55,3,False,False,Month-to-month,Electronic check,True,False,233.65,False,Yes,Fiber optic0Month-to-month,False,Female,True,No,Yes,0.8538137888025349
78.27558139534884,0,0475-RIJEP,False,Yes,True,Fiber optic,77.85,43,False,False,Month-to-month,Electronic check,False,False,3365.85,False,Yes,Fiber optic0Month-to-month,False,Male,True,Yes,Yes,0.6885179055286835
77.175,1,9274-CNFMO,True,Yes,False,Fiber optic,74.95,4,False,False,Month-to-month,Electronic check,False,False,308.7,False,Yes,Fiber optic1Month-to-month,False,Male,False,Yes,Yes,0.9268658423209446
69.80714285714285,0,8993-IZEUX,False,No,False,Fiber optic,69.15,7,False,False,Month-to-month,Bank transfer (automatic),False,False,488.65,False,Yes,Fiber optic0Month-to-month,False,Male,False,No,Yes,0.628284177795541
32.980000000000004,1,2408-WITXK,False,No phone service,False,DSL,34.7,10,False,False,Month-to-month,Electronic check,False,True,329.8,False,No,DSL1Month-to-month,False,Female,True,Yes,Yes,0.6615701417011723
55.5625,1,3351-NGXYI,False,Yes,False,DSL,54.1,16,False,False,Month-to-month,Electronic check,True,False,889.0,False,Yes,DSL1Month-to-month,False,Female,True,No,Yes,0.7744817886696564
33.699999999999996,0,3594-KADLU,True,No phone service,False,DSL,35.1,3,False,False,Month-to-month,Mailed check,True,False,101.1,False,No,DSL0Month-to-month,True,Male,False,No,Yes,0.6382542673188827
73.325,0,2897-DOVND,False,No,False,Fiber optic,69.8,2,False,False,Month-to-month,Electronic check,False,False,146.65,False,Yes,Fiber optic0Month-to-month,False,Male,True,No,Yes,0.8931274049981901
69.525,1,5804-LEPIM,False,No,False,Fiber optic,70.35,2,False,False,Month-to-month,Electronic check,False,False,139.05,False,Yes,Fiber optic1Month-to-month,False,Female,True,Yes,Yes,0.8923149461759136
105.05,0,2656-TABEH,True,Yes,True,Fiber optic,100.2,4,False,True,Month-to-month,Electronic check,False,True,420.2,False,Yes,Fiber optic0Month-to-month,False,Male,True,Yes,Yes,0.9629752142089824
100.4909090909091,0,8168-UQWWF,False,Yes,False,Fiber optic,97.85,11,True,True,Month-to-month,Bank transfer (automatic),False,True,1105.4,False,Yes,Fiber optic0Month-to-month,False,Female,True,Yes,Yes,0.9032626903401125
84.45425531914893,1,7248-VZQLC,False,Yes,True,Fiber optic,85.2,47,True,False,Month-to-month,Bank transfer (automatic),False,False,3969.35,False,Yes,Fiber optic1Month-to-month,False,Female,True,Yes,Yes,0.7673326933738657
100.29411764705883,0,4947-DSMXK,True,Yes,True,Fiber optic,97.7,34,False,True,Month-to-month,Bank transfer (automatic),False,True,3410.0,True,Yes,Fiber optic0Month-to-month,False,Male,True,No,Yes,0.7256523797931
42.25,0,7841-TZDMQ,False,No,False,DSL,46.0,2,False,False,Month-to-month,Credit card (automatic),False,False,84.5,False,Yes,DSL0Month-to-month,False,Male,True,Yes,Yes,0.7582705578474536
70.3,0,2446-PLQVO,False,No,False,Fiber optic,70.3,1,False,False,Month-to-month,Electronic check,False,False,70.3,False,Yes,Fiber optic0Month-to-month,False,Male,True,Yes,Yes,0.9046757990536659
76.2375,0,3235-ETOOB,True,No,False,Fiber optic,74.5,8,False,False,Month-to-month,Electronic check,True,False,609.9,False,Yes,Fiber optic0Month-to-month,False,Male,True,Yes,Yes,0.7529436979510243
49.275,0,9644-UMGQA,True,No,False,DSL,49.15,6,False,False,Month-to-month,Electronic check,True,False,295.65,True,Yes,DSL0Month-to-month,False,Male,True,No,Yes,0.6545803846698947
103.20416666666667,0,7783-YKGDV,False,Yes,True,Fiber optic,99.7,12,True,False,Month-to-month,Bank transfer (automatic),True,True,1238.45,False,Yes,Fiber optic0Month-to-month,False,Female,True,Yes,Yes,0.766202149926604
108.40086206896552,1,3424-NMNBO,True,Yes,True,Fiber optic,108.85,58,True,True,One year,Electronic check,True,True,6287.25,False,Yes,Fiber optic1One year,False,Male,True,Yes,Yes,0.797188949743168
20.25,0,4211-MMAZN,False,No,False,No,20.25,1,False,False,Month-to-month,Mailed check,False,False,20.25,False,Yes,No0Month-to-month,False,Male,False,Yes,Yes,0.5398211076536982
47.29571428571428,0,4422-QVIJA,False,Yes,False,DSL,50.15,35,False,False,Month-to-month,Mailed check,False,False,1655.35,True,Yes,DSL0Month-to-month,False,Female,False,No,Yes,0.5143702543457565
87.098,1,6946-LMSQS,True,Yes,False,Fiber optic,89.05,25,False,False,One year,Electronic check,True,True,2177.45,False,Yes,Fiber optic1One year,False,Male,True,Yes,Yes,0.6123972622173935
98.35625,0,7562-GSUHK,False,No,True,Fiber optic,93.2,16,True,False,Month-to-month,Credit card (automatic),False,True,1573.7,False,Yes,Fiber optic0Month-to-month,False,Female,True,Yes,Yes,0.6978546582146442
105.53750000000001,0,4250-ZBWLV,False,Yes,True,Fiber optic,108.45,68,True,True,One year,Electronic check,False,True,7176.55,False,Yes,Fiber optic0One year,True,Male,False,Yes,Yes,0.5239391258081334
70.2,1,9605-WGJVW,False,No,False,Fiber optic,70.2,1,False,False,Month-to-month,Electronic check,False,False,70.2,False,Yes,Fiber optic1Month-to-month,False,Female,True,No,Yes,0.8888268623287119
86.07857142857142,0,3834-XUIFC,False,Yes,False,Fiber optic,85.2,7,False,False,Month-to-month,Mailed check,False,True,602.55,False,Yes,Fiber optic0Month-to-month,False,Male,True,Yes,Yes,0.8248794647659279
20.2,0,6380-ARCEH,False,No,False,No,20.2,1,False,False,Month-to-month,Mailed check,False,False,20.2,False,Yes,No0Month-to-month,False,Male,False,No,Yes,0.5415011315519783
103.36590909090908,1,1587-FKLZB,True,Yes,False,Fiber optic,99.5,66,True,True,Month-to-month,Credit card (automatic),False,True,6822.15,True,Yes,Fiber optic1Month-to-month,False,Male,True,Yes,Yes,0.5274545632676392
43.8,0,1478-VPOAD,False,No,False,DSL,43.8,1,False,False,Month-to-month,Electronic check,False,False,43.8,False,Yes,DSL0Month-to-month,False,Female,False,No,Yes,0.7674683269541444
71.1047619047619,0,7855-DIWPO,False,No,False,Fiber optic,68.65,21,False,False,Month-to-month,Electronic check,False,False,1493.2,False,Yes,Fiber optic0Month-to-month,False,Female,True,No,Yes,0.6853331705848674
82.33684210526316,0,0168-XZKBB,True,Yes,False,Fiber optic,86.85,19,False,True,Month-to-month,Electronic check,False,False,1564.4,False,Yes,Fiber optic0Month-to-month,False,Female,True,No,Yes,0.8356918971142206
34.78333333333333,0,2606-RMDHZ,False,No phone service,True,DSL,30.5,6,False,False,Month-to-month,Credit card (automatic),False,False,208.7,False,No,DSL0Month-to-month,False,Male,True,Yes,Yes,0.5381807773979784
73.50555555555555,0,3987-KQDDU,False,No,False,Fiber optic,75.6,9,False,False,Month-to-month,Electronic check,True,False,661.55,False,Yes,Fiber optic0Month-to-month,False,Male,False,No,Yes,0.6052776618076511
95.345,0,3045-XETSH,False,Yes,True,Fiber optic,94.85,10,True,False,Month-to-month,Electronic check,False,True,953.45,False,Yes,Fiber optic0Month-to-month,False,Female,True,Yes,Yes,0.867497148416111
85.36666666666667,0,3737-XBQDD,False,Yes,True,Fiber optic,84.85,24,True,False,Month-to-month,Bank transfer (automatic),False,False,2048.8,False,Yes,Fiber optic0Month-to-month,False,Male,True,No,Yes,0.574806782676337
71.825,0,5173-WXOQV,True,No,True,DSL,64.2,2,False,False,Month-to-month,Mailed check,False,True,143.65,False,Yes,DSL0Month-to-month,True,Male,True,No,Yes,0.5671179772514515
91.7,0,3186-BAXNB,False,No,True,Fiber optic,91.7,1,False,True,Month-to-month,Electronic check,False,False,91.7,False,Yes,Fiber optic0Month-to-month,True,Female,False,Yes,Yes,0.8701303108030634
84.31785714285714,1,9490-DFPMD,False,Yes,False,Fiber optic,84.65,42,False,True,Month-to-month,Electronic check,False,False,3541.35,False,Yes,Fiber optic1Month-to-month,False,Female,True,Yes,Yes,0.775124808365304
78.2,1,7235-NXZCP,False,Yes,False,Fiber optic,74.85,2,False,False,Month-to-month,Mailed check,False,False,156.4,False,Yes,Fiber optic1Month-to-month,False,Male,True,Yes,Yes,0.910640055025138
75.7875,0,8752-STIVR,False,No,False,Fiber optic,79.0,4,False,True,Month-to-month,Electronic check,False,False,303.15,False,Yes,Fiber optic0Month-to-month,False,Female,True,Yes,Yes,0.9180561024205772
92.328125,0,7739-LAXOG,True,Yes,False,Fiber optic,91.05,32,True,False,Month-to-month,Bank transfer (automatic),False,True,2954.5,True,Yes,Fiber optic0Month-to-month,False,Female,True,Yes,Yes,0.6120144507400237
54.3625,0,5423-BHIXO,False,Yes,True,DSL,54.2,32,False,False,Month-to-month,Electronic check,False,False,1739.6,False,Yes,DSL0Month-to-month,False,Female,True,No,Yes,0.5070313590736899
47.04,0,4468-YDOVK,False,No,False,DSL,48.65,5,False,False,Month-to-month,Bank transfer (automatic),False,False,235.2,True,Yes,DSL0Month-to-month,True,Male,True,No,Yes,0.620361447623551
102.31721311475411,0,4937-QPZPO,True,Yes,False,Fiber optic,99.9,61,True,True,One year,Electronic check,False,True,6241.35,True,Yes,Fiber optic0One year,False,Male,True,No,Yes,0.51410445804402
25.7,0,2712-SYWAY,False,Yes,False,No,25.7,1,False,False,Month-to-month,Electronic check,False,False,25.7,False,Yes,No0Month-to-month,False,Female,True,No,Yes,0.5059558872684438
51.2,0,9537-VHDTA,False,No,False,DSL,51.2,1,False,False,Month-to-month,Mailed check,True,False,51.2,True,Yes,DSL0Month-to-month,False,Female,False,No,Yes,0.6615825291656557
85.175,1,3247-ZVOUO,True,Yes,False,Fiber optic,85.55,10,False,False,Month-to-month,Electronic check,False,True,851.75,False,Yes,Fiber optic1Month-to-month,False,Male,False,Yes,Yes,0.8959584328100972
114.44285714285715,1,6030-REHUX,True,Yes,True,Fiber optic,110.85,28,True,True,Month-to-month,Electronic check,False,True,3204.4,False,Yes,Fiber optic1Month-to-month,True,Female,True,No,Yes,0.5750772811610027
75.92551020408163,0,3452-SRFEG,False,Yes,False,Fiber optic,74.6,49,False,False,Month-to-month,Bank transfer (automatic),False,False,3720.35,False,Yes,Fiber optic0Month-to-month,False,Male,True,No,Yes,0.5420951604053936
19.55,0,7601-WFVZV,False,No,False,No,19.55,1,False,False,Month-to-month,Mailed check,False,False,19.55,False,Yes,No0Month-to-month,False,Male,False,No,Yes,0.5606496159533707
76.49666666666667,1,8020-BWHYL,False,No,True,Fiber optic,75.3,15,False,False,Month-to-month,Credit card (automatic),False,False,1147.45,False,Yes,Fiber optic1Month-to-month,False,Female,True,Yes,Yes,0.7157327357600426
48.283720930232555,0,2027-OAQQC,False,No phone service,False,DSL,49.05,43,True,True,Month-to-month,Bank transfer (automatic),False,True,2076.2,False,No,DSL0Month-to-month,False,Female,True,Yes,Yes,0.6809818425178897
71.41470588235293,0,3211-ILJTT,True,No,False,Fiber optic,70.4,17,False,False,Month-to-month,Bank transfer (automatic),False,False,1214.05,False,Yes,Fiber optic0Month-to-month,False,Male,True,Yes,Yes,0.6611750874414135
90.54516129032258,0,3640-PHQXK,False,Yes,False,Fiber optic,89.9,31,True,False,Month-to-month,Electronic check,False,True,2806.9,False,Yes,Fiber optic0Month-to-month,False,Female,True,Yes,Yes,0.694778251155961
74.0391304347826,0,5934-TSSAU,True,No,False,Fiber optic,75.3,23,True,False,Month-to-month,Credit card (automatic),False,False,1702.9,True,Yes,Fiber optic0Month-to-month,False,Female,True,No,Yes,0.6069530473995329
45.32941176470588,1,4690-LLKUA,False,No,False,DSL,45.05,17,False,False,Month-to-month,Electronic check,False,False,770.6,False,Yes,DSL1Month-to-month,False,Male,True,Yes,Yes,0.5923118589116302
76.0,0,9850-OWRHQ,True,Yes,False,Fiber optic,74.1,3,False,False,Month-to-month,Credit card (automatic),False,False,228.0,False,Yes,Fiber optic0Month-to-month,False,Female,True,Yes,Yes,0.9139946169375333
90.85,0,5167-ZFFMM,False,Yes,True,Fiber optic,90.85,1,False,False,Month-to-month,Credit card (automatic),False,True,90.85,False,Yes,Fiber optic0Month-to-month,False,Male,True,Yes,Yes,0.9211407567788842
28.849999999999998,0,0909-SDHNU,False,No phone service,False,DSL,29.8,7,False,False,Month-to-month,Mailed check,True,False,201.95,True,No,DSL0Month-to-month,False,Female,False,No,Yes,0.5655797862302396
101.14482758620689,0,8949-JTMAY,False,Yes,False,Fiber optic,98.6,29,True,True,Month-to-month,Credit card (automatic),False,True,2933.2,False,Yes,Fiber optic0Month-to-month,False,Female,True,Yes,Yes,0.7758801634818241
44.55,0,8180-AKMJV,False,No,False,DSL,44.55,1,False,False,Month-to-month,Credit card (automatic),False,False,44.55,False,Yes,DSL0Month-to-month,False,Female,True,No,Yes,0.7555219859360667
20.080000000000002,0,7802-EFKNY,True,No phone service,False,DSL,24.95,5,False,False,Month-to-month,Electronic check,False,False,100.4,False,No,DSL0Month-to-month,False,Male,True,Yes,Yes,0.6406263079433138
19.55,0,1029-QFBEN,False,No,False,No,19.55,1,False,False,Month-to-month,Mailed check,False,False,19.55,False,Yes,No0Month-to-month,False,Male,False,Yes,Yes,0.5606496159533708
49.05,0,2273-QCKXA,False,No,False,DSL,49.05,1,False,False,Month-to-month,Mailed check,False,False,49.05,False,Yes,DSL0Month-to-month,True,Male,False,No,Yes,0.6268472893748516
54.03414634146342,1,6128-AQBMT,True,No phone service,True,DSL,53.95,41,True,True,Month-to-month,Electronic check,False,True,2215.4,False,No,DSL1Month-to-month,False,Male,True,No,Yes,0.698799569096343
83.15,0,7817-BOQPW,False,Yes,False,Fiber optic,75.55,2,False,False,Month-to-month,Electronic check,False,False,166.3,False,Yes,Fiber optic0Month-to-month,False,Female,True,Yes,Yes,0.9465497053677938
91.08823529411765,0,3161-GETRM,True,Yes,False,Fiber optic,90.05,34,True,False,Month-to-month,Credit card (automatic),False,True,3097.0,True,Yes,Fiber optic0Month-to-month,False,Male,True,No,Yes,0.6094036105538423
85.66499999999999,1,7779-LGOVN,True,Yes,False,Fiber optic,86.65,10,False,False,Month-to-month,Electronic check,False,True,856.65,False,Yes,Fiber optic1Month-to-month,False,Male,True,Yes,Yes,0.9243163537039408
31.495454545454546,0,4801-JZAZL,True,No phone service,False,DSL,29.6,11,False,False,Month-to-month,Electronic check,True,False,346.45,True,No,DSL0Month-to-month,False,Female,True,No,Yes,0.6104472213441623
38.887499999999996,1,9381-NDKME,True,No phone service,False,DSL,40.65,24,True,False,Month-to-month,Credit card (automatic),False,True,933.3,False,No,DSL1Month-to-month,False,Female,True,Yes,Yes,0.6781327755740214
111.023,0,5013-SBUIH,False,Yes,True,Fiber optic,109.65,50,False,True,Two year,Electronic check,True,True,5551.15,False,Yes,Fiber optic0Two year,True,Female,True,Yes,Yes,0.6935440557137887
69.6,0,7665-TOALD,False,No,False,Fiber optic,69.6,1,False,False,Month-to-month,Electronic check,False,False,69.6,False,Yes,Fiber optic0Month-to-month,False,Female,True,Yes,Yes,0.9099222844921253
74.6775,0,1047-NNCBF,False,No,False,Fiber optic,70.55,20,False,False,Month-to-month,Credit card (automatic),False,False,1493.55,False,Yes,Fiber optic0Month-to-month,False,Male,False,No,Yes,0.5045528877548898
83.375,0,7567-ECMCM,False,No,False,Fiber optic,79.85,24,False,False,Month-to-month,Credit card (automatic),False,True,2001.0,False,Yes,Fiber optic0Month-to-month,False,Male,True,No,Yes,0.6103168680473758
70.07857142857144,0,1475-VWVDO,False,No,False,Fiber optic,74.9,7,True,False,Month-to-month,Electronic check,False,False,490.55,False,Yes,Fiber optic0Month-to-month,False,Male,True,No,Yes,0.8134902343591196
45.1,1,8080-DDEMJ,False,No,False,DSL,45.1,1,False,False,Month-to-month,Electronic check,False,False,45.1,False,Yes,DSL1Month-to-month,False,Male,False,Yes,Yes,0.905876637599762
54.690909090909095,0,2782-LFZVW,False,Yes,False,DSL,58.95,11,False,False,Month-to-month,Mailed check,False,True,601.6,False,Yes,DSL0Month-to-month,False,Female,True,No,Yes,0.5365143119460841
75.35,0,7341-LXCAF,True,Yes,False,Fiber optic,74.65,4,False,False,Month-to-month,Electronic check,False,False,301.4,False,Yes,Fiber optic0Month-to-month,False,Male,True,Yes,Yes,0.9181435115441299
49.95,0,3334-CTHOL,False,Yes,False,DSL,49.95,1,False,False,Month-to-month,Bank transfer (automatic),False,False,49.95,False,Yes,DSL0Month-to-month,False,Female,True,Yes,Yes,0.8141982592247146
51.78333333333333,0,3329-WDIOK,False,No phone service,True,DSL,50.6,3,False,True,Month-to-month,Electronic check,False,True,155.35,False,No,DSL0Month-to-month,False,Female,True,Yes,Yes,0.8630719888323725
34.77321428571428,1,5697-GOMBF,True,No phone service,False,DSL,35.9,28,False,True,Month-to-month,Electronic check,False,False,973.65,True,No,DSL1Month-to-month,False,Female,True,No,Yes,0.646682837849861
55.68888888888889,0,3173-NVMPX,True,Yes,True,DSL,55.3,9,False,False,Month-to-month,Mailed check,False,False,501.2,True,Yes,DSL0Month-to-month,False,Female,True,No,Yes,0.5002440866888909
19.38606557377049,0,9063-ZGTUY,True,No,False,No,19.4,61,False,False,Month-to-month,Mailed check,False,False,1182.55,True,Yes,No0Month-to-month,False,Female,True,Yes,Yes,0.9226010675238125
72.41666666666667,0,6400-BWQKW,False,Yes,False,Fiber optic,79.05,6,False,False,Month-to-month,Electronic check,True,False,434.5,False,Yes,Fiber optic0Month-to-month,False,Female,True,Yes,Yes,0.8324172920217892
19.9,0,2654-VBVPB,False,No,False,No,19.9,1,False,False,Month-to-month,Bank transfer (automatic),False,False,19.9,False,Yes,No0Month-to-month,False,Female,False,No,Yes,0.5957849145758972
106.90588235294118,0,2874-YXVVA,False,No,True,Fiber optic,105.1,34,True,True,Month-to-month,Electronic check,False,True,3634.8,False,Yes,Fiber optic0Month-to-month,True,Female,True,No,Yes,0.6752034635139859
88.90365853658537,0,9626-VFRGG,False,Yes,True,Fiber optic,88.5,41,False,True,Month-to-month,Bank transfer (automatic),False,False,3645.05,True,Yes,Fiber optic0Month-to-month,False,Female,True,No,Yes,0.6444041268405263
85.43809523809524,0,4471-KXAUH,True,Yes,False,Fiber optic,84.3,42,True,False,Month-to-month,Electronic check,False,False,3588.4,False,Yes,Fiber optic0Month-to-month,True,Female,True,Yes,Yes,0.6188885422178425
103.75769230769231,0,2560-PPCHE,False,Yes,True,Fiber optic,105.05,65,False,True,One year,Bank transfer (automatic),False,True,6744.25,False,Yes,Fiber optic0One year,True,Female,True,No,Yes,0.517588691887981
112.3313953488372,1,9360-AHGNL,True,Yes,False,Fiber optic,109.55,43,True,True,One year,Mailed check,True,True,4830.25,False,Yes,Fiber optic1One year,True,Female,True,Yes,Yes,0.7974297069087367
20.1,0,1240-KNSEZ,False,No,False,No,20.1,1,False,False,Month-to-month,Mailed check,False,False,20.1,False,Yes,No0Month-to-month,False,Male,True,Yes,Yes,0.5845051844140895
30.72222222222222,0,6240-EURKS,False,No phone service,False,DSL,35.0,18,False,False,Month-to-month,Electronic check,False,True,553.0,True,No,DSL0Month-to-month,False,Female,True,Yes,Yes,0.7535958042590108
45.025,0,7729-JTEEC,True,No,False,DSL,44.5,2,False,False,Month-to-month,Electronic check,False,False,90.05,True,Yes,DSL0Month-to-month,False,Male,True,No,Yes,0.7582135693171985
91.24615384615385,0,6908-VVYHM,True,Yes,True,Fiber optic,90.65,65,False,False,Month-to-month,Electronic check,False,True,5931.0,False,Yes,Fiber optic0Month-to-month,False,Male,True,No,Yes,0.5637820517989823
104.32014925373134,0,5174-ITUMV,True,Yes,True,Fiber optic,105.4,67,True,True,One year,Electronic check,False,True,6989.45,True,Yes,Fiber optic0One year,False,Male,True,No,Yes,0.5070597268499938
89.734375,0,5222-IMUKT,False,No,False,Fiber optic,91.05,32,False,True,Month-to-month,Electronic check,False,True,2871.5,False,Yes,Fiber optic0Month-to-month,False,Male,False,No,Yes,0.5709059552367595
80.66666666666667,0,0925-VYDLG,False,Yes,False,Fiber optic,75.25,3,False,False,Month-to-month,Electronic check,False,False,242.0,False,Yes,Fiber optic0Month-to-month,False,Female,False,Yes,Yes,0.898055171935089
83.43333333333334,0,8104-OSKWT,False,Yes,False,Fiber optic,79.8,12,False,False,Month-to-month,Electronic check,True,False,1001.2,False,Yes,Fiber optic0Month-to-month,False,Female,True,No,Yes,0.7831327537259959
49.35,0,8660-BUETV,False,No,False,DSL,44.75,3,False,False,Month-to-month,Mailed check,False,False,148.05,False,Yes,DSL0Month-to-month,False,Female,False,No,Yes,0.571179841293384
104.94615384615385,1,3606-TWKGI,False,Yes,True,Fiber optic,106.9,13,True,True,Month-to-month,Electronic check,False,True,1364.3,False,Yes,Fiber optic1Month-to-month,False,Male,True,Yes,Yes,0.8905742111522444
95.325,0,4952-YSOGZ,True,Yes,False,Fiber optic,85.95,4,False,False,Month-to-month,Electronic check,False,True,381.3,True,Yes,Fiber optic0Month-to-month,False,Female,True,Yes,Yes,0.938103187119123
104.53333333333335,0,5760-IFJOZ,False,Yes,True,Fiber optic,107.95,3,True,True,Month-to-month,Mailed check,False,True,313.6,False,Yes,Fiber optic0Month-to-month,False,Male,False,No,Yes,0.9315404706975657
103.23,0,4998-IKFSE,False,Yes,False,Fiber optic,100.45,30,True,True,Month-to-month,Electronic check,False,True,3096.9,False,Yes,Fiber optic0Month-to-month,False,Female,False,No,Yes,0.7478789795026537
19.5,0,1905-OEILC,False,No,False,No,19.5,1,False,False,Month-to-month,Mailed check,False,False,19.5,False,Yes,No0Month-to-month,False,Female,False,No,Yes,0.5856854627700446
53.55,0,4929-BSTRX,False,No,False,DSL,53.55,1,False,True,Month-to-month,Mailed check,False,False,53.55,False,Yes,DSL0Month-to-month,False,Female,True,Yes,Yes,0.7550888269773076
77.13695652173914,0,6572-ADKRS,False,No,False,Fiber optic,74.8,46,True,False,Month-to-month,Credit card (automatic),False,False,3548.3,False,Yes,Fiber optic0Month-to-month,False,Female,True,No,Yes,0.5240520719585522
96.31,0,0236-HFWSV,False,Yes,False,Fiber optic,93.35,15,False,True,Month-to-month,Electronic check,False,True,1444.65,False,Yes,Fiber optic0Month-to-month,False,Male,True,Yes,Yes,0.8935049983307006
97.721875,0,9518-RWHZL,False,Yes,False,Fiber optic,100.05,64,True,True,One year,Credit card (automatic),False,True,6254.2,False,Yes,Fiber optic0One year,False,Female,True,Yes,Yes,0.6049469774126598
20.45,0,4986-MXSFP,False,No,False,No,20.0,2,False,False,Month-to-month,Mailed check,False,False,40.9,False,Yes,No0Month-to-month,False,Female,True,No,Yes,0.5035206198878178
77.14473684210526,0,5940-NFXKV,True,Yes,False,Fiber optic,83.65,19,False,False,Month-to-month,Electronic check,False,True,1465.75,True,Yes,Fiber optic0Month-to-month,False,Male,True,Yes,Yes,0.7797258059060224
74.24852941176471,0,6599-CEBNN,False,No,True,Fiber optic,73.95,34,False,False,Month-to-month,Credit card (automatic),False,False,2524.45,False,Yes,Fiber optic0Month-to-month,False,Female,True,Yes,Yes,0.5657575633351221
103.44596774193548,0,2382-BCKQJ,False,Yes,False,Fiber optic,100.15,62,True,True,One year,Electronic check,False,True,6413.65,True,Yes,Fiber optic0One year,False,Female,True,Yes,Yes,0.590523519315343
24.8,1,7932-WPTDS,True,No phone service,False,DSL,24.8,1,False,False,Month-to-month,Electronic check,False,False,24.8,False,No,DSL1Month-to-month,False,Female,True,Yes,Yes,0.9341376918649877
100.91111111111111,0,4971-PUYQO,False,Yes,False,Fiber optic,94.55,27,False,True,Month-to-month,Mailed check,False,True,2724.6,False,Yes,Fiber optic0Month-to-month,False,Female,True,Yes,Yes,0.7392771268486351
102.70454545454545,0,4078-SAYYN,False,Yes,False,Fiber optic,100.75,11,True,True,Month-to-month,Electronic check,False,True,1129.75,False,Yes,Fiber optic0Month-to-month,False,Female,True,Yes,Yes,0.9361118597844218
37.983333333333334,0,3050-GBUSH,False,No phone service,False,DSL,34.8,3,False,True,Month-to-month,Credit card (automatic),False,False,113.95,False,No,DSL0Month-to-month,False,Female,True,No,Yes,0.7753424321334015
99.66160714285715,0,2208-UGTGR,False,Yes,True,Fiber optic,98.6,56,False,True,Month-to-month,Electronic check,False,True,5581.05,False,Yes,Fiber optic0Month-to-month,False,Male,False,No,Yes,0.5200791378117644
79.35,0,9507-EXLTT,True,No,False,Fiber optic,79.35,1,False,True,Month-to-month,Bank transfer (automatic),False,False,79.35,False,Yes,Fiber optic0Month-to-month,False,Female,True,Yes,Yes,0.9347627378620108
100.70833333333333,0,2669-OIDSD,True,No,False,Fiber optic,100.05,48,True,True,Month-to-month,Credit card (automatic),False,True,4834.0,False,Yes,Fiber optic0Month-to-month,True,Female,True,No,Yes,0.5055851109442067
48.95,0,6876-ADESB,False,No,False,DSL,48.95,1,True,False,Month-to-month,Electronic check,False,False,48.95,True,Yes,DSL0Month-to-month,False,Male,False,Yes,Yes,0.777225506833897
19.65,0,8329-IBCTI,False,No,False,No,19.65,1,False,False,Month-to-month,Mailed check,False,False,19.65,False,Yes,No0Month-to-month,False,Female,False,Yes,Yes,0.5818576771207633
89.15,0,3801-HMYNL,True,No,False,Fiber optic,89.15,1,False,True,Month-to-month,Mailed check,False,True,89.15,True,Yes,Fiber optic0Month-to-month,False,Male,False,Yes,Yes,0.8774919817854424
103.05909090909091,1,5293-WXJAK,True,Yes,False,Fiber optic,104.05,11,True,True,Month-to-month,Bank transfer (automatic),False,True,1133.65,False,Yes,Fiber optic1Month-to-month,True,Female,True,Yes,Yes,0.8582105974675641
75.81875,1,3488-PGMQJ,False,No,True,Fiber optic,74.5,8,False,False,Month-to-month,Electronic check,False,False,606.55,False,Yes,Fiber optic1Month-to-month,False,Male,True,Yes,Yes,0.8697464792823535
80.68333333333334,0,9837-BMCLM,False,No,False,Fiber optic,78.5,3,False,True,Month-to-month,Electronic check,False,False,242.05,False,Yes,Fiber optic0Month-to-month,False,Male,True,Yes,Yes,0.928865652186452
55.6044776119403,1,7872-RDDLZ,False,Yes,True,DSL,54.9,67,False,False,Month-to-month,Electronic check,False,False,3725.5,False,Yes,DSL1Month-to-month,False,Female,False,No,Yes,0.6276245584369817
100.92857142857143,0,7969-AULMZ,False,Yes,False,Fiber optic,97.35,21,False,True,Month-to-month,Electronic check,False,True,2119.5,False,Yes,Fiber optic0Month-to-month,False,Female,True,Yes,Yes,0.8750296589652671
102.93928571428572,1,6661-HBGWL,False,Yes,True,Fiber optic,104.75,42,True,True,Month-to-month,Bank transfer (automatic),False,True,4323.45,False,Yes,Fiber optic1Month-to-month,False,Female,True,Yes,Yes,0.8136820836620011
86.29130434782608,1,6769-DYBQN,False,No,False,Fiber optic,85.0,46,False,False,Month-to-month,Electronic check,True,True,3969.4,False,Yes,Fiber optic1Month-to-month,False,Male,False,Yes,Yes,0.6374348677445798
80.85,0,5275-SQEIZ,False,No,False,Fiber optic,80.85,1,False,False,Month-to-month,Mailed check,False,True,80.85,False,Yes,Fiber optic0Month-to-month,False,Male,True,Yes,Yes,0.8891076767229549
97.71666666666665,0,2984-AFWNC,False,No,True,Fiber optic,95.4,3,False,True,Month-to-month,Electronic check,False,True,293.15,False,Yes,Fiber optic0Month-to-month,False,Female,False,No,Yes,0.9135125702215998
73.175,1,0947-MUGVO,True,No,True,Fiber optic,73.65,20,False,False,Month-to-month,Electronic check,False,False,1463.5,False,Yes,Fiber optic1Month-to-month,False,Male,True,Yes,Yes,0.7416324802409807
42.575,1,4208-UFFGW,False,No,False,DSL,44.95,2,False,False,Month-to-month,Mailed check,False,False,85.15,False,Yes,DSL1Month-to-month,False,Male,False,Yes,Yes,0.7679810315174943
80.93055555555556,1,6987-XQSJT,False,Yes,True,Fiber optic,79.5,54,False,False,Month-to-month,Electronic check,False,False,4370.25,False,Yes,Fiber optic1Month-to-month,False,Female,True,Yes,Yes,0.6081960130857605
88.59722222222223,0,4521-YEEHE,True,Yes,False,Fiber optic,88.85,18,False,True,Month-to-month,Electronic check,False,False,1594.75,False,Yes,Fiber optic0Month-to-month,True,Female,True,No,Yes,0.8031214763669794
80.00454545454545,1,5701-YVSVF,True,No,False,Fiber optic,82.9,11,False,True,Month-to-month,Electronic check,False,False,880.05,False,Yes,Fiber optic1Month-to-month,True,Female,True,No,Yes,0.7143394883567493
89.1625,0,8266-VBFQL,False,No,False,Fiber optic,90.4,4,True,False,Month-to-month,Electronic check,False,True,356.65,False,Yes,Fiber optic0Month-to-month,True,Male,True,No,Yes,0.8240822429302422
80.475,0,2984-MIIZL,False,No,False,Fiber optic,74.8,4,True,False,Month-to-month,Bank transfer (automatic),False,False,321.9,False,Yes,Fiber optic0Month-to-month,False,Male,True,Yes,Yes,0.8358789055190513
69.35,0,6457-GIRWB,False,No,False,Fiber optic,69.35,1,False,False,Month-to-month,Electronic check,False,False,69.35,False,Yes,Fiber optic0Month-to-month,False,Male,True,Yes,Yes,0.9004142827929315
19.75,0,6124-ACRHJ,False,No,False,No,19.75,1,False,False,Month-to-month,Mailed check,False,False,19.75,False,Yes,No0Month-to-month,False,Female,False,No,Yes,0.5791562038329028
65.28571428571429,0,3677-TNKIO,False,No,False,Fiber optic,71.0,14,False,False,Month-to-month,Credit card (automatic),False,False,914.0,False,Yes,Fiber optic0Month-to-month,False,Female,True,Yes,Yes,0.6773681951207967
20.65,0,5088-QZLRL,False,No,False,No,20.65,1,False,False,Month-to-month,Electronic check,False,False,20.65,False,Yes,No0Month-to-month,False,Male,False,No,Yes,0.634384502100068
103.16923076923078,0,4062-HBMOS,False,Yes,True,Fiber optic,103.05,52,True,True,Month-to-month,Electronic check,False,True,5364.8,False,Yes,Fiber optic0Month-to-month,False,Male,True,No,Yes,0.6554249487276498
89.94999999999999,1,4154-AQUGT,True,No,True,Fiber optic,89.05,13,False,False,Month-to-month,Bank transfer (automatic),False,True,1169.35,False,Yes,Fiber optic1Month-to-month,True,Male,True,Yes,Yes,0.6914273895394387
104.38970588235294,0,5380-WJKOV,False,Yes,True,Fiber optic,106.35,34,True,True,Month-to-month,Electronic check,False,True,3549.25,False,Yes,Fiber optic0Month-to-month,False,Male,True,Yes,Yes,0.823783895379464
25.15,0,2672-DZUOY,False,No phone service,False,DSL,25.15,1,False,False,Month-to-month,Electronic check,False,False,25.15,False,No,DSL0Month-to-month,False,Male,True,Yes,Yes,0.7635623224044313
74.6,0,2024-BASKD,False,No,False,Fiber optic,74.6,1,True,False,Month-to-month,Mailed check,False,False,74.6,False,Yes,Fiber optic0Month-to-month,False,Female,True,Yes,Yes,0.884845431456082
73.5475,0,6017-PPLPX,True,No,False,Fiber optic,70.45,20,False,False,Month-to-month,Electronic check,False,False,1470.95,True,Yes,Fiber optic0Month-to-month,False,Male,True,Yes,Yes,0.6867381143405241
95.51,0,3393-FMZPV,False,Yes,True,Fiber optic,100.25,25,False,True,Month-to-month,Electronic check,False,True,2387.75,False,Yes,Fiber optic0Month-to-month,False,Female,True,Yes,Yes,0.8371110282078074
70.6,0,5376-DEQCP,False,No,False,Fiber optic,70.6,1,False,False,Month-to-month,Electronic check,False,False,70.6,False,Yes,Fiber optic0Month-to-month,False,Female,True,Yes,Yes,0.9137995084113979
89.35,0,6275-YDUVO,False,No,False,Fiber optic,86.2,2,True,False,Month-to-month,Mailed check,False,True,178.7,False,Yes,Fiber optic0Month-to-month,False,Female,True,Yes,Yes,0.8805433731518097
75.8,0,7595-EUIVN,False,No,True,Fiber optic,75.8,1,False,False,Month-to-month,Electronic check,False,False,75.8,False,Yes,Fiber optic0Month-to-month,False,Female,False,Yes,Yes,0.8692280448999531
88.23095238095237,0,3744-ZRRDZ,False,Yes,True,Fiber optic,82.35,21,False,False,Month-to-month,Electronic check,False,False,1852.85,False,Yes,Fiber optic0Month-to-month,False,Male,True,Yes,Yes,0.7348669808742079
76.70833333333333,0,3727-RJMEO,True,Yes,False,Fiber optic,82.85,6,False,True,Month-to-month,Electronic check,False,False,460.25,False,Yes,Fiber optic0Month-to-month,False,Male,True,Yes,Yes,0.9177394955562054
19.55,0,1622-HSHSF,False,No,False,No,19.55,1,False,False,Month-to-month,Mailed check,False,False,19.55,False,Yes,No0Month-to-month,False,Female,True,No,Yes,0.6231045789458229
43.95,0,1895-QTKDO,False,No,False,DSL,43.95,1,False,False,Month-to-month,Credit card (automatic),False,False,43.95,False,Yes,DSL0Month-to-month,False,Female,False,No,Yes,0.706044988877421
45.7,0,9117-SHLZX,False,No,False,DSL,45.7,1,False,False,Month-to-month,Mailed check,False,False,45.7,False,Yes,DSL0Month-to-month,False,Male,True,Yes,Yes,0.7100487036913259
54.9125,0,2391-SOORI,False,No,False,DSL,49.35,4,False,False,Month-to-month,Electronic check,True,False,219.65,True,Yes,DSL0Month-to-month,False,Male,False,Yes,Yes,0.6506768133216191
23.138461538461538,0,6834-NXDCA,False,No phone service,False,DSL,23.9,13,False,False,Month-to-month,Electronic check,False,False,300.8,False,No,DSL0Month-to-month,False,Female,True,Yes,Yes,0.5422252528105574
102.10522388059702,1,2452-KDRRH,False,Yes,False,Fiber optic,101.4,67,True,True,Month-to-month,Credit card (automatic),False,True,6841.05,False,Yes,Fiber optic1Month-to-month,False,Male,True,No,Yes,0.5609782911070311
95.5625,0,5119-KEPFY,True,Yes,False,Fiber optic,95.0,36,False,True,Month-to-month,Bank transfer (automatic),False,True,3440.25,False,Yes,Fiber optic0Month-to-month,False,Male,True,No,Yes,0.7539964163329839
73.45,0,3866-MDTUB,False,No,False,DSL,70.75,2,False,True,Month-to-month,Electronic check,True,True,146.9,False,Yes,DSL0Month-to-month,False,Female,True,Yes,Yes,0.6988611321335407
111.575,0,3992-YWPKO,False,Yes,True,Fiber optic,109.9,6,True,True,Month-to-month,Credit card (automatic),False,True,669.45,False,Yes,Fiber optic0Month-to-month,True,Female,True,Yes,Yes,0.8974002251531196
92.325,0,7314-OXENN,False,Yes,True,Fiber optic,82.0,2,False,False,Month-to-month,Electronic check,False,False,184.65,False,Yes,Fiber optic0Month-to-month,False,Male,True,Yes,Yes,0.9390217906567286
100.52000000000001,1,1624-NALOJ,False,Yes,True,Fiber optic,89.8,5,False,False,Month-to-month,Electronic check,False,True,502.6,False,Yes,Fiber optic1Month-to-month,False,Male,True,Yes,Yes,0.9865307310713903
100.35277777777777,1,9129-UXERG,False,Yes,True,Fiber optic,103.6,18,False,True,Month-to-month,Credit card (automatic),False,True,1806.35,False,Yes,Fiber optic1Month-to-month,True,Female,True,No,Yes,0.7142702551046404
79.0925925925926,1,4412-YLTKF,False,Yes,False,Fiber optic,78.05,27,True,False,Month-to-month,Electronic check,False,False,2135.5,False,Yes,Fiber optic1Month-to-month,False,Female,True,Yes,Yes,0.787481629249701
50.97083333333333,0,6789-HJBWG,False,No,True,DSL,49.4,12,False,False,Month-to-month,Electronic check,False,False,611.65,False,Yes,DSL0Month-to-month,False,Female,True,No,Yes,0.5128262750768517
29.529310344827586,0,1432-FPAXX,False,No phone service,True,DSL,30.6,29,False,False,Month-to-month,Electronic check,False,False,856.35,False,No,DSL0Month-to-month,False,Female,True,Yes,Yes,0.5441146106882663
19.55,0,8605-ITULD,False,No,False,No,19.55,1,False,False,Month-to-month,Mailed check,False,False,19.55,False,Yes,No0Month-to-month,False,Female,False,No,Yes,0.5844394791255249
105.3625,0,0302-JOIVN,True,No,True,Fiber optic,101.15,8,True,True,Month-to-month,Electronic check,False,True,842.9,False,Yes,Fiber optic0Month-to-month,False,Female,False,Yes,Yes,0.8754992519674941
69.4,0,5884-GCYMI,False,No,False,Fiber optic,69.4,1,False,False,Month-to-month,Mailed check,False,False,69.4,False,Yes,Fiber optic0Month-to-month,False,Male,False,Yes,Yes,0.7808836314014709
82.10000000000001,0,4581-SSPWD,False,Yes,False,Fiber optic,75.8,3,False,False,Month-to-month,Electronic check,False,False,246.3,False,Yes,Fiber optic0Month-to-month,False,Female,True,Yes,Yes,0.935706212537865
25.916666666666668,1,5480-HPRRX,False,No phone service,False,DSL,25.3,3,False,False,Month-to-month,Electronic check,False,False,77.75,False,No,DSL1Month-to-month,False,Female,False,Yes,Yes,0.9621919393875428
76.79864864864865,1,8696-JKZNU,False,Yes,False,Fiber optic,76.25,37,False,False,Month-to-month,Electronic check,False,False,2841.55,False,Yes,Fiber optic1Month-to-month,False,Female,True,Yes,Yes,0.7795773397211406
71.25,1,3878-AVSOQ,False,No,False,Fiber optic,71.25,1,False,False,Month-to-month,Electronic check,False,False,71.25,False,Yes,Fiber optic1Month-to-month,False,Female,True,No,Yes,0.8997046416176984
45.85,1,6127-IYJOZ,False,No,False,DSL,45.85,1,False,False,Month-to-month,Mailed check,False,False,45.85,False,Yes,DSL1Month-to-month,False,Male,True,No,Yes,0.7749830630476605
51.6703125,0,7595-EHCDL,True,No phone service,False,DSL,50.6,32,True,True,Month-to-month,Credit card (automatic),False,True,1653.45,True,No,DSL0Month-to-month,False,Male,False,No,Yes,0.5817592356772882
45.9448275862069,0,6704-UTUKK,True,No phone service,False,DSL,45.9,29,False,True,Month-to-month,Electronic check,False,True,1332.4,False,No,DSL0Month-to-month,False,Male,True,No,Yes,0.6824703046146743
102.65,0,3644-QXEHN,True,No,False,Fiber optic,97.0,13,True,True,Month-to-month,Electronic check,False,True,1334.45,True,Yes,Fiber optic0Month-to-month,False,Male,False,No,Yes,0.8009640415738479
94.63382352941177,1,8621-MNIHH,True,Yes,True,Fiber optic,94.25,34,True,False,Month-to-month,Electronic check,False,True,3217.55,False,Yes,Fiber optic1Month-to-month,False,Female,True,Yes,Yes,0.8323884394029555
83.21428571428571,0,1925-TIBLE,True,Yes,False,Fiber optic,86.5,7,False,True,Month-to-month,Electronic check,False,False,582.5,False,Yes,Fiber optic0Month-to-month,False,Female,True,Yes,Yes,0.9104029305893576
107.35666666666665,1,8651-ENBZX,False,Yes,False,Fiber optic,106.0,60,True,True,One year,Electronic check,False,True,6441.4,False,Yes,Fiber optic1One year,True,Female,True,Yes,Yes,0.5874636255749174
37.4,0,4439-YRNVD,False,No phone service,True,DSL,36.25,10,False,False,Month-to-month,Electronic check,False,False,374.0,False,No,DSL0Month-to-month,True,Female,False,No,Yes,0.5406226638364805
74.12333333333332,0,2154-KVJFF,False,Yes,True,Fiber optic,79.75,15,False,False,Month-to-month,Electronic check,False,False,1111.85,False,Yes,Fiber optic0Month-to-month,False,Female,True,Yes,Yes,0.8020482044782646
80.55740740740741,1,5020-ZSTTY,False,Yes,True,DSL,82.45,54,False,True,One year,Bank transfer (automatic),True,True,4350.1,False,Yes,DSL1One year,True,Female,False,Yes,Yes,0.730121942554707
24.6,0,9227-LUNBG,False,No phone service,False,DSL,24.6,1,False,False,Month-to-month,Electronic check,False,False,24.6,False,No,DSL0Month-to-month,False,Female,False,Yes,Yes,0.7252556418792877
88.8,0,4951-UKAAQ,False,Yes,True,Fiber optic,88.95,4,False,False,Month-to-month,Electronic check,False,True,355.2,False,Yes,Fiber optic0Month-to-month,False,Female,True,Yes,Yes,0.9118416690309508
86.12857142857143,0,2057-ZBLPD,True,Yes,False,Fiber optic,86.5,21,False,False,Month-to-month,Electronic check,False,True,1808.7,False,Yes,Fiber optic0Month-to-month,False,Female,True,Yes,Yes,0.7857088134576209
49.95,0,1471-GIQKQ,False,No,True,DSL,49.95,1,False,False,Month-to-month,Electronic check,False,False,49.95,False,Yes,DSL0Month-to-month,False,Female,False,No,Yes,0.7143344935867275
85.725,0,4927-WWOOZ,True,Yes,False,Fiber optic,91.45,2,True,True,Month-to-month,Electronic check,False,False,171.45,False,Yes,Fiber optic0Month-to-month,False,Male,True,No,Yes,0.9468617829806751
97.13684210526316,0,6075-SLNIL,False,Yes,True,Fiber optic,95.1,38,True,False,Month-to-month,Credit card (automatic),False,True,3691.2,False,Yes,Fiber optic0Month-to-month,False,Male,True,No,Yes,0.6259325901191436
113.56875,1,2754-SDJRD,False,Yes,False,Fiber optic,100.15,8,False,True,Month-to-month,Credit card (automatic),False,True,908.55,False,Yes,Fiber optic1Month-to-month,True,Female,True,No,Yes,0.932181706305112
68.56470588235294,0,9584-EXCDZ,False,No,False,Fiber optic,70.5,17,False,False,Month-to-month,Bank transfer (automatic),False,False,1165.6,False,Yes,Fiber optic0Month-to-month,False,Female,False,No,Yes,0.5417314677548857
75.3,0,9787-XVQIU,False,Yes,False,Fiber optic,75.3,1,False,False,Month-to-month,Electronic check,False,False,75.3,False,Yes,Fiber optic0Month-to-month,False,Male,True,Yes,Yes,0.9433089353556159
101.45,1,4550-VBOFE,True,Yes,True,Fiber optic,102.95,70,True,True,Month-to-month,Electronic check,False,True,7101.5,False,Yes,Fiber optic1Month-to-month,False,Male,True,Yes,Yes,0.7309853949575702
75.36181818181818,0,2101-RANCD,False,Yes,False,Fiber optic,73.1,55,False,False,Month-to-month,Electronic check,False,False,4144.9,False,Yes,Fiber optic0Month-to-month,False,Female,True,No,Yes,0.6335132135835002
19.95,0,2542-HYGIQ,False,No,False,No,19.95,1,False,False,Month-to-month,Credit card (automatic),False,False,19.95,False,Yes,No0Month-to-month,False,Female,False,No,Yes,0.6052867213415529
94.6,0,8433-WXGNA,False,No,False,Fiber optic,75.7,2,False,False,Month-to-month,Electronic check,True,False,189.2,False,Yes,Fiber optic0Month-to-month,False,Male,True,Yes,Yes,0.9074426140614449
84.77857142857144,0,1579-KLYDT,False,Yes,False,Fiber optic,90.45,7,True,True,Month-to-month,Electronic check,False,False,593.45,False,Yes,Fiber optic0Month-to-month,False,Male,True,Yes,Yes,0.8889088052047888
85.7,1,5192-EBGOV,False,Yes,False,Fiber optic,85.7,1,False,True,Month-to-month,Electronic check,False,False,85.7,False,Yes,Fiber optic1Month-to-month,False,Female,True,Yes,Yes,0.9241607426046136
42.42941176470588,0,5337-IIWKZ,True,No phone service,False,DSL,44.85,34,True,True,Month-to-month,Electronic check,False,False,1442.6,True,No,DSL0Month-to-month,True,Male,True,No,Yes,0.7207265909394883
38.71547619047619,0,8644-XYTSV,True,No phone service,False,DSL,40.15,42,False,True,Month-to-month,Bank transfer (automatic),True,False,1626.05,False,No,DSL0Month-to-month,False,Male,True,No,Yes,0.6041194368507314
90.67999999999999,0,0306-JAELE,False,No,False,Fiber optic,96.1,5,False,True,Month-to-month,Electronic check,False,True,453.4,False,Yes,Fiber optic0Month-to-month,True,Male,True,Yes,Yes,0.8787695168488039
84.17142857142858,0,9436-ZBZCT,False,Yes,False,Fiber optic,89.95,14,False,True,Month-to-month,Electronic check,False,False,1178.4,False,Yes,Fiber optic0Month-to-month,True,Male,True,Yes,Yes,0.7844079018815936
45.6,0,2082-CEFLT,False,No,False,DSL,45.6,1,False,False,Month-to-month,Electronic check,False,False,45.6,False,Yes,DSL0Month-to-month,False,Male,True,Yes,Yes,0.7934288651036703
54.325,0,8903-XEBGX,False,No,False,DSL,55.3,2,False,False,Month-to-month,Electronic check,False,True,108.65,True,Yes,DSL0Month-to-month,False,Male,True,No,Yes,0.7891105312541261
85.575,0,9878-TNQGW,False,No,False,Fiber optic,80.95,2,False,False,Month-to-month,Electronic check,False,True,171.15,False,Yes,Fiber optic0Month-to-month,False,Male,True,Yes,Yes,0.9217559009112108
48.607142857142854,0,4958-GZWIY,True,No,False,DSL,48.7,7,True,False,Month-to-month,Electronic check,False,False,340.25,True,Yes,DSL0Month-to-month,False,Male,False,Yes,Yes,0.6155634238444533
50.8,0,9637-EIHEQ,False,No,False,DSL,50.8,1,False,False,Month-to-month,Electronic check,False,False,50.8,False,Yes,DSL0Month-to-month,True,Female,True,Yes,Yes,0.7818976536649178
76.7472972972973,0,7627-JKIAZ,True,Yes,False,Fiber optic,78.95,37,True,False,Month-to-month,Credit card (automatic),False,False,2839.65,False,Yes,Fiber optic0Month-to-month,False,Female,True,Yes,Yes,0.7012675084912064
65.44285714285715,0,8160-HOWOX,False,No,False,DSL,66.85,7,False,True,Month-to-month,Electronic check,False,True,458.1,False,Yes,DSL0Month-to-month,False,Female,True,No,Yes,0.5413322596884242
105.9578947368421,0,6518-LGAOV,True,Yes,False,Fiber optic,105.0,38,True,True,Month-to-month,Electronic check,False,True,4026.4,False,Yes,Fiber optic0Month-to-month,True,Female,True,Yes,Yes,0.8048473160844727
31.233333333333334,1,7890-VYYWG,True,No phone service,False,DSL,36.45,3,False,True,Month-to-month,Mailed check,False,False,93.7,False,No,DSL1Month-to-month,False,Male,True,Yes,Yes,0.8025375878049914
92.6625,0,7228-OMTPN,False,No,False,Fiber optic,88.45,4,False,True,Month-to-month,Electronic check,False,True,370.65,False,Yes,Fiber optic0Month-to-month,False,Male,True,Yes,Yes,0.9284049373122555
74.88076923076923,0,5364-EVNIB,False,No,True,Fiber optic,79.8,13,True,False,Month-to-month,Electronic check,False,False,973.45,False,Yes,Fiber optic0Month-to-month,False,Male,True,Yes,Yes,0.7223572200116575
51.375,0,5208-HFSBT,False,No,True,DSL,55.05,2,False,False,Month-to-month,Credit card (automatic),False,False,102.75,False,Yes,DSL0Month-to-month,True,Female,True,Yes,Yes,0.6156908581970204
103.69375,1,3389-YGYAI,False,Yes,True,Fiber optic,105.5,8,True,True,Month-to-month,Electronic check,False,True,829.55,False,Yes,Fiber optic1Month-to-month,False,Female,True,Yes,Yes,0.9472844932178824
20.85,1,6982-UQZLY,True,No,False,No,20.85,1,False,False,Month-to-month,Mailed check,False,False,20.85,False,Yes,No1Month-to-month,False,Female,True,Yes,Yes,0.7415364178729008
104.12272727272726,0,6688-UZPWD,True,Yes,True,Fiber optic,102.0,11,False,True,Month-to-month,Electronic check,False,True,1145.35,False,Yes,Fiber optic0Month-to-month,False,Female,True,Yes,Yes,0.9355709790348475
82.57625,0,2873-ZLIWT,True,Yes,False,Fiber optic,84.85,40,True,False,Month-to-month,Electronic check,False,False,3303.05,True,Yes,Fiber optic0Month-to-month,True,Female,True,Yes,Yes,0.6024799942887977
74.27386363636364,1,0134-XWXCE,False,No,False,DSL,74.85,44,True,True,One year,Bank transfer (automatic),False,True,3268.05,False,Yes,DSL1One year,True,Female,False,No,Yes,0.6541255751804749
59.625,0,6402-EJMWF,False,No,False,DSL,55.3,4,False,False,Month-to-month,Mailed check,False,True,238.5,False,Yes,DSL0Month-to-month,False,Male,True,No,Yes,0.666035567374576
68.09655172413792,0,9722-UJOJR,True,No,False,Fiber optic,70.75,29,False,False,Month-to-month,Electronic check,False,False,1974.8,True,Yes,Fiber optic0Month-to-month,False,Male,True,Yes,Yes,0.5932305593916806
74.8,0,6376-GAHQE,False,No,False,Fiber optic,77.85,4,False,True,Month-to-month,Electronic check,False,False,299.2,False,Yes,Fiber optic0Month-to-month,False,Male,False,Yes,Yes,0.8661717887388649
51.88125,0,7743-EXURX,True,No,False,DSL,51.05,8,True,False,Month-to-month,Electronic check,False,False,415.05,True,Yes,DSL0Month-to-month,False,Male,True,Yes,Yes,0.6324196937462992
85.81,1,7460-ITWWP,True,No,False,Fiber optic,86.1,45,True,False,Month-to-month,Electronic check,False,True,3861.45,False,Yes,Fiber optic1Month-to-month,False,Female,True,No,Yes,0.8303209489665039
100.8,1,7216-EWTRS,True,Yes,False,Fiber optic,100.8,1,True,True,Month-to-month,Electronic check,False,True,100.8,False,Yes,Fiber optic1Month-to-month,False,Female,True,Yes,Yes,0.9733840027881184
19.85,0,1135-LMECX,False,No,False,No,19.85,1,False,False,Month-to-month,Mailed check,False,False,19.85,False,Yes,No0Month-to-month,False,Female,False,No,Yes,0.5763352275025954
81.385,0,7249-WBIYX,True,Yes,False,Fiber optic,85.6,10,False,True,Month-to-month,Electronic check,False,False,813.85,False,Yes,Fiber optic0Month-to-month,False,Male,True,Yes,Yes,0.8800450519844879
85.38823529411764,0,9102-IAYHT,True,Yes,False,Fiber optic,85.45,17,False,False,Month-to-month,Electronic check,False,True,1451.6,True,Yes,Fiber optic0Month-to-month,False,Female,True,Yes,Yes,0.8134572909985712
67.025,0,3489-HHPFY,True,Yes,False,Fiber optic,84.05,2,False,True,Month-to-month,Electronic check,False,False,134.05,False,Yes,Fiber optic0Month-to-month,False,Female,True,No,Yes,0.9447512422826224
99.8125,0,4132-KALRO,False,Yes,False,Fiber optic,100.85,4,False,True,Month-to-month,Mailed check,False,True,399.25,False,Yes,Fiber optic0Month-to-month,True,Female,True,No,Yes,0.9323421317807055
42.2,0,4537-DKTAL,False,No,False,DSL,45.55,2,False,False,Month-to-month,Electronic check,False,False,84.4,False,Yes,DSL0Month-to-month,False,Female,False,No,Yes,0.7835906928064176
51.85,0,8805-JNRAZ,False,No,True,DSL,49.2,2,False,False,Month-to-month,Mailed check,False,False,103.7,False,Yes,DSL0Month-to-month,False,Female,False,No,Yes,0.5735577148338048
107.2344827586207,0,3685-YLCMQ,False,Yes,False,Fiber optic,104.65,58,True,True,One year,Electronic check,False,True,6219.6,False,Yes,Fiber optic0One year,True,Male,True,Yes,Yes,0.5798413364010097
81.20625,0,5229-PRWKT,False,Yes,False,Fiber optic,86.55,8,False,False,Month-to-month,Electronic check,False,True,649.65,False,Yes,Fiber optic0Month-to-month,False,Male,True,Yes,Yes,0.8499445400625278
90.21041666666667,0,8565-CLBZW,False,Yes,False,Fiber optic,89.85,24,True,True,Month-to-month,Mailed check,False,False,2165.05,False,Yes,Fiber optic0Month-to-month,False,Male,True,Yes,Yes,0.6776822174368772
71.1,0,8040-MNRTF,False,No,False,Fiber optic,71.1,1,False,False,Month-to-month,Mailed check,False,False,71.1,False,Yes,Fiber optic0Month-to-month,False,Female,False,No,Yes,0.8096095325634064
70.8,0,4090-KPJIP,False,Yes,False,Fiber optic,74.95,3,False,False,Month-to-month,Electronic check,False,False,212.4,False,Yes,Fiber optic0Month-to-month,False,Female,True,No,Yes,0.9248112947051459
73.2,1,9231-ZJYAM,False,No,False,Fiber optic,78.85,4,False,True,Month-to-month,Electronic check,False,False,292.8,False,Yes,Fiber optic1Month-to-month,False,Female,True,Yes,Yes,0.9050683869644316
25.1,0,6032-IGALN,False,No phone service,False,DSL,25.1,1,False,False,Month-to-month,Mailed check,False,False,25.1,False,No,DSL0Month-to-month,False,Female,True,Yes,Yes,0.6933462953813567
27.05625,0,5133-VRSAB,False,No phone service,False,DSL,29.35,8,False,False,Month-to-month,Mailed check,True,False,216.45,False,No,DSL0Month-to-month,False,Male,False,No,Yes,0.5168225940231184
102.10810810810811,0,5370-IIVVL,False,Yes,True,Fiber optic,104.5,37,False,True,One year,Credit card (automatic),False,True,3778.0,False,Yes,Fiber optic0One year,True,Male,True,No,Yes,0.5570380854960073
54.075,0,3668-QPYBK,False,No,True,DSL,53.85,2,False,False,Month-to-month,Mailed check,True,False,108.15,False,Yes,DSL0Month-to-month,False,Male,True,Yes,Yes,0.5877374701054653
86.725,0,6331-EWIEB,False,Yes,False,Fiber optic,85.25,20,False,True,Month-to-month,Electronic check,False,False,1734.5,False,Yes,Fiber optic0Month-to-month,False,Male,True,Yes,Yes,0.8224729983623105
78.68947368421053,0,8456-QDAVC,False,No,False,Fiber optic,78.7,19,False,True,Month-to-month,Bank transfer (automatic),False,False,1495.1,False,Yes,Fiber optic0Month-to-month,False,Male,True,No,Yes,0.7317876734455288
58.525,0,9667-TKTVZ,False,Yes,False,DSL,54.35,2,False,False,Month-to-month,Mailed check,False,False,117.05,False,Yes,DSL0Month-to-month,True,Female,True,No,Yes,0.7481235465930375
77.56590909090909,0,8212-CRQXP,True,No,False,Fiber optic,80.0,22,False,True,Month-to-month,Credit card (automatic),False,False,1706.45,False,Yes,Fiber optic0Month-to-month,False,Female,True,No,Yes,0.7262602526249807
91.27499999999999,0,3440-JPSCL,False,No,False,Fiber optic,99.95,6,True,True,Month-to-month,Mailed check,False,True,547.65,False,Yes,Fiber optic0Month-to-month,True,Female,True,Yes,Yes,0.8408654973423119
75.803125,0,5146-CBVOE,False,No,True,Fiber optic,75.1,16,False,False,Month-to-month,Bank transfer (automatic),False,False,1212.85,False,Yes,Fiber optic0Month-to-month,False,Female,False,No,Yes,0.5555419365598029
70.1,0,2262-SLNVK,False,No,False,Fiber optic,70.1,1,False,False,Month-to-month,Electronic check,False,False,70.1,False,Yes,Fiber optic0Month-to-month,False,Female,False,No,Yes,0.8645861477876741
75.9,0,0231-LXVAP,False,No,False,Fiber optic,75.9,1,False,False,Month-to-month,Electronic check,False,False,75.9,False,Yes,Fiber optic0Month-to-month,True,Male,True,Yes,Yes,0.883934326344095
44.95,0,8950-MTZNV,False,No,False,DSL,44.95,1,False,False,Month-to-month,Mailed check,False,False,44.95,False,Yes,DSL0Month-to-month,False,Male,True,No,Yes,0.7106179082876717
45.4,1,2718-GAXQD,True,No,False,DSL,46.0,4,False,False,Month-to-month,Electronic check,False,False,181.6,True,Yes,DSL1Month-to-month,False,Female,False,Yes,Yes,0.71558807318977
88.92073170731707,0,9053-EJUNL,False,Yes,True,Fiber optic,89.2,41,False,True,Month-to-month,Electronic check,False,False,3645.75,False,Yes,Fiber optic0Month-to-month,False,Male,True,No,Yes,0.720570989276427
72.524,1,7924-GJZFI,True,No,False,Fiber optic,69.3,25,False,False,Month-to-month,Electronic check,False,False,1813.1,False,Yes,Fiber optic1Month-to-month,False,Female,True,No,Yes,0.6839814940119491
55.05,0,3577-AMVUX,False,No,False,DSL,55.05,1,True,False,Month-to-month,Mailed check,False,False,55.05,False,Yes,DSL0Month-to-month,True,Male,False,No,Yes,0.6130197294650066
49.51056338028169,0,6559-ILWKJ,True,No phone service,True,DSL,49.35,71,False,True,Two year,Electronic check,False,True,3515.25,False,No,DSL0Two year,False,Male,False,Yes,Yes,0.5184958543353777
45.3,0,7065-YUNRY,False,No,False,DSL,45.3,1,False,False,Month-to-month,Mailed check,False,False,45.3,False,Yes,DSL0Month-to-month,False,Female,True,Yes,Yes,0.7299806864969228
95.71351351351352,0,5816-QVHRX,False,Yes,False,Fiber optic,100.3,37,False,True,Month-to-month,Credit card (automatic),False,True,3541.4,False,Yes,Fiber optic0Month-to-month,True,Female,False,No,Yes,0.6298253582627212
40.650000000000006,1,0749-IRGQE,True,No phone service,False,DSL,45.3,13,False,True,Month-to-month,Electronic check,False,True,528.45,False,No,DSL1Month-to-month,False,Female,False,No,Yes,0.635089928211286
72.35000000000001,1,4505-EXZHB,False,No,False,Fiber optic,74.4,6,True,False,Month-to-month,Electronic check,False,False,434.1,False,Yes,Fiber optic1Month-to-month,False,Female,False,Yes,Yes,0.8689643014855892
95.63529411764705,1,4989-LIXVT,False,Yes,True,Fiber optic,95.9,68,True,False,Month-to-month,Electronic check,False,True,6503.2,False,Yes,Fiber optic1Month-to-month,False,Male,True,No,Yes,0.6772099359901295
75.3157142857143,0,1596-BBVTG,False,Yes,False,Fiber optic,75.35,35,False,False,Month-to-month,Credit card (automatic),False,False,2636.05,False,Yes,Fiber optic0Month-to-month,False,Male,False,Yes,Yes,0.5557335139747536
54.943518518518516,1,6008-NAIXK,False,No phone service,True,DSL,55.45,54,True,True,One year,Electronic check,False,True,2966.95,False,No,DSL1One year,False,Male,True,No,Yes,0.5260604217034248
114.62321428571428,1,6664-FPDAC,False,Yes,True,Fiber optic,111.95,56,True,True,One year,Electronic check,False,True,6418.9,False,Yes,Fiber optic1One year,True,Female,True,Yes,Yes,0.6378444768045642
75.3,1,5564-NEMQO,False,No,False,Fiber optic,75.3,1,True,False,Month-to-month,Bank transfer (automatic),False,False,75.3,False,Yes,Fiber optic1Month-to-month,False,Female,True,Yes,Yes,0.8836474267374782
105.0,1,7124-UGSUR,True,Yes,True,Fiber optic,104.4,61,True,True,One year,Credit card (automatic),False,True,6405.0,False,Yes,Fiber optic1One year,False,Female,True,Yes,Yes,0.5915426558438646
66.55121951219512,0,4174-LPGTI,True,No,True,DSL,66.5,41,False,False,One year,Bank transfer (automatic),False,True,2728.6,True,Yes,DSL0One year,True,Female,True,Yes,Yes,0.5763297810754092
84.6,0,8937-RDTHP,False,No,False,Fiber optic,84.6,1,False,False,Month-to-month,Mailed check,True,True,84.6,False,Yes,Fiber optic0Month-to-month,False,Male,True,Yes,Yes,0.8275429782893816
64.471875,0,9114-AAFQH,True,No,True,DSL,65.65,48,True,False,One year,Electronic check,False,True,3094.65,False,Yes,DSL0One year,False,Female,True,No,Yes,0.6329017946811247
44.833333333333336,0,7963-GQRMY,True,No,False,DSL,44.3,3,False,False,Month-to-month,Mailed check,False,False,134.5,True,Yes,DSL0Month-to-month,False,Female,False,Yes,Yes,0.6030612120343477
49.3,0,3716-UVSPD,False,No,False,DSL,49.3,1,False,False,Month-to-month,Electronic check,False,False,49.3,False,Yes,DSL0Month-to-month,True,Male,True,No,Yes,0.77136779826772
104.53846153846153,0,0871-URUWO,True,Yes,False,Fiber optic,102.25,13,True,True,Month-to-month,Credit card (automatic),False,True,1359.0,False,Yes,Fiber optic0Month-to-month,False,Male,True,Yes,Yes,0.9050571959194128
95.10625,0,7979-CORPM,False,Yes,True,Fiber optic,90.55,24,False,True,Month-to-month,Credit card (automatic),False,False,2282.55,False,Yes,Fiber optic0Month-to-month,False,Male,True,Yes,Yes,0.7021070681796421
90.845,0,1215-FIGMP,False,Yes,True,Fiber optic,89.9,60,False,True,Month-to-month,Bank transfer (automatic),False,False,5450.7,False,Yes,Fiber optic0Month-to-month,False,Male,True,No,Yes,0.5152213562127964
97.02499999999999,0,2612-RANWT,False,Yes,False,Fiber optic,100.15,12,True,True,Month-to-month,Bank transfer (automatic),False,True,1164.3,False,Yes,Fiber optic0Month-to-month,False,Female,True,Yes,Yes,0.901130620380707
88.50833333333333,0,2180-DXNEG,False,No,False,Fiber optic,96.0,12,True,True,Month-to-month,Electronic check,False,True,1062.1,False,Yes,Fiber optic0Month-to-month,False,Female,True,Yes,Yes,0.8537367590310121
85.53333333333335,0,3519-ZKXGG,True,Yes,False,Fiber optic,75.85,3,False,False,Month-to-month,Electronic check,False,False,256.6,False,Yes,Fiber optic0Month-to-month,False,Female,True,Yes,Yes,0.9449328624420774
95.86964285714285,0,6635-CPNUN,True,Yes,True,Fiber optic,96.6,28,True,True,Month-to-month,Credit card (automatic),False,False,2684.35,False,Yes,Fiber optic0Month-to-month,False,Male,False,No,Yes,0.5821086382029258
97.94302325581396,0,7486-KSRVI,False,Yes,False,Fiber optic,100.0,43,False,True,One year,Electronic check,False,True,4211.55,False,Yes,Fiber optic0One year,True,Male,True,Yes,Yes,0.6493812275689653
29.139999999999997,1,5143-EGQFK,False,No phone service,False,DSL,29.65,10,False,False,Month-to-month,Electronic check,False,False,291.4,False,No,DSL1Month-to-month,True,Female,True,Yes,Yes,0.6160943840853178
97.5625,1,7234-FECYN,False,Yes,False,Fiber optic,101.35,8,True,True,Month-to-month,Electronic check,False,True,780.5,False,Yes,Fiber optic1Month-to-month,False,Female,False,Yes,Yes,0.9055995528553612
70.85,0,1031-IIDEO,False,No,False,Fiber optic,70.85,1,False,False,Month-to-month,Electronic check,False,False,70.85,False,Yes,Fiber optic0Month-to-month,False,Female,True,Yes,Yes,0.9146215911889543
77.9,0,2868-SNELZ,False,Yes,False,Fiber optic,80.6,2,True,False,Month-to-month,Mailed check,False,False,155.8,False,Yes,Fiber optic0Month-to-month,False,Female,False,Yes,Yes,0.8439094652652012
66.79285714285714,1,5931-FLJJF,True,No,False,Fiber optic,70.1,7,False,False,Month-to-month,Mailed check,False,False,467.55,False,Yes,Fiber optic1Month-to-month,False,Male,True,Yes,Yes,0.7722080328199868
85.0,0,9282-IZGQK,False,Yes,False,Fiber optic,85.0,1,False,False,Month-to-month,Electronic check,False,True,85.0,False,Yes,Fiber optic0Month-to-month,False,Female,True,Yes,Yes,0.950940186750484
90.45384615384616,1,6712-OAWRH,False,No,False,Fiber optic,91.25,26,False,True,Month-to-month,Electronic check,False,True,2351.8,False,Yes,Fiber optic1Month-to-month,False,Female,True,Yes,Yes,0.7057078004752515
79.14999999999999,1,0196-VULGZ,True,Yes,False,Fiber optic,84.35,6,False,False,Month-to-month,Electronic check,False,True,474.9,False,Yes,Fiber optic1Month-to-month,False,Female,True,Yes,Yes,0.9624077716855669
67.3,0,3090-LETTY,False,Yes,True,DSL,60.95,2,False,False,Month-to-month,Bank transfer (automatic),True,False,134.6,True,Yes,DSL0Month-to-month,False,Male,False,No,Yes,0.6355042029302748
62.975,0,1791-PQHBB,False,No,False,DSL,61.2,2,False,False,Month-to-month,Credit card (automatic),True,True,125.95,True,Yes,DSL0Month-to-month,False,Female,True,No,Yes,0.6817044090513498
38.32051282051282,0,7074-STDCN,False,No phone service,False,DSL,40.6,39,False,False,Month-to-month,Electronic check,False,True,1494.5,False,No,DSL0Month-to-month,True,Male,True,No,Yes,0.7371457698129581
53.1,0,7501-VTYLJ,False,No,True,DSL,51.55,2,False,False,Month-to-month,Mailed check,False,False,106.2,True,Yes,DSL0Month-to-month,False,Female,False,No,Yes,0.5777333830123887
42.9,0,6959-UWKHF,False,No,False,DSL,42.9,1,False,False,Month-to-month,Electronic check,False,False,42.9,False,Yes,DSL0Month-to-month,False,Male,True,Yes,Yes,0.7938958623640969
98.56216216216217,0,6862-CQUMB,False,No,True,Fiber optic,96.1,37,False,True,Month-to-month,Credit card (automatic),False,True,3646.8,False,Yes,Fiber optic0Month-to-month,False,Male,True,No,Yes,0.6461448832123314
51.96,0,0870-VEMYL,False,No,False,DSL,53.85,5,False,False,Month-to-month,Credit card (automatic),True,False,259.8,False,Yes,DSL0Month-to-month,True,Female,False,Yes,Yes,0.5284417216141357
34.7,0,0375-HVGXO,False,No phone service,False,DSL,34.7,1,False,True,Month-to-month,Electronic check,False,False,34.7,False,No,DSL0Month-to-month,False,Female,True,Yes,Yes,0.8807478343289109
107.44200000000001,0,5129-JLPIS,False,No,False,Fiber optic,105.5,25,True,True,Month-to-month,Electronic check,True,True,2686.05,False,Yes,Fiber optic0Month-to-month,True,Male,True,No,Yes,0.6105264804795716
74.70714285714287,0,7638-QVMVY,False,No,False,Fiber optic,79.0,7,False,True,Month-to-month,Electronic check,False,False,522.95,False,Yes,Fiber optic0Month-to-month,False,Female,True,Yes,Yes,0.884539001660254
40.00909090909091,1,5180-UCIIQ,True,No phone service,False,DSL,40.05,22,False,False,Month-to-month,Mailed check,True,True,880.2,True,No,DSL1Month-to-month,False,Male,False,Yes,Yes,0.9079366683767153
78.47105263157896,0,4013-TLDHQ,False,No,True,Fiber optic,78.25,19,True,False,Month-to-month,Electronic check,False,False,1490.95,False,Yes,Fiber optic0Month-to-month,False,Male,True,Yes,Yes,0.6874887203835328
102.65333333333334,0,4298-OYIFC,True,Yes,False,Fiber optic,103.45,15,True,True,Month-to-month,Electronic check,False,True,1539.8,False,Yes,Fiber optic0Month-to-month,True,Male,True,No,Yes,0.9015371881804284
51.550000000000004,0,0807-ZABDG,False,No,False,DSL,55.1,3,False,False,Month-to-month,Mailed check,True,False,154.65,True,Yes,DSL0Month-to-month,True,Female,True,Yes,Yes,0.6102682151882973
44.55,0,2903-YYTBW,True,No,False,DSL,44.55,1,False,False,Month-to-month,Electronic check,False,False,44.55,True,Yes,DSL0Month-to-month,False,Male,False,No,Yes,0.7380409329094824
69.65,0,7254-IQWOZ,False,No,False,Fiber optic,69.65,1,False,False,Month-to-month,Electronic check,False,False,69.65,False,Yes,Fiber optic0Month-to-month,False,Male,True,Yes,Yes,0.901864125273958
67.32352941176471,0,3884-HCSWG,False,No,False,Fiber optic,70.0,17,False,False,Month-to-month,Electronic check,False,False,1144.5,False,Yes,Fiber optic0Month-to-month,False,Female,True,Yes,Yes,0.7271987669299761
89.2,1,4884-ZTHVF,False,No,True,Fiber optic,87.1,8,False,True,Month-to-month,Electronic check,False,False,713.6,False,Yes,Fiber optic1Month-to-month,False,Female,True,No,Yes,0.8477624345989828
71.175,1,4342-HENTK,False,No,False,Fiber optic,70.65,2,False,False,Month-to-month,Electronic check,False,False,142.35,False,Yes,Fiber optic1Month-to-month,False,Female,True,Yes,Yes,0.9001743568589038
93.6969696969697,0,7422-WNBTY,True,Yes,True,Fiber optic,93.35,33,True,False,Month-to-month,Electronic check,False,True,3092.0,False,Yes,Fiber optic0Month-to-month,False,Male,True,No,Yes,0.6869630357061871
43.85,0,6650-VJONK,False,No,False,DSL,43.85,1,False,False,Month-to-month,Bank transfer (automatic),False,False,43.85,False,Yes,DSL0Month-to-month,False,Male,True,No,Yes,0.7282830478776818
106.15149253731343,1,5897-ZYEKH,True,Yes,True,Fiber optic,105.6,67,False,True,One year,Electronic check,True,True,7112.15,False,Yes,Fiber optic1One year,False,Female,True,No,Yes,0.5331696181747748
75.84736842105262,0,7517-SAWMO,True,No,False,Fiber optic,73.2,19,False,False,Month-to-month,Electronic check,True,False,1441.1,False,Yes,Fiber optic0Month-to-month,False,Female,True,Yes,Yes,0.6660145040177741
95.62647058823529,0,2719-BDAQO,False,No,False,Fiber optic,93.85,17,False,True,Month-to-month,Electronic check,True,True,1625.65,False,Yes,Fiber optic0Month-to-month,False,Male,False,Yes,Yes,0.6607334792576316
43.65,0,3620-MWJNE,False,No,False,DSL,54.45,2,False,False,Month-to-month,Mailed check,True,False,87.3,False,Yes,DSL0Month-to-month,True,Male,True,No,Yes,0.6963225434078323
105.10378787878788,0,1469-LBJQJ,True,Yes,True,Fiber optic,105.2,66,True,True,Month-to-month,Electronic check,False,True,6936.85,False,Yes,Fiber optic0Month-to-month,False,Female,True,No,Yes,0.7048765793205111
78.05625,0,1384-RCUXW,False,Yes,True,Fiber optic,80.55,16,False,False,Month-to-month,Mailed check,False,False,1248.9,False,Yes,Fiber optic0Month-to-month,False,Male,True,No,Yes,0.6905276711714435
19.75,0,2465-BLLEU,False,No,False,No,19.75,1,False,False,Month-to-month,Mailed check,False,False,19.75,False,Yes,No0Month-to-month,False,Male,True,No,Yes,0.5947907512454549
94.39583333333333,0,1571-SAVHK,False,Yes,False,Fiber optic,99.95,12,False,True,Month-to-month,Mailed check,False,True,1132.75,False,Yes,Fiber optic0Month-to-month,True,Male,True,Yes,Yes,0.831837681356874
99.25857142857143,1,3318-OSATS,False,Yes,False,Fiber optic,95.45,35,False,True,Month-to-month,Electronic check,False,True,3474.05,False,Yes,Fiber optic1Month-to-month,False,Male,True,Yes,Yes,0.8471419979579151
90.67173913043477,0,3323-CPBWR,False,Yes,False,Fiber optic,96.9,23,True,True,Month-to-month,Credit card (automatic),False,False,2085.45,False,Yes,Fiber optic0Month-to-month,True,Male,True,No,Yes,0.6559048387943865
109.03297872340426,0,6599-RCLCJ,True,Yes,True,Fiber optic,109.55,47,True,True,Month-to-month,Electronic check,False,True,5124.55,False,Yes,Fiber optic0Month-to-month,True,Male,True,Yes,Yes,0.6107103463242353
80.3125,1,9029-FEGVJ,True,Yes,False,Fiber optic,79.3,32,True,False,Month-to-month,Mailed check,False,False,2570.0,False,Yes,Fiber optic1Month-to-month,False,Female,False,No,Yes,0.5838863267094165
39.65,1,8779-QRDMV,False,No phone service,False,DSL,39.65,1,True,False,Month-to-month,Electronic check,False,True,39.65,False,No,DSL1Month-to-month,False,Male,True,Yes,Yes,0.9547077815224729
105.50777777777779,0,3932-IJWDZ,False,Yes,False,Fiber optic,103.65,45,True,True,Month-to-month,Bank transfer (automatic),False,True,4747.85,False,Yes,Fiber optic0Month-to-month,True,Male,True,No,Yes,0.617395049240634
71.60625,1,1016-DJTSV,False,No,False,Fiber optic,69.7,8,False,False,Month-to-month,Electronic check,False,False,572.85,False,Yes,Fiber optic1Month-to-month,False,Male,True,No,Yes,0.8384146211632434
79.15,0,7493-TPUWZ,False,Yes,True,Fiber optic,79.15,1,False,False,Month-to-month,Electronic check,False,False,79.15,False,Yes,Fiber optic0Month-to-month,False,Male,True,Yes,Yes,0.9356708968794469
117.659375,0,0771-WLCLA,True,Yes,False,Fiber optic,112.95,16,True,True,Month-to-month,Electronic check,True,True,1882.55,True,Yes,Fiber optic0Month-to-month,True,Female,True,No,Yes,0.6532189562048533
73.9,0,5916-QEWPT,True,No,False,DSL,69.0,2,True,True,Month-to-month,Credit card (automatic),False,True,147.8,False,Yes,DSL0Month-to-month,False,Female,False,No,Yes,0.6339832878641098
93.9337837837838,0,5394-SVGJV,False,Yes,False,Fiber optic,98.8,37,False,True,Month-to-month,Bank transfer (automatic),False,True,3475.55,False,Yes,Fiber optic0Month-to-month,True,Male,False,Yes,Yes,0.5789168386500635
77.15,0,2609-IAICY,False,Yes,False,Fiber optic,77.15,1,False,False,Month-to-month,Electronic check,False,False,77.15,False,Yes,Fiber optic0Month-to-month,False,Female,True,Yes,Yes,0.9474147233977549
61.2875,0,8388-FYNPZ,False,No,False,DSL,56.75,4,True,False,Month-to-month,Electronic check,True,False,245.15,False,Yes,DSL0Month-to-month,False,Male,False,No,Yes,0.6591345771128571
77.83076923076922,0,0928-XUTSN,False,No,False,Fiber optic,80.5,13,False,False,Month-to-month,Electronic check,False,True,1011.8,False,Yes,Fiber optic0Month-to-month,False,Female,True,No,Yes,0.7970410360468743
75.35,1,4988-IQIGL,False,Yes,False,Fiber optic,75.35,1,False,False,Month-to-month,Electronic check,False,False,75.35,False,Yes,Fiber optic1Month-to-month,False,Male,True,Yes,Yes,0.9432260449242885
59.125,1,6048-QBXKL,False,Yes,True,DSL,56.55,2,False,False,Month-to-month,Credit card (automatic),False,False,118.25,False,Yes,DSL1Month-to-month,False,Female,True,No,Yes,0.551256474042647
110.12,0,6734-GMPVK,False,Yes,True,Fiber optic,105.3,5,True,True,Month-to-month,Electronic check,False,True,550.6,False,Yes,Fiber optic0Month-to-month,False,Male,False,No,Yes,0.9235899044326529
86.6,0,8603-IJWDN,False,Yes,False,Fiber optic,86.6,1,False,False,Month-to-month,Electronic check,False,True,86.6,False,Yes,Fiber optic0Month-to-month,False,Male,True,Yes,Yes,0.9446984419103491
44.06666666666666,1,7273-TEFQD,False,No phone service,False,DSL,41.15,3,True,False,Month-to-month,Electronic check,False,True,132.2,False,No,DSL1Month-to-month,False,Male,True,Yes,Yes,0.9308877848919022
101.69285714285715,0,3325-FUYCG,True,Yes,True,Fiber optic,106.1,28,False,True,One year,Electronic check,True,True,2847.4,True,Yes,Fiber optic0One year,False,Male,False,Yes,Yes,0.6328426713053983
19.45,0,8393-JMVMB,False,No,False,No,19.45,1,False,False,Month-to-month,Mailed check,False,False,19.45,False,Yes,No0Month-to-month,False,Male,False,No,Yes,0.5631472138283355
85.05588235294118,0,3633-CDBUW,False,No,True,DSL,80.85,17,True,True,One year,Electronic check,False,True,1445.95,True,Yes,DSL0One year,True,Male,False,No,Yes,0.5016883016616039
96.15714285714286,1,6502-HCJTI,True,Yes,True,Fiber optic,94.7,7,False,False,Month-to-month,Credit card (automatic),True,True,673.1,False,Yes,Fiber optic1Month-to-month,False,Male,True,Yes,Yes,0.9294760992162425
103.5,1,6646-VRFOL,True,Yes,True,Fiber optic,103.85,53,True,True,Month-to-month,Electronic check,False,True,5485.5,False,Yes,Fiber optic1Month-to-month,False,Male,True,Yes,Yes,0.734875452156244
74.33,1,4795-KTRTH,True,Yes,True,Fiber optic,81.0,5,False,False,Month-to-month,Electronic check,False,False,371.65,False,Yes,Fiber optic1Month-to-month,False,Female,True,Yes,Yes,0.9564009324258828
91.24375,1,4145-UQXUQ,False,No,False,Fiber optic,92.1,8,True,True,Month-to-month,Electronic check,False,True,729.95,False,Yes,Fiber optic1Month-to-month,False,Female,True,Yes,Yes,0.8839866528538359
69.04428571428572,0,2884-GBPFB,True,No,False,Fiber optic,70.3,35,False,False,Month-to-month,Electronic check,False,False,2416.55,False,Yes,Fiber optic0Month-to-month,False,Female,True,Yes,Yes,0.6765513068675976
66.725,0,2608-BHKFN,False,No,False,Fiber optic,70.05,4,False,False,Month-to-month,Credit card (automatic),False,False,266.9,False,Yes,Fiber optic0Month-to-month,False,Female,True,Yes,Yes,0.8118049818188375
79.55,0,6618-RYATB,False,Yes,False,Fiber optic,79.55,1,True,False,Month-to-month,Mailed check,False,False,79.55,False,Yes,Fiber optic0Month-to-month,False,Female,True,Yes,Yes,0.9185414286618925
79.99166666666666,0,1319-YLZJG,True,No,True,Fiber optic,84.6,12,True,False,Month-to-month,Electronic check,True,False,959.9,False,Yes,Fiber optic0Month-to-month,False,Male,True,No,Yes,0.6156177110654719
89.70333333333333,1,8519-IMDHU,True,Yes,False,Fiber optic,85.6,15,False,False,Month-to-month,Bank transfer (automatic),False,True,1345.55,False,Yes,Fiber optic1Month-to-month,False,Male,True,Yes,Yes,0.8525133568132407
40.625,0,2372-HWUHI,False,No,False,DSL,44.35,2,False,False,Month-to-month,Electronic check,False,False,81.25,False,Yes,DSL0Month-to-month,False,Male,False,Yes,Yes,0.7742446028390333
20.45,0,0673-IGUQO,False,No,False,No,20.45,1,False,False,Month-to-month,Mailed check,False,False,20.45,False,Yes,No0Month-to-month,False,Male,False,No,Yes,0.5328099344623629
107.97826086956522,1,8118-LSUEL,False,Yes,True,Fiber optic,106.4,23,True,True,Month-to-month,Electronic check,False,True,2483.5,False,Yes,Fiber optic1Month-to-month,False,Male,True,Yes,Yes,0.8621313804481341
89.16363636363636,1,1845-CSBRZ,True,Yes,False,Fiber optic,85.35,22,False,True,Month-to-month,Bank transfer (automatic),False,False,1961.6,True,Yes,Fiber optic1Month-to-month,False,Female,False,No,Yes,0.5706044377461568
83.80833333333334,0,4636-QRJKY,True,Yes,False,Fiber optic,80.5,6,False,False,Month-to-month,Electronic check,False,False,502.85,True,Yes,Fiber optic0Month-to-month,True,Female,True,Yes,Yes,0.8535099300594874
45.0,0,8356-WUAOJ,True,No,False,DSL,45.0,1,False,False,Month-to-month,Electronic check,False,False,45.0,False,Yes,DSL0Month-to-month,False,Female,True,No,Yes,0.7947464325698591
92.43,1,2988-GBIVW,True,Yes,False,Fiber optic,90.85,70,False,False,Month-to-month,Electronic check,True,True,6470.1,False,Yes,Fiber optic1Month-to-month,False,Female,True,No,Yes,0.7003393715705422
80.01444444444445,0,0607-MVMGC,True,Yes,True,DSL,78.75,45,True,True,One year,Credit card (automatic),False,True,3600.65,True,Yes,DSL0One year,False,Male,False,No,Yes,0.5387257462100621
47.166666666666664,0,1589-AGTLK,False,No,False,DSL,45.35,3,False,False,Month-to-month,Electronic check,False,False,141.5,False,Yes,DSL0Month-to-month,False,Male,True,Yes,Yes,0.7342418685871691
50.57857142857143,0,2207-OBZNX,False,No,False,DSL,51.0,7,False,False,Month-to-month,Mailed check,True,False,354.05,False,Yes,DSL0Month-to-month,False,Male,True,Yes,Yes,0.527595161114972
85.17999999999999,0,0876-WDUUZ,False,No,False,Fiber optic,85.4,5,False,False,Month-to-month,Credit card (automatic),False,True,425.9,False,Yes,Fiber optic0Month-to-month,True,Female,True,Yes,Yes,0.7696634432100115
45.6,0,9244-ZVAPM,False,No,False,DSL,45.6,1,False,False,Month-to-month,Mailed check,False,False,45.6,False,Yes,DSL0Month-to-month,False,Male,False,No,Yes,0.6555468950227349
98.35882352941177,0,6591-QGOYB,False,Yes,True,Fiber optic,106.65,17,True,True,Month-to-month,Bank transfer (automatic),True,False,1672.1,False,Yes,Fiber optic0Month-to-month,True,Male,True,No,Yes,0.7206370032585011
36.45,1,3776-EKTKM,False,No phone service,False,DSL,36.45,1,False,True,Month-to-month,Electronic check,False,False,36.45,False,No,DSL1Month-to-month,False,Female,True,Yes,Yes,0.9624508654275478
80.2,0,0137-OCGAB,False,Yes,True,Fiber optic,80.2,1,False,False,Month-to-month,Mailed check,False,False,80.2,False,Yes,Fiber optic0Month-to-month,False,Female,True,Yes,Yes,0.9084810930884109
76.65,1,8361-LTMKD,True,Yes,False,Fiber optic,74.4,4,False,False,Month-to-month,Mailed check,False,False,306.6,False,Yes,Fiber optic1Month-to-month,False,Male,True,Yes,Yes,0.9191427826002342
73.52093023255814,0,2842-BCQGE,False,Yes,False,Fiber optic,75.35,43,False,False,Month-to-month,Credit card (automatic),False,False,3161.4,False,Yes,Fiber optic0Month-to-month,False,Male,True,No,Yes,0.6589616034683338
19.65,0,7291-CDTMJ,False,No,False,No,19.65,1,False,False,Month-to-month,Bank transfer (automatic),False,False,19.65,False,Yes,No0Month-to-month,False,Male,True,No,Yes,0.6179939884735597
91.1375,0,0702-PGIBZ,False,Yes,True,Fiber optic,101.7,4,False,True,Month-to-month,Electronic check,False,True,364.55,True,Yes,Fiber optic0Month-to-month,False,Male,True,Yes,Yes,0.948395684023443
65.63333333333334,0,3043-TYBNO,False,No,False,DSL,60.65,3,False,False,Month-to-month,Mailed check,False,True,196.9,False,Yes,DSL0Month-to-month,True,Male,False,No,Yes,0.5660639944070461
110.90166666666667,0,6647-ZEDXT,False,Yes,True,Fiber optic,110.45,30,True,True,One year,Credit card (automatic),False,True,3327.05,False,Yes,Fiber optic0One year,True,Female,False,No,Yes,0.5778039624441805
96.08636363636364,0,0897-FEGMU,True,Yes,False,Fiber optic,99.5,11,True,True,Month-to-month,Electronic check,False,True,1056.95,False,Yes,Fiber optic0Month-to-month,False,Female,True,Yes,Yes,0.9350290004939589
72.48333333333333,0,7823-JSOAG,False,Yes,False,Fiber optic,74.5,3,False,False,Month-to-month,Electronic check,False,False,217.45,False,Yes,Fiber optic0Month-to-month,False,Male,False,No,Yes,0.876899935875831
67.6,0,4482-EWFMI,False,No,False,Fiber optic,69.7,2,False,False,Month-to-month,Electronic check,False,False,135.2,False,Yes,Fiber optic0Month-to-month,False,Female,True,No,Yes,0.8908560913315545
71.04285714285714,0,0958-YHXGP,False,No,False,Fiber optic,69.9,7,False,False,Month-to-month,Mailed check,False,False,497.3,False,Yes,Fiber optic0Month-to-month,False,Female,True,No,Yes,0.7436402081051429
92.4927536231884,1,8755-IWJHN,True,Yes,True,Fiber optic,95.35,69,True,False,Month-to-month,Bank transfer (automatic),False,True,6382.0,False,Yes,Fiber optic1Month-to-month,False,Male,True,No,Yes,0.600272487188364
19.15,0,7302-ZHMHP,False,No,False,No,19.15,1,False,False,Month-to-month,Mailed check,False,False,19.15,False,Yes,No0Month-to-month,False,Female,False,No,Yes,0.59356802678713
85.3625,0,9430-FRQOC,False,Yes,False,Fiber optic,87.1,4,True,False,Month-to-month,Mailed check,False,False,341.45,True,Yes,Fiber optic0Month-to-month,True,Female,True,Yes,Yes,0.7759022750150195
108.91382978723404,0,4566-GOLUK,True,Yes,False,Fiber optic,107.35,47,True,True,Month-to-month,Bank transfer (automatic),False,True,5118.95,True,Yes,Fiber optic0Month-to-month,True,Male,True,Yes,Yes,0.5219169122777483
108.64154929577465,1,2615-YVMYX,True,Yes,True,Fiber optic,107.5,71,True,True,Month-to-month,Electronic check,True,True,7713.55,False,Yes,Fiber optic1Month-to-month,False,Male,True,No,Yes,0.6374954167608546
20.2,0,1493-AMTIE,False,No,False,No,20.2,1,False,False,Month-to-month,Bank transfer (automatic),False,False,20.2,False,Yes,No0Month-to-month,False,Male,True,Yes,Yes,0.6021069333218984
91.71964285714286,0,8417-GSODA,True,Yes,False,Fiber optic,92.2,28,False,True,One year,Bank transfer (automatic),False,True,2568.15,True,Yes,Fiber optic0One year,False,Male,False,No,Yes,0.6028069575390178
79.725,0,8183-ONMXC,False,No,False,Fiber optic,80.75,2,False,False,Month-to-month,Electronic check,False,True,159.45,False,Yes,Fiber optic0Month-to-month,False,Female,False,Yes,Yes,0.8759538891784021
70.06,0,2100-BDNSN,True,Yes,False,DSL,67.95,5,True,True,Month-to-month,Bank transfer (automatic),False,False,350.3,False,Yes,DSL0Month-to-month,True,Female,False,Yes,Yes,0.5093168050982413
79.7875,0,3671-SHRSP,True,No,False,Fiber optic,80.6,4,True,False,Month-to-month,Mailed check,False,False,319.15,False,Yes,Fiber optic0Month-to-month,True,Male,True,Yes,Yes,0.748004381264164
46.083333333333336,1,3258-SANFR,False,No,False,DSL,44.7,6,False,False,Month-to-month,Credit card (automatic),False,False,276.5,False,Yes,DSL1Month-to-month,False,Male,False,No,Yes,0.5545883717893174
40.2,1,9514-JDSKI,True,No phone service,True,DSL,40.2,1,False,True,Month-to-month,Electronic check,False,False,40.2,False,No,DSL1Month-to-month,False,Male,False,Yes,Yes,0.8574742822802917
35.0,0,3841-CONLJ,True,No phone service,False,DSL,35.0,1,False,False,Month-to-month,Electronic check,False,True,35.0,False,No,DSL0Month-to-month,False,Female,False,No,Yes,0.8434687600064926
95.2625,0,6979-ZNSFF,False,Yes,False,Fiber optic,87.05,8,False,True,Month-to-month,Electronic check,False,False,762.1,False,Yes,Fiber optic0Month-to-month,False,Female,True,Yes,Yes,0.9216326474091842
70.35,0,5028-GZLDO,False,No,False,Fiber optic,70.7,2,False,False,Month-to-month,Credit card (automatic),False,False,140.7,False,Yes,Fiber optic0Month-to-month,False,Male,False,Yes,Yes,0.7843314023462553
86.26290322580645,0,0410-IPFTY,True,No,True,Fiber optic,83.85,31,False,False,Month-to-month,Bank transfer (automatic),False,True,2674.15,False,Yes,Fiber optic0Month-to-month,False,Female,True,No,Yes,0.5392829975622397
78.51111111111112,0,4282-YMKNA,False,Yes,False,Fiber optic,74.75,9,False,False,Month-to-month,Electronic check,False,False,706.6,False,Yes,Fiber optic0Month-to-month,False,Female,True,Yes,Yes,0.8740528919173095
76.11153846153846,0,2157-MXBJS,True,Yes,False,DSL,75.3,13,True,True,One year,Mailed check,False,True,989.45,False,Yes,DSL0One year,False,Male,True,Yes,Yes,0.6376120812644303
77.72999999999999,0,5652-MSDEY,False,Yes,False,Fiber optic,75.75,10,False,False,Month-to-month,Mailed check,False,False,777.3,False,Yes,Fiber optic0Month-to-month,False,Female,True,No,Yes,0.8019857107129066
76.14999999999999,1,2077-MPJQO,True,Yes,False,Fiber optic,75.4,7,False,False,Month-to-month,Electronic check,False,False,533.05,False,Yes,Fiber optic1Month-to-month,False,Male,True,No,Yes,0.9359339300024698
99.26724137931035,0,6481-ESCNL,False,Yes,False,Fiber optic,100.55,29,True,True,Month-to-month,Bank transfer (automatic),False,True,2878.75,False,Yes,Fiber optic0Month-to-month,False,Female,False,No,Yes,0.687028464382572
79.35000000000001,0,7126-RBHSD,True,Yes,False,Fiber optic,78.9,17,False,False,Month-to-month,Electronic check,True,False,1348.95,False,Yes,Fiber optic0Month-to-month,False,Female,False,No,Yes,0.6588768269103947
80.17142857142858,0,3317-VLGQT,True,No,False,Fiber optic,78.1,14,False,False,Month-to-month,Electronic check,False,True,1122.4,False,Yes,Fiber optic0Month-to-month,False,Female,True,No,Yes,0.8238070512092259
44.3,0,0082-LDZUE,False,No,False,DSL,44.3,1,False,False,Month-to-month,Mailed check,False,False,44.3,False,Yes,DSL0Month-to-month,False,Male,True,No,Yes,0.7108585148844138
102.2344827586207,1,3001-UNBTL,True,Yes,False,Fiber optic,103.95,29,True,True,Month-to-month,Electronic check,False,True,2964.8,True,Yes,Fiber optic1Month-to-month,False,Male,True,No,Yes,0.770967791435814
50.75,0,7794-JASDG,False,No,False,DSL,50.75,1,False,False,Month-to-month,Mailed check,True,False,50.75,False,Yes,DSL0Month-to-month,False,Male,True,No,Yes,0.6917356818634351
80.375,0,5159-YFPKQ,False,No,False,Fiber optic,75.8,2,True,False,Month-to-month,Electronic check,False,False,160.75,False,Yes,Fiber optic0Month-to-month,False,Female,True,Yes,Yes,0.9160686124308913
46.635,1,7136-RVDTZ,False,No phone service,False,DSL,45.25,70,False,True,One year,Electronic check,False,True,3264.45,False,No,DSL1One year,False,Male,True,Yes,Yes,0.6536911082108247
99.25,0,7379-FNIUJ,False,No,True,Fiber optic,100.2,2,False,True,Month-to-month,Electronic check,True,True,198.5,False,Yes,Fiber optic0Month-to-month,False,Male,False,No,Yes,0.89993865789816
49.55833333333334,0,7742-MYPGI,True,No,False,DSL,48.8,6,False,False,Month-to-month,Mailed check,False,False,297.35,True,Yes,DSL0Month-to-month,True,Female,True,No,Yes,0.5481911526617137
98.78725490196078,0,5649-RXQTV,False,No,True,Fiber optic,99.0,51,True,True,Month-to-month,Electronic check,False,True,5038.15,False,Yes,Fiber optic0Month-to-month,False,Male,True,No,Yes,0.5494955233349671
76.56538461538462,0,2971-SGAFL,False,Yes,False,DSL,78.75,13,True,True,Month-to-month,Electronic check,True,True,995.35,False,Yes,DSL0Month-to-month,False,Female,True,No,Yes,0.527324992808922
104.42685185185185,0,0877-SDMBN,False,Yes,False,Fiber optic,103.95,54,True,True,One year,Bank transfer (automatic),True,True,5639.05,False,Yes,Fiber optic0One year,False,Female,True,Yes,Yes,0.5261198380530646
93.85,0,8149-RSOUN,False,Yes,False,Fiber optic,93.85,1,False,True,Month-to-month,Electronic check,False,True,93.85,False,Yes,Fiber optic0Month-to-month,False,Female,True,Yes,Yes,0.9733086560184597
99.01666666666667,0,8982-NHAVY,False,Yes,False,Fiber optic,100.5,27,True,True,One year,Bank transfer (automatic),False,True,2673.45,False,Yes,Fiber optic0One year,False,Male,True,No,Yes,0.5465218743130379
54.9,0,3658-KIBGF,False,No,True,DSL,54.9,1,False,False,Month-to-month,Electronic check,True,False,54.9,False,Yes,DSL0Month-to-month,False,Female,True,Yes,Yes,0.7243651290145487
94.10757575757576,1,5244-IRFIH,True,Yes,False,Fiber optic,94.5,33,False,True,Month-to-month,Electronic check,False,True,3105.55,False,Yes,Fiber optic1Month-to-month,False,Male,True,Yes,Yes,0.767667565295283
93.025,1,2545-EBUPK,False,Yes,False,Fiber optic,84.05,2,False,False,Month-to-month,Electronic check,False,True,186.05,False,Yes,Fiber optic1Month-to-month,False,Female,True,No,Yes,0.9737906425763795
69.95,0,3066-RRJIO,False,No,False,Fiber optic,69.95,1,False,False,Month-to-month,Mailed check,False,False,69.95,False,Yes,Fiber optic0Month-to-month,False,Female,True,Yes,Yes,0.867735512300984
88.28333333333335,0,3198-VELRD,True,Yes,False,Fiber optic,84.75,3,False,False,Month-to-month,Bank transfer (automatic),False,True,264.85,True,Yes,Fiber optic0Month-to-month,False,Female,True,Yes,Yes,0.9121861211107143
76.44333333333334,1,0529-ONKER,False,Yes,False,Fiber optic,75.65,15,False,False,Month-to-month,Electronic check,False,False,1146.65,False,Yes,Fiber optic1Month-to-month,False,Male,False,Yes,Yes,0.7901452823090365
98.309375,0,3312-UUMZW,True,Yes,True,Fiber optic,98.85,32,False,True,Month-to-month,Credit card (automatic),False,True,3145.9,False,Yes,Fiber optic0Month-to-month,False,Male,True,No,Yes,0.7562928701003131
87.02083333333333,1,5373-SFODM,True,Yes,False,Fiber optic,85.25,36,False,False,Month-to-month,Credit card (automatic),False,True,3132.75,False,Yes,Fiber optic1Month-to-month,False,Male,True,Yes,Yes,0.7400272334933738
100.20208333333333,0,0447-RXSGD,False,Yes,True,Fiber optic,99.65,24,False,True,Month-to-month,Bank transfer (automatic),False,True,2404.85,False,Yes,Fiber optic0Month-to-month,False,Male,True,No,Yes,0.7791194353187525
93.70227272727271,0,0943-ZQPXH,True,No,False,Fiber optic,92.95,44,True,True,Month-to-month,Bank transfer (automatic),False,True,4122.9,True,Yes,Fiber optic0Month-to-month,False,Male,True,No,Yes,0.5767755322794577
97.0,1,7852-LECYP,True,Yes,True,Fiber optic,93.8,13,False,False,Month-to-month,Credit card (automatic),True,True,1261.0,False,Yes,Fiber optic1Month-to-month,False,Male,False,No,Yes,0.8332759904303274
104.77380952380952,0,4423-YLHDV,True,Yes,False,Fiber optic,104.4,21,True,True,Month-to-month,Bank transfer (automatic),True,True,2200.25,False,Yes,Fiber optic0Month-to-month,False,Female,True,Yes,Yes,0.8087647767610022
91.01124999999999,1,9898-KZQDZ,True,Yes,False,Fiber optic,94.55,40,False,True,Month-to-month,Credit card (automatic),False,True,3640.45,True,Yes,Fiber optic1Month-to-month,False,Female,True,Yes,Yes,0.6759790518441378
96.33921568627451,1,8276-MQBYC,False,Yes,False,Fiber optic,97.8,51,True,True,Month-to-month,Electronic check,False,True,4913.3,False,Yes,Fiber optic1Month-to-month,False,Male,True,Yes,Yes,0.7592412600976455
20.4,0,1963-VAUKV,False,No,False,No,20.4,1,False,False,Month-to-month,Mailed check,False,False,20.4,False,Yes,No0Month-to-month,False,Female,False,Yes,Yes,0.5586962432122247
50.55,0,6689-KXGBO,False,No,True,DSL,50.55,1,False,False,Month-to-month,Electronic check,False,False,50.55,False,Yes,DSL0Month-to-month,False,Female,False,Yes,Yes,0.711206924389246
77.45,0,6357-JJPQT,False,No,False,Fiber optic,80.5,3,False,True,Month-to-month,Electronic check,False,False,232.35,False,Yes,Fiber optic0Month-to-month,False,Female,True,No,Yes,0.9256812148475748
62.975,0,7326-RIGQZ,True,No,False,Fiber optic,69.8,6,False,False,Month-to-month,Electronic check,False,False,377.85,True,Yes,Fiber optic0Month-to-month,False,Male,True,No,Yes,0.7814074803482489
101.24107142857143,0,1427-VERSM,True,No,False,Fiber optic,98.7,56,True,True,Month-to-month,Electronic check,False,True,5669.5,False,Yes,Fiber optic0Month-to-month,True,Female,True,No,Yes,0.5102089879031652
95.53999999999999,1,1724-BQUHA,False,No,False,Fiber optic,89.5,5,False,True,Month-to-month,Electronic check,False,True,477.7,False,Yes,Fiber optic1Month-to-month,False,Male,True,Yes,Yes,0.9460943459895396
93.41250000000001,0,4315-MURBD,False,No,False,Fiber optic,98.9,12,False,True,Month-to-month,Bank transfer (automatic),True,True,1120.95,False,Yes,Fiber optic0Month-to-month,True,Female,True,Yes,Yes,0.7029567925999147
77.0,0,7693-LCKZL,True,Yes,True,Fiber optic,80.15,5,False,False,Month-to-month,Electronic check,False,False,385.0,True,Yes,Fiber optic0Month-to-month,False,Male,True,Yes,Yes,0.8743853483687006
73.55,0,3496-LFSZU,True,No,False,Fiber optic,70.5,4,False,False,Month-to-month,Electronic check,False,False,294.2,False,Yes,Fiber optic0Month-to-month,False,Male,False,No,Yes,0.806707182302695
108.11250000000001,1,3692-JHONH,True,Yes,True,Fiber optic,106.5,52,True,True,One year,Electronic check,False,True,5621.85,False,Yes,Fiber optic1One year,False,Female,True,No,Yes,0.6704436656055596
28.239285714285717,0,8799-OXZMD,False,No phone service,False,DSL,29.75,28,True,False,Month-to-month,Mailed check,False,False,790.7,False,No,DSL0Month-to-month,False,Female,True,No,Yes,0.5162087135648373
101.34354838709677,0,0596-BQCEQ,True,No,True,Fiber optic,100.15,62,True,True,Month-to-month,Electronic check,False,True,6283.3,True,Yes,Fiber optic0Month-to-month,False,Female,True,Yes,Yes,0.6108086230349687
104.70566037735848,1,7056-IMHCC,True,Yes,True,Fiber optic,101.9,53,False,True,Month-to-month,Electronic check,False,True,5549.4,False,Yes,Fiber optic1Month-to-month,False,Male,True,Yes,Yes,0.7989036527496726
104.44878048780487,0,9822-WMWVG,False,Yes,True,Fiber optic,106.5,41,True,True,Month-to-month,Electronic check,True,False,4282.4,False,Yes,Fiber optic0Month-to-month,True,Female,True,No,Yes,0.6389485234891988
105.71375,0,3858-XHYJO,True,Yes,False,Fiber optic,105.75,40,True,True,One year,Bank transfer (automatic),True,True,4228.55,False,Yes,Fiber optic0One year,False,Female,False,No,Yes,0.5663980694641664
77.30714285714285,0,6711-FLDFB,False,Yes,False,Fiber optic,74.9,7,False,False,Month-to-month,Electronic check,False,False,541.15,False,Yes,Fiber optic0Month-to-month,False,Female,True,Yes,Yes,0.8896732611262566
90.11176470588236,1,6818-WOBHJ,True,Yes,True,Fiber optic,89.6,68,False,False,Month-to-month,Bank transfer (automatic),False,True,6127.6,False,Yes,Fiber optic1Month-to-month,False,Female,True,Yes,Yes,0.5972818075714547
94.67954545454545,1,9809-IMGCQ,False,Yes,False,Fiber optic,96.7,22,False,True,Month-to-month,Electronic check,False,True,2082.95,False,Yes,Fiber optic1Month-to-month,False,Male,True,Yes,Yes,0.8248157830325159
82.37857142857142,0,5445-UTODQ,True,No,False,Fiber optic,81.1,7,False,True,Month-to-month,Electronic check,False,False,576.65,False,Yes,Fiber optic0Month-to-month,False,Female,True,Yes,Yes,0.8933508285185043
85.00625,0,5949-XIKAE,True,No,True,Fiber optic,83.55,8,False,True,Month-to-month,Electronic check,False,False,680.05,True,Yes,Fiber optic0Month-to-month,False,Female,True,Yes,Yes,0.8552616281918275
82.7357142857143,0,5628-FCGYG,False,Yes,False,Fiber optic,84.1,21,False,False,Month-to-month,Electronic check,False,True,1737.45,False,Yes,Fiber optic0Month-to-month,False,Male,True,No,Yes,0.766292144670669
94.36764705882354,0,5364-XYIRR,True,Yes,False,Fiber optic,94.65,51,False,True,Month-to-month,Electronic check,False,True,4812.75,False,Yes,Fiber optic0Month-to-month,False,Male,True,Yes,Yes,0.6626828876137438
34.88953488372093,1,5730-RIITO,False,No phone service,True,DSL,33.45,43,False,False,Month-to-month,Credit card (automatic),True,False,1500.25,False,No,DSL1Month-to-month,False,Female,True,No,Yes,0.7816147898588713
87.57333333333332,1,6267-DCFFZ,True,Yes,True,Fiber optic,90.05,30,False,True,Month-to-month,Electronic check,False,False,2627.2,False,Yes,Fiber optic1Month-to-month,False,Female,True,No,Yes,0.6795480243310363
45.69375,0,0587-DMGBH,False,No,False,DSL,49.85,8,False,False,Month-to-month,Electronic check,True,False,365.55,False,Yes,DSL0Month-to-month,False,Female,True,Yes,Yes,0.685211108670755
75.34390243902439,0,8728-SKJLR,False,No,False,Fiber optic,74.25,41,False,False,Month-to-month,Electronic check,False,False,3089.1,False,Yes,Fiber optic0Month-to-month,True,Male,True,No,Yes,0.5722669369100483
90.55,0,1731-TVIUK,False,Yes,True,Fiber optic,93.5,4,False,False,Month-to-month,Electronic check,False,True,362.2,False,Yes,Fiber optic0Month-to-month,True,Female,True,Yes,Yes,0.8818898844926888
75.35,0,1746-TGTWV,True,No,False,Fiber optic,75.35,1,True,False,Month-to-month,Credit card (automatic),False,False,75.35,False,Yes,Fiber optic0Month-to-month,False,Male,False,No,Yes,0.8416784065789467
20.3,0,7814-LEEVE,True,No,False,No,20.3,1,False,False,Month-to-month,Bank transfer (automatic),False,False,20.3,False,Yes,No0Month-to-month,False,Female,True,No,Yes,0.6578563965539478
71.91,0,7978-DKUQH,True,No,False,Fiber optic,74.6,25,True,False,Month-to-month,Electronic check,False,False,1797.75,False,Yes,Fiber optic0Month-to-month,False,Female,True,No,Yes,0.6806375040724164
19.1,0,6121-VZNQB,False,No,False,No,19.1,1,False,False,Month-to-month,Mailed check,False,False,19.1,False,Yes,No0Month-to-month,False,Female,True,Yes,Yes,0.632888610367271
20.05,0,3030-ZKIWL,False,No,False,No,20.05,1,False,False,Month-to-month,Mailed check,False,False,20.05,False,Yes,No0Month-to-month,False,Male,False,No,Yes,0.5463651125465657
78.075,0,6496-JDSSB,False,No,False,Fiber optic,80.0,8,False,True,Month-to-month,Bank transfer (automatic),False,False,624.6,False,Yes,Fiber optic0Month-to-month,False,Female,True,No,Yes,0.8287135507788943
67.48846153846154,0,6253-WRFHY,True,No,False,DSL,64.75,13,False,True,One year,Electronic check,False,True,877.35,True,Yes,DSL0One year,False,Male,True,No,Yes,0.5839743366580415
110.60731707317072,1,2403-BCASL,True,Yes,True,Fiber optic,111.95,41,True,True,One year,Electronic check,False,True,4534.9,True,Yes,Fiber optic1One year,True,Male,True,Yes,Yes,0.9052064060409896
102.44375,0,6326-MTTXK,False,Yes,True,Fiber optic,100.85,8,False,True,Month-to-month,Electronic check,False,True,819.55,False,Yes,Fiber optic0Month-to-month,False,Male,False,Yes,Yes,0.9031587070098761
20.25,0,0670-KDOMA,False,No,False,No,20.25,1,False,False,Month-to-month,Mailed check,False,False,20.25,False,Yes,No0Month-to-month,False,Female,True,No,Yes,0.6031410619955062
83.1125,0,2951-QOQTK,False,Yes,False,Fiber optic,80.8,4,False,False,Month-to-month,Credit card (automatic),False,False,332.45,True,Yes,Fiber optic0Month-to-month,True,Male,False,Yes,Yes,0.7352269759053408
83.90454545454546,0,0578-SKVMF,True,No,True,Fiber optic,83.3,22,False,False,Month-to-month,Electronic check,False,True,1845.9,True,Yes,Fiber optic0Month-to-month,False,Female,False,Yes,Yes,0.5585723039083654
82.49166666666666,0,5760-FXFVO,False,No,True,Fiber optic,78.95,6,False,False,Month-to-month,Electronic check,True,False,494.95,False,Yes,Fiber optic0Month-to-month,False,Male,True,No,Yes,0.7554622103710681
88.35,0,3722-WPXTK,False,No,False,Fiber optic,88.35,1,False,True,Month-to-month,Electronic check,False,True,88.35,False,Yes,Fiber optic0Month-to-month,False,Male,True,Yes,Yes,0.9492179444691912
99.65833333333335,0,2430-USGXP,True,Yes,False,Fiber optic,101.05,24,True,True,Month-to-month,Electronic check,False,True,2391.8,False,Yes,Fiber optic0Month-to-month,False,Male,True,Yes,Yes,0.8654102723871275
105.50526315789473,1,2439-LYPMQ,True,Yes,True,Fiber optic,102.6,38,True,True,Month-to-month,Electronic check,False,True,4009.2,False,Yes,Fiber optic1Month-to-month,False,Male,True,No,Yes,0.872782614616166
51.03125,0,5780-INQIK,False,No,False,DSL,49.4,8,False,False,Month-to-month,Electronic check,False,False,408.25,False,Yes,DSL0Month-to-month,True,Female,False,No,Yes,0.5532467979973852
92.075,0,6645-MXQJT,True,No,False,Fiber optic,97.1,2,False,True,Month-to-month,Electronic check,True,True,184.15,True,Yes,Fiber optic0Month-to-month,False,Male,False,No,Yes,0.8746343826253096
85.1171875,0,5651-YLPRD,True,No,True,Fiber optic,86.1,32,False,True,Month-to-month,Electronic check,False,False,2723.75,True,Yes,Fiber optic0Month-to-month,False,Female,True,No,Yes,0.63974031763871
19.5,0,5906-BFOZT,False,No,False,No,19.5,1,False,False,Month-to-month,Mailed check,False,False,19.5,False,Yes,No0Month-to-month,False,Male,True,No,Yes,0.601244453882937
79.21875,0,0585-EGDDA,True,No,True,Fiber optic,80.0,40,True,False,Month-to-month,Electronic check,False,False,3168.75,False,Yes,Fiber optic0Month-to-month,False,Male,True,No,Yes,0.6184506585596652
101.74880952380951,0,1723-HKXJQ,False,Yes,True,Fiber optic,101.75,42,False,True,Month-to-month,Electronic check,False,True,4273.45,False,Yes,Fiber optic0Month-to-month,False,Male,True,Yes,Yes,0.7983750667280624
66.43333333333334,0,8270-RKSAP,False,No,False,Fiber optic,70.5,9,False,False,Month-to-month,Electronic check,False,False,597.9,False,Yes,Fiber optic0Month-to-month,False,Male,True,No,Yes,0.7650619054821725
68.73275862068965,0,3002-WQZWT,False,Yes,False,Fiber optic,74.2,29,False,False,Month-to-month,Electronic check,False,False,1993.25,False,Yes,Fiber optic0Month-to-month,False,Female,True,No,Yes,0.7283612587617777
95.71499999999999,0,0407-BDJKB,True,Yes,True,Fiber optic,95.75,60,True,True,Month-to-month,Electronic check,False,False,5742.9,False,Yes,Fiber optic0Month-to-month,False,Male,True,Yes,Yes,0.6303684616234004
88.62142857142858,0,9451-LPGOO,False,Yes,False,Fiber optic,86.8,7,False,False,Month-to-month,Electronic check,False,True,620.35,False,Yes,Fiber optic0Month-to-month,False,Male,True,Yes,Yes,0.8805633114351384
90.77166666666668,0,4811-JBUVU,False,Yes,False,Fiber optic,89.9,30,False,False,Month-to-month,Credit card (automatic),False,True,2723.15,False,Yes,Fiber optic0Month-to-month,True,Male,True,No,Yes,0.5119497598782347
82.44090909090909,1,4706-AXVKM,False,Yes,False,Fiber optic,84.8,11,False,False,Month-to-month,Credit card (automatic),False,True,906.85,False,Yes,Fiber optic1Month-to-month,False,Female,True,Yes,Yes,0.8897320522791211
83.88305084745764,0,7346-MEDWM,False,Yes,True,Fiber optic,83.25,59,True,False,Month-to-month,Electronic check,False,False,4949.1,False,Yes,Fiber optic0Month-to-month,False,Female,True,No,Yes,0.5609221825100418
79.45,0,8544-GOQSH,False,No,True,Fiber optic,80.05,14,False,False,Month-to-month,Credit card (automatic),False,False,1112.3,False,Yes,Fiber optic0Month-to-month,True,Female,True,No,Yes,0.5911907735735068
49.55,1,2722-JMONI,True,No,False,DSL,49.55,1,False,False,Month-to-month,Electronic check,True,False,49.55,False,Yes,DSL1Month-to-month,False,Female,True,Yes,Yes,0.8540910602537979
101.54583333333333,1,3902-FOIGH,True,Yes,True,Fiber optic,101.35,12,False,True,Month-to-month,Electronic check,False,True,1218.55,False,Yes,Fiber optic1Month-to-month,False,Male,True,Yes,Yes,0.9318668717781781
77.79285714285713,0,0927-LCSMG,False,No,False,Fiber optic,74.65,7,True,False,Month-to-month,Mailed check,False,False,544.55,False,Yes,Fiber optic0Month-to-month,False,Male,False,Yes,Yes,0.6561163842883706
74.13636363636364,0,4503-BDXBD,False,No,True,Fiber optic,74.95,11,False,False,Month-to-month,Electronic check,False,False,815.5,False,Yes,Fiber optic0Month-to-month,False,Male,False,Yes,Yes,0.6606911101396112
79.63846153846154,0,8436-BJUMM,True,Yes,False,Fiber optic,83.75,26,False,True,Month-to-month,Electronic check,False,False,2070.6,True,Yes,Fiber optic0Month-to-month,False,Male,True,Yes,Yes,0.7564867707441002
53.81666666666666,0,7404-JLKQG,False,No,False,DSL,57.55,3,True,True,Month-to-month,Electronic check,False,False,161.45,False,Yes,DSL0Month-to-month,False,Female,False,No,Yes,0.7248833169860807
42.95,1,9708-HPXWZ,False,No phone service,False,DSL,45.4,5,True,True,Month-to-month,Credit card (automatic),False,False,214.75,False,No,DSL1Month-to-month,True,Male,False,No,Yes,0.824341159157129
95.82027027027027,0,0402-CQAJN,False,Yes,True,Fiber optic,101.9,37,True,True,Month-to-month,Bank transfer (automatic),False,True,3545.35,False,Yes,Fiber optic0Month-to-month,False,Female,True,Yes,Yes,0.7874126273701071
87.09285714285714,1,2123-AGEEN,False,No,False,Fiber optic,84.35,7,True,True,Month-to-month,Electronic check,False,False,609.65,False,Yes,Fiber optic1Month-to-month,False,Female,True,No,Yes,0.8555119464541815
44.75,0,0322-CHQRU,False,No,False,DSL,45.35,2,False,False,Month-to-month,Electronic check,False,False,89.5,False,Yes,DSL0Month-to-month,False,Male,False,Yes,Yes,0.7339492260585547
18.85,0,9318-NKNFC,False,No,False,No,18.85,1,False,False,Month-to-month,Mailed check,False,False,18.85,False,Yes,No0Month-to-month,False,Male,True,Yes,Yes,0.6145411790110207
73.8736111111111,1,4948-WBBKL,False,Yes,False,Fiber optic,74.9,36,False,False,Month-to-month,Bank transfer (automatic),False,False,2659.45,False,Yes,Fiber optic1Month-to-month,False,Female,True,No,Yes,0.6992526308553131
26.21,1,6235-VDHOM,False,No phone service,True,DSL,28.45,5,False,False,Month-to-month,Electronic check,False,False,131.05,False,No,DSL1Month-to-month,False,Female,False,Yes,Yes,0.8613498082547806
52.8,1,4680-KUTAJ,False,Yes,False,DSL,55.6,11,False,False,Month-to-month,Electronic check,True,False,580.8,False,Yes,DSL1Month-to-month,False,Female,True,No,Yes,0.5682716310822624
102.97459016393442,0,4446-BZKHU,True,Yes,True,Fiber optic,105.55,61,True,True,Month-to-month,Electronic check,False,True,6281.45,False,Yes,Fiber optic0Month-to-month,False,Male,True,Yes,Yes,0.7274047436291012
49.2375,0,8229-TNIQA,False,No,False,DSL,45.3,4,False,False,Month-to-month,Mailed check,False,False,196.95,False,Yes,DSL0Month-to-month,False,Female,True,Yes,Yes,0.6110685786421228
53.050000000000004,0,8806-EAGWC,False,No,False,DSL,55.15,3,False,True,Month-to-month,Mailed check,False,False,159.15,False,Yes,DSL0Month-to-month,False,Male,False,Yes,Yes,0.6116415990327284
74.55714285714285,1,6646-JPPHA,False,No,True,Fiber optic,78.85,14,False,False,Month-to-month,Electronic check,True,False,1043.8,False,Yes,Fiber optic1Month-to-month,False,Female,False,No,Yes,0.6431742866284782
83.4,0,2919-HBCJO,False,No,True,Fiber optic,76.65,4,False,False,Month-to-month,Bank transfer (automatic),False,False,333.6,False,Yes,Fiber optic0Month-to-month,False,Female,True,Yes,Yes,0.8371617878175049
77.92,0,9095-HFAFX,False,No,False,Fiber optic,81.0,5,False,True,Month-to-month,Credit card (automatic),False,False,389.6,False,Yes,Fiber optic0Month-to-month,False,Female,True,Yes,Yes,0.8690972033476745
96.9,0,3006-XIMLN,False,Yes,False,Fiber optic,94.2,2,False,True,Month-to-month,Bank transfer (automatic),False,True,193.8,True,Yes,Fiber optic0Month-to-month,False,Female,True,Yes,Yes,0.9542757076437911
45.2,1,4706-DGAHW,False,No,False,DSL,45.2,1,False,False,Month-to-month,Electronic check,False,False,45.2,False,Yes,DSL1Month-to-month,False,Male,False,No,Yes,0.9061761638658318
52.46785714285714,0,3982-XWFZQ,True,Yes,False,DSL,50.25,42,False,False,Month-to-month,Electronic check,False,False,2203.65,False,Yes,DSL0Month-to-month,False,Female,True,Yes,Yes,0.5690936904651854
71.55,0,3074-GQWYX,False,Yes,False,Fiber optic,75.9,5,False,False,Month-to-month,Bank transfer (automatic),False,False,357.75,False,Yes,Fiber optic0Month-to-month,False,Male,True,Yes,Yes,0.8530919869928834
